260721 01:35:47 mysqld_safe Starting mariadbd daemon with databases from /config/databases
2026-07-21  1:35:47 0 [Note] Starting MariaDB 11.4.5-MariaDB-log source revision 0771110266ff5c04216af4bf1243c65f8c67ccf4 server_uid /EXbUlz6663F+dn52Je+stN5BEs= as process 496
2026-07-21  1:35:47 0 [Note] InnoDB: Compressed tables use zlib 1.3.1
2026-07-21  1:35:47 0 [Note] InnoDB: Number of transaction pools: 1
2026-07-21  1:35:47 0 [Note] InnoDB: Using ARMv8 crc32 + pmull instructions
2026-07-21  1:35:47 0 [Note] InnoDB: Using Linux native AIO
2026-07-21  1:35:47 0 [Note] InnoDB: Initializing buffer pool, total size = 256.000MiB, chunk size = 4.000MiB
2026-07-21  1:35:47 0 [Note] InnoDB: Completed initialization of buffer pool
2026-07-21  1:35:47 0 [Note] InnoDB: File system buffers for log disabled (block size=512 bytes)
2026-07-21  1:35:47 0 [Note] InnoDB: End of log at LSN=47763
2026-07-21  1:35:47 0 [Note] InnoDB: Opened 3 undo tablespaces
2026-07-21  1:35:47 0 [Note] InnoDB: 128 rollback segments in 3 undo tablespaces are active.
2026-07-21  1:35:47 0 [Note] InnoDB: Setting file './ibtmp1' size to 12.000MiB. Physically writing the file full; Please wait ...
2026-07-21  1:35:47 0 [Note] InnoDB: File './ibtmp1' size is now 12.000MiB.
2026-07-21  1:35:47 0 [Note] InnoDB: log sequence number 47763; transaction id 14
2026-07-21  1:35:47 0 [Note] InnoDB: Loading buffer pool(s) from /config/databases/ib_buffer_pool
2026-07-21  1:35:47 0 [Note] Plugin 'FEEDBACK' is disabled.
2026-07-21  1:35:47 0 [Note] Plugin 'wsrep-provider' is disabled.
2026-07-21  1:35:47 0 [Note] InnoDB: Buffer pool(s) load completed at 260721  1:35:47
2026-07-21  1:35:51 0 [Note] Server socket created on IP: '0.0.0.0'.
2026-07-21  1:35:51 0 [Note] Server socket created on IP: '::'.
2026-07-21  1:35:51 0 [Note] mariadbd: Event Scheduler: Loaded 0 events
2026-07-21  1:35:51 0 [Note] /usr/bin/mariadbd: ready for connections.
Version: '11.4.5-MariaDB-log'  socket: '/run/mysqld/mysqld.sock'  port: 3306  Alpine Linux
2026-07-21  1:35:52 4 [Warning] Aborted connection 4 to db: 'unconnected' user: 'unauthenticated' host: 'localhost' (This connection closed normally without authentication)
2026-07-21  1:35:52 6 [Warning] Access denied for user 'root'@'localhost' (using password: YES)
2026-07-21  1:44:20 117 [Warning] Aborted connection 117 to db: 'booklore' user: 'booklore' host: 'booklore.booklore_default' (Got an error reading communication packets)
2026-07-21  1:44:20 109 [Warning] Aborted connection 109 to db: 'booklore' user: 'booklore' host: 'booklore.booklore_default' (Got an error reading communication packets)
2026-07-21  1:44:20 105 [Warning] Aborted connection 105 to db: 'booklore' user: 'booklore' host: 'booklore.booklore_default' (Got an error reading communication packets)
2026-07-21  1:44:20 107 [Warning] Aborted connection 107 to db: 'booklore' user: 'booklore' host: 'booklore.booklore_default' (Got an error reading communication packets)
2026-07-21  1:44:20 111 [Warning] Aborted connection 111 to db: 'booklore' user: 'booklore' host: 'booklore.booklore_default' (Got an error reading communication packets)
2026-07-21  1:44:20 108 [Warning] Aborted connection 108 to db: 'booklore' user: 'booklore' host: 'booklore.booklore_default' (Got an error reading communication packets)
2026-07-21  1:44:20 106 [Warning] Aborted connection 106 to db: 'booklore' user: 'booklore' host: 'booklore.booklore_default' (Got an error reading communication packets)
2026-07-21  1:50:08 159 [Warning] Aborted connection 159 to db: 'booklore' user: 'booklore' host: 'booklore.booklore_default' (Got an error reading communication packets)
2026-07-21  1:50:08 160 [Warning] Aborted connection 160 to db: 'booklore' user: 'booklore' host: 'booklore.booklore_default' (Got an error reading communication packets)
2026-07-21  1:50:08 180 [Warning] Aborted connection 180 to db: 'booklore' user: 'booklore' host: 'booklore.booklore_default' (Got an error reading communication packets)
2026-07-21  1:50:08 152 [Warning] Aborted connection 152 to db: 'booklore' user: 'booklore' host: 'booklore.booklore_default' (Got an error reading communication packets)
2026-07-21  1:50:08 149 [Warning] Aborted connection 149 to db: 'booklore' user: 'booklore' host: 'booklore.booklore_default' (Got an error reading communication packets)
2026-07-21  1:50:08 150 [Warning] Aborted connection 150 to db: 'booklore' user: 'booklore' host: 'booklore.booklore_default' (Got an error reading communication packets)
2026-07-21  1:50:08 151 [Warning] Aborted connection 151 to db: 'booklore' user: 'booklore' host: 'booklore.booklore_default' (Got an error reading communication packets)
2026-07-21  1:50:08 148 [Warning] Aborted connection 148 to db: 'booklore' user: 'booklore' host: 'booklore.booklore_default' (Got an error reading communication packets)
2026-07-21  1:50:08 147 [Warning] Aborted connection 147 to db: 'booklore' user: 'booklore' host: 'booklore.booklore_default' (Got an error reading communication packets)
2026-07-21  1:50:46 218 [Warning] Aborted connection 218 to db: 'booklore' user: 'booklore' host: 'booklore.booklore_default' (Got an error reading communication packets)
2026-07-21  1:50:46 217 [Warning] Aborted connection 217 to db: 'booklore' user: 'booklore' host: 'booklore.booklore_default' (Got an error reading communication packets)
2026-07-21  1:50:46 213 [Warning] Aborted connection 213 to db: 'booklore' user: 'booklore' host: 'booklore.booklore_default' (Got an error reading communication packets)
2026-07-21  1:50:46 219 [Warning] Aborted connection 219 to db: 'booklore' user: 'booklore' host: 'booklore.booklore_default' (Got an error reading communication packets)
2026-07-21  1:50:46 216 [Warning] Aborted connection 216 to db: 'booklore' user: 'booklore' host: 'booklore.booklore_default' (Got an error reading communication packets)
2026-07-21  1:50:46 214 [Warning] Aborted connection 214 to db: 'booklore' user: 'booklore' host: 'booklore.booklore_default' (Got an error reading communication packets)
2026-07-21 18:17:19 12438 [Warning] Aborted connection 12438 to db: 'booklore' user: 'booklore' host: 'booklore.booklore_default' (Got an error reading communication packets)
2026-07-21 18:17:19 12372 [Warning] Aborted connection 12372 to db: 'booklore' user: 'booklore' host: 'booklore.booklore_default' (Got an error reading communication packets)
2026-07-21 18:17:19 12430 [Warning] Aborted connection 12430 to db: 'booklore' user: 'booklore' host: 'booklore.booklore_default' (Got an error reading communication packets)
2026-07-21 18:17:19 12397 [Warning] Aborted connection 12397 to db: 'booklore' user: 'booklore' host: 'booklore.booklore_default' (Got an error reading communication packets)
2026-07-21 18:17:19 12407 [Warning] Aborted connection 12407 to db: 'booklore' user: 'booklore' host: 'booklore.booklore_default' (Got an error reading communication packets)
2026-07-23 23:04:07 51470 [Warning] Access denied for user 'root'@'localhost' (using password: YES)
2026-07-23 23:04:34 51477 [Warning] Access denied for user 'root'@'localhost' (using password: YES)
2026-07-23 23:04:46 51480 [Warning] Access denied for user 'root'@'localhost' (using password: YES)
2026-07-24 13:53:30 62350 [Warning] Aborted connection 62350 to db: 'booklore' user: 'booklore' host: 'booklore.booklore_default' (Got an error reading communication packets)
2026-07-24 13:53:30 62346 [Warning] Aborted connection 62346 to db: 'booklore' user: 'booklore' host: 'booklore.booklore_default' (Got an error reading communication packets)
2026-07-24 13:53:30 62403 [Warning] Aborted connection 62403 to db: 'booklore' user: 'booklore' host: 'booklore.booklore_default' (Got an error reading communication packets)
2026-07-24 13:53:30 62427 [Warning] Aborted connection 62427 to db: 'booklore' user: 'booklore' host: 'booklore.booklore_default' (Got an error reading communication packets)
2026-07-24 13:53:30 62373 [Warning] Aborted connection 62373 to db: 'booklore' user: 'booklore' host: 'booklore.booklore_default' (Got an error reading communication packets)
2026-07-24 16:04:45 64050 [Warning] Aborted connection 64050 to db: 'booklore' user: 'booklore' host: 'booklore.booklore_default' (Got an error reading communication packets)
2026-07-24 16:04:45 64053 [Warning] Aborted connection 64053 to db: 'booklore' user: 'booklore' host: 'booklore.booklore_default' (Got an error reading communication packets)
2026-07-24 16:04:45 64045 [Warning] Aborted connection 64045 to db: 'booklore' user: 'booklore' host: 'booklore.booklore_default' (Got an error reading communication packets)
2026-07-24 16:04:45 64048 [Warning] Aborted connection 64048 to db: 'booklore' user: 'booklore' host: 'booklore.booklore_default' (Got an error reading communication packets)
2026-07-24 16:04:45 64049 [Warning] Aborted connection 64049 to db: 'booklore' user: 'booklore' host: 'booklore.booklore_default' (Got an error reading communication packets)
2026-07-24 16:04:45 64047 [Warning] Aborted connection 64047 to db: 'booklore' user: 'booklore' host: 'booklore.booklore_default' (Got an error reading communication packets)
2026-07-24 16:04:45 64040 [Warning] Aborted connection 64040 to db: 'booklore' user: 'booklore' host: 'booklore.booklore_default' (Got an error reading communication packets)
2026-07-24 16:04:45 64041 [Warning] Aborted connection 64041 to db: 'booklore' user: 'booklore' host: 'booklore.booklore_default' (Got an error reading communication packets)
2026-07-24 16:04:45 64039 [Warning] Aborted connection 64039 to db: 'booklore' user: 'booklore' host: 'booklore.booklore_default' (Got an error reading communication packets)
2026-07-24 16:04:45 64038 [Warning] Aborted connection 64038 to db: 'booklore' user: 'booklore' host: 'booklore.booklore_default' (Got an error reading communication packets)
2026-07-24 16:04:45 64037 [Warning] Aborted connection 64037 to db: 'booklore' user: 'booklore' host: 'booklore.booklore_default' (Got an error reading communication packets)
2026-07-24 16:05:28 64084 [Warning] Aborted connection 64084 to db: 'booklore' user: 'booklore' host: 'booklore.booklore_default' (Got an error reading communication packets)
2026-07-24 16:05:28 64079 [Warning] Aborted connection 64079 to db: 'booklore' user: 'booklore' host: 'booklore.booklore_default' (Got an error reading communication packets)
2026-07-24 16:05:28 64080 [Warning] Aborted connection 64080 to db: 'booklore' user: 'booklore' host: 'booklore.booklore_default' (Got an error reading communication packets)
2026-07-24 16:05:28 64083 [Warning] Aborted connection 64083 to db: 'booklore' user: 'booklore' host: 'booklore.booklore_default' (Got an error reading communication packets)
2026-07-24 16:05:28 64082 [Warning] Aborted connection 64082 to db: 'booklore' user: 'booklore' host: 'booklore.booklore_default' (Got an error reading communication packets)
2026-07-24 16:05:28 64081 [Warning] Aborted connection 64081 to db: 'booklore' user: 'booklore' host: 'booklore.booklore_default' (Got an error reading communication packets)
2026-07-24 16:09:24 64133 [Warning] Aborted connection 64133 to db: 'booklore' user: 'booklore' host: 'booklore.booklore_default' (Got an error reading communication packets)
2026-07-24 16:09:24 64114 [Warning] Aborted connection 64114 to db: 'booklore' user: 'booklore' host: 'booklore.booklore_default' (Got an error reading communication packets)
2026-07-24 16:09:24 64106 [Warning] Aborted connection 64106 to db: 'booklore' user: 'booklore' host: 'booklore.booklore_default' (Got an error reading communication packets)
2026-07-24 16:09:24 64104 [Warning] Aborted connection 64104 to db: 'booklore' user: 'booklore' host: 'booklore.booklore_default' (Got an error reading communication packets)
2026-07-24 16:09:24 64105 [Warning] Aborted connection 64105 to db: 'booklore' user: 'booklore' host: 'booklore.booklore_default' (Got an error reading communication packets)
2026-07-24 16:09:24 64097 [Warning] Aborted connection 64097 to db: 'booklore' user: 'booklore' host: 'booklore.booklore_default' (Got an error reading communication packets)
2026-07-24 16:09:24 64094 [Warning] Aborted connection 64094 to db: 'booklore' user: 'booklore' host: 'booklore.booklore_default' (Got an error reading communication packets)
2026-07-24 16:09:24 64095 [Warning] Aborted connection 64095 to db: 'booklore' user: 'booklore' host: 'booklore.booklore_default' (Got an error reading communication packets)
2026-07-24 16:09:24 64096 [Warning] Aborted connection 64096 to db: 'booklore' user: 'booklore' host: 'booklore.booklore_default' (Got an error reading communication packets)
2026-07-24 16:09:24 64093 [Warning] Aborted connection 64093 to db: 'booklore' user: 'booklore' host: 'booklore.booklore_default' (Got an error reading communication packets)
2026-07-24 16:09:24 64092 [Warning] Aborted connection 64092 to db: 'booklore' user: 'booklore' host: 'booklore.booklore_default' (Got an error reading communication packets)
2026-07-24 16:13:59 64182 [Warning] Aborted connection 64182 to db: 'booklore' user: 'booklore' host: 'booklore.booklore_default' (Got an error reading communication packets)
2026-07-24 16:13:59 64169 [Warning] Aborted connection 64169 to db: 'booklore' user: 'booklore' host: 'booklore.booklore_default' (Got an error reading communication packets)
2026-07-24 16:13:59 64168 [Warning] Aborted connection 64168 to db: 'booklore' user: 'booklore' host: 'booklore.booklore_default' (Got an error reading communication packets)
2026-07-24 16:13:59 64167 [Warning] Aborted connection 64167 to db: 'booklore' user: 'booklore' host: 'booklore.booklore_default' (Got an error reading communication packets)
2026-07-24 16:13:59 64153 [Warning] Aborted connection 64153 to db: 'booklore' user: 'booklore' host: 'booklore.booklore_default' (Got an error reading communication packets)
2026-07-24 16:13:59 64152 [Warning] Aborted connection 64152 to db: 'booklore' user: 'booklore' host: 'booklore.booklore_default' (Got an error reading communication packets)
2026-07-24 16:13:59 64150 [Warning] Aborted connection 64150 to db: 'booklore' user: 'booklore' host: 'booklore.booklore_default' (Got an error reading communication packets)
2026-07-24 16:13:59 64149 [Warning] Aborted connection 64149 to db: 'booklore' user: 'booklore' host: 'booklore.booklore_default' (Got an error reading communication packets)
2026-07-24 16:13:59 64154 [Warning] Aborted connection 64154 to db: 'booklore' user: 'booklore' host: 'booklore.booklore_default' (Got an error reading communication packets)
2026-07-24 16:13:59 64151 [Warning] Aborted connection 64151 to db: 'booklore' user: 'booklore' host: 'booklore.booklore_default' (Got an error reading communication packets)
2026-07-26 17:35:53 100714 [Warning] Aborted connection 100714 to db: 'booklore' user: 'booklore' host: 'booklore.booklore_default' (Got an error reading communication packets)
2026-07-26 17:35:53 100715 [Warning] Aborted connection 100715 to db: 'booklore' user: 'booklore' host: 'booklore.booklore_default' (Got an error reading communication packets)
2026-07-26 17:35:53 100701 [Warning] Aborted connection 100701 to db: 'booklore' user: 'booklore' host: 'booklore.booklore_default' (Got an error reading communication packets)
2026-07-26 17:35:53 100699 [Warning] Aborted connection 100699 to db: 'booklore' user: 'booklore' host: 'booklore.booklore_default' (Got an error reading communication packets)
2026-07-26 17:35:53 100692 [Warning] Aborted connection 100692 to db: 'booklore' user: 'booklore' host: 'booklore.booklore_default' (Got an error reading communication packets)
2026-07-26 17:35:53 100709 [Warning] Aborted connection 100709 to db: 'booklore' user: 'booklore' host: 'booklore.booklore_default' (Got an error reading communication packets)
2026-07-26 17:36:32 100746 [Warning] Aborted connection 100746 to db: 'booklore' user: 'booklore' host: 'booklore.booklore_default' (Got an error reading communication packets)
2026-07-26 17:36:32 100743 [Warning] Aborted connection 100743 to db: 'booklore' user: 'booklore' host: 'booklore.booklore_default' (Got an error reading communication packets)
2026-07-26 17:36:32 100741 [Warning] Aborted connection 100741 to db: 'booklore' user: 'booklore' host: 'booklore.booklore_default' (Got an error reading communication packets)
2026-07-26 17:36:32 100744 [Warning] Aborted connection 100744 to db: 'booklore' user: 'booklore' host: 'booklore.booklore_default' (Got an error reading communication packets)
2026-07-26 17:36:32 100742 [Warning] Aborted connection 100742 to db: 'booklore' user: 'booklore' host: 'booklore.booklore_default' (Got an error reading communication packets)
2026-07-26 17:36:32 100745 [Warning] Aborted connection 100745 to db: 'booklore' user: 'booklore' host: 'booklore.booklore_default' (Got an error reading communication packets)
2026-07-26 17:37:11 100759 [Warning] Aborted connection 100759 to db: 'booklore' user: 'booklore' host: 'booklore.booklore_default' (Got an error reading communication packets)
2026-07-26 17:37:11 100760 [Warning] Aborted connection 100760 to db: 'booklore' user: 'booklore' host: 'booklore.booklore_default' (Got an error reading communication packets)
2026-07-26 17:37:11 100756 [Warning] Aborted connection 100756 to db: 'booklore' user: 'booklore' host: 'booklore.booklore_default' (Got an error reading communication packets)
2026-07-26 17:37:11 100755 [Warning] Aborted connection 100755 to db: 'booklore' user: 'booklore' host: 'booklore.booklore_default' (Got an error reading communication packets)
2026-07-26 17:37:11 100754 [Warning] Aborted connection 100754 to db: 'booklore' user: 'booklore' host: 'booklore.booklore_default' (Got an error reading communication packets)
2026-07-26 17:37:11 100758 [Warning] Aborted connection 100758 to db: 'booklore' user: 'booklore' host: 'booklore.booklore_default' (Got an error reading communication packets)
2026-07-26 17:38:31 100774 [Warning] Aborted connection 100774 to db: 'booklore' user: 'booklore' host: 'booklore.booklore_default' (Got an error reading communication packets)
2026-07-26 17:38:31 100773 [Warning] Aborted connection 100773 to db: 'booklore' user: 'booklore' host: 'booklore.booklore_default' (Got an error reading communication packets)
2026-07-26 17:38:31 100772 [Warning] Aborted connection 100772 to db: 'booklore' user: 'booklore' host: 'booklore.booklore_default' (Got an error reading communication packets)
2026-07-26 17:38:31 100771 [Warning] Aborted connection 100771 to db: 'booklore' user: 'booklore' host: 'booklore.booklore_default' (Got an error reading communication packets)
2026-07-26 17:38:31 100770 [Warning] Aborted connection 100770 to db: 'booklore' user: 'booklore' host: 'booklore.booklore_default' (Got an error reading communication packets)
2026-07-26 17:38:31 100769 [Warning] Aborted connection 100769 to db: 'booklore' user: 'booklore' host: 'booklore.booklore_default' (Got an error reading communication packets)
2026-07-26 17:39:14 100795 [Warning] Aborted connection 100795 to db: 'booklore' user: 'booklore' host: 'booklore.booklore_default' (Got an error reading communication packets)
2026-07-26 17:39:14 100792 [Warning] Aborted connection 100792 to db: 'booklore' user: 'booklore' host: 'booklore.booklore_default' (Got an error reading communication packets)
2026-07-26 17:39:14 100791 [Warning] Aborted connection 100791 to db: 'booklore' user: 'booklore' host: 'booklore.booklore_default' (Got an error reading communication packets)
2026-07-26 17:39:14 100790 [Warning] Aborted connection 100790 to db: 'booklore' user: 'booklore' host: 'booklore.booklore_default' (Got an error reading communication packets)
2026-07-26 17:39:14 100794 [Warning] Aborted connection 100794 to db: 'booklore' user: 'booklore' host: 'booklore.booklore_default' (Got an error reading communication packets)
2026-07-26 17:39:14 100793 [Warning] Aborted connection 100793 to db: 'booklore' user: 'booklore' host: 'booklore.booklore_default' (Got an error reading communication packets)
2026-07-26 17:39:54 100809 [Warning] Aborted connection 100809 to db: 'booklore' user: 'booklore' host: 'booklore.booklore_default' (Got an error reading communication packets)
2026-07-26 17:39:54 100807 [Warning] Aborted connection 100807 to db: 'booklore' user: 'booklore' host: 'booklore.booklore_default' (Got an error reading communication packets)
2026-07-26 17:39:54 100805 [Warning] Aborted connection 100805 to db: 'booklore' user: 'booklore' host: 'booklore.booklore_default' (Got an error reading communication packets)
2026-07-26 17:39:54 100804 [Warning] Aborted connection 100804 to db: 'booklore' user: 'booklore' host: 'booklore.booklore_default' (Got an error reading communication packets)
2026-07-26 17:39:54 100808 [Warning] Aborted connection 100808 to db: 'booklore' user: 'booklore' host: 'booklore.booklore_default' (Got an error reading communication packets)
2026-07-26 17:39:54 100806 [Warning] Aborted connection 100806 to db: 'booklore' user: 'booklore' host: 'booklore.booklore_default' (Got an error reading communication packets)
2026-07-26 17:40:32 100823 [Warning] Aborted connection 100823 to db: 'booklore' user: 'booklore' host: 'booklore.booklore_default' (Got an error reading communication packets)
2026-07-26 17:40:32 100821 [Warning] Aborted connection 100821 to db: 'booklore' user: 'booklore' host: 'booklore.booklore_default' (Got an error reading communication packets)
2026-07-26 17:40:32 100822 [Warning] Aborted connection 100822 to db: 'booklore' user: 'booklore' host: 'booklore.booklore_default' (Got an error reading communication packets)
2026-07-26 17:40:32 100820 [Warning] Aborted connection 100820 to db: 'booklore' user: 'booklore' host: 'booklore.booklore_default' (Got an error reading communication packets)
2026-07-26 17:40:32 100819 [Warning] Aborted connection 100819 to db: 'booklore' user: 'booklore' host: 'booklore.booklore_default' (Got an error reading communication packets)
2026-07-26 17:40:32 100818 [Warning] Aborted connection 100818 to db: 'booklore' user: 'booklore' host: 'booklore.booklore_default' (Got an error reading communication packets)
2026-07-26 17:42:02 100844 [Warning] Aborted connection 100844 to db: 'booklore' user: 'booklore' host: 'booklore.booklore_default' (Got an error reading communication packets)
2026-07-26 17:42:02 100835 [Warning] Aborted connection 100835 to db: 'booklore' user: 'booklore' host: 'booklore.booklore_default' (Got an error reading communication packets)
2026-07-26 17:42:02 100833 [Warning] Aborted connection 100833 to db: 'booklore' user: 'booklore' host: 'booklore.booklore_default' (Got an error reading communication packets)
2026-07-26 17:42:02 100832 [Warning] Aborted connection 100832 to db: 'booklore' user: 'booklore' host: 'booklore.booklore_default' (Got an error reading communication packets)
2026-07-26 17:42:02 100834 [Warning] Aborted connection 100834 to db: 'booklore' user: 'booklore' host: 'booklore.booklore_default' (Got an error reading communication packets)
2026-07-26 17:42:02 100831 [Warning] Aborted connection 100831 to db: 'booklore' user: 'booklore' host: 'booklore.booklore_default' (Got an error reading communication packets)
2026-07-26 17:42:02 100836 [Warning] Aborted connection 100836 to db: 'booklore' user: 'booklore' host: 'booklore.booklore_default' (Got an error reading communication packets)
2026-07-27  2:19:14 107220 [Warning] Aborted connection 107220 to db: 'booklore' user: 'booklore' host: 'booklore.booklore_default' (Got an error reading communication packets)
2026-07-27  2:19:14 107247 [Warning] Aborted connection 107247 to db: 'booklore' user: 'booklore' host: 'booklore.booklore_default' (Got an error reading communication packets)
2026-07-27  2:19:14 107239 [Warning] Aborted connection 107239 to db: 'booklore' user: 'booklore' host: 'booklore.booklore_default' (Got an error reading communication packets)
2026-07-27  2:19:14 107190 [Warning] Aborted connection 107190 to db: 'booklore' user: 'booklore' host: 'booklore.booklore_default' (Got an error reading communication packets)
2026-07-27  2:19:14 107214 [Warning] Aborted connection 107214 to db: 'booklore' user: 'booklore' host: 'booklore.booklore_default' (Got an error reading communication packets)
2026-07-27  2:20:23 107286 [Warning] Aborted connection 107286 to db: 'booklore' user: 'booklore' host: 'booklore.booklore_default' (Got an error reading communication packets)
2026-07-27  2:20:23 107291 [Warning] Aborted connection 107291 to db: 'booklore' user: 'booklore' host: 'booklore.booklore_default' (Got an error reading communication packets)
2026-07-27  2:20:23 107289 [Warning] Aborted connection 107289 to db: 'booklore' user: 'booklore' host: 'booklore.booklore_default' (Got an error reading communication packets)
2026-07-27  2:20:23 107290 [Warning] Aborted connection 107290 to db: 'booklore' user: 'booklore' host: 'booklore.booklore_default' (Got an error reading communication packets)
2026-07-27  2:20:23 107288 [Warning] Aborted connection 107288 to db: 'booklore' user: 'booklore' host: 'booklore.booklore_default' (Got an error reading communication packets)
2026-07-27  2:20:23 107287 [Warning] Aborted connection 107287 to db: 'booklore' user: 'booklore' host: 'booklore.booklore_default' (Got an error reading communication packets)
2026-07-27  2:21:25 107310 [Warning] Aborted connection 107310 to db: 'booklore' user: 'booklore' host: 'booklore.booklore_default' (Got an error reading communication packets)
2026-07-27  2:21:25 107308 [Warning] Aborted connection 107308 to db: 'booklore' user: 'booklore' host: 'booklore.booklore_default' (Got an error reading communication packets)
2026-07-27  2:21:25 107305 [Warning] Aborted connection 107305 to db: 'booklore' user: 'booklore' host: 'booklore.booklore_default' (Got an error reading communication packets)
2026-07-27  2:21:25 107306 [Warning] Aborted connection 107306 to db: 'booklore' user: 'booklore' host: 'booklore.booklore_default' (Got an error reading communication packets)
2026-07-27  2:21:25 107307 [Warning] Aborted connection 107307 to db: 'booklore' user: 'booklore' host: 'booklore.booklore_default' (Got an error reading communication packets)
2026-07-27  2:21:25 107309 [Warning] Aborted connection 107309 to db: 'booklore' user: 'booklore' host: 'booklore.booklore_default' (Got an error reading communication packets)
2026-07-27  2:22:06 107329 [Warning] Aborted connection 107329 to db: 'booklore' user: 'booklore' host: 'booklore.booklore_default' (Got an error reading communication packets)
2026-07-27  2:22:06 107327 [Warning] Aborted connection 107327 to db: 'booklore' user: 'booklore' host: 'booklore.booklore_default' (Got an error reading communication packets)
2026-07-27  2:22:06 107328 [Warning] Aborted connection 107328 to db: 'booklore' user: 'booklore' host: 'booklore.booklore_default' (Got an error reading communication packets)
2026-07-27  2:22:06 107326 [Warning] Aborted connection 107326 to db: 'booklore' user: 'booklore' host: 'booklore.booklore_default' (Got an error reading communication packets)
2026-07-27  2:22:06 107324 [Warning] Aborted connection 107324 to db: 'booklore' user: 'booklore' host: 'booklore.booklore_default' (Got an error reading communication packets)
2026-07-27  2:22:06 107325 [Warning] Aborted connection 107325 to db: 'booklore' user: 'booklore' host: 'booklore.booklore_default' (Got an error reading communication packets)
2026-07-27  2:23:13 107342 [Warning] Aborted connection 107342 to db: 'booklore' user: 'booklore' host: 'booklore.booklore_default' (Got an error reading communication packets)
2026-07-27  2:23:13 107345 [Warning] Aborted connection 107345 to db: 'booklore' user: 'booklore' host: 'booklore.booklore_default' (Got an error reading communication packets)
2026-07-27  2:23:13 107341 [Warning] Aborted connection 107341 to db: 'booklore' user: 'booklore' host: 'booklore.booklore_default' (Got an error reading communication packets)
2026-07-27  2:23:13 107344 [Warning] Aborted connection 107344 to db: 'booklore' user: 'booklore' host: 'booklore.booklore_default' (Got an error reading communication packets)
2026-07-27  2:23:13 107340 [Warning] Aborted connection 107340 to db: 'booklore' user: 'booklore' host: 'booklore.booklore_default' (Got an error reading communication packets)
2026-07-27  2:23:13 107343 [Warning] Aborted connection 107343 to db: 'booklore' user: 'booklore' host: 'booklore.booklore_default' (Got an error reading communication packets)
2026-07-27  2:23:57 107362 [Warning] Aborted connection 107362 to db: 'booklore' user: 'booklore' host: 'booklore.booklore_default' (Got an error reading communication packets)
2026-07-27  2:23:57 107359 [Warning] Aborted connection 107359 to db: 'booklore' user: 'booklore' host: 'booklore.booklore_default' (Got an error reading communication packets)
2026-07-27  2:23:57 107361 [Warning] Aborted connection 107361 to db: 'booklore' user: 'booklore' host: 'booklore.booklore_default' (Got an error reading communication packets)
2026-07-27  2:23:57 107360 [Warning] Aborted connection 107360 to db: 'booklore' user: 'booklore' host: 'booklore.booklore_default' (Got an error reading communication packets)
2026-07-27  2:23:57 107358 [Warning] Aborted connection 107358 to db: 'booklore' user: 'booklore' host: 'booklore.booklore_default' (Got an error reading communication packets)
2026-07-27  2:23:57 107357 [Warning] Aborted connection 107357 to db: 'booklore' user: 'booklore' host: 'booklore.booklore_default' (Got an error reading communication packets)
2026-07-27  2:25:02 107377 [Warning] Aborted connection 107377 to db: 'booklore' user: 'booklore' host: 'booklore.booklore_default' (Got an error reading communication packets)
2026-07-27  2:25:02 107375 [Warning] Aborted connection 107375 to db: 'booklore' user: 'booklore' host: 'booklore.booklore_default' (Got an error reading communication packets)
2026-07-27  2:25:02 107371 [Warning] Aborted connection 107371 to db: 'booklore' user: 'booklore' host: 'booklore.booklore_default' (Got an error reading communication packets)
2026-07-27  2:25:02 107373 [Warning] Aborted connection 107373 to db: 'booklore' user: 'booklore' host: 'booklore.booklore_default' (Got an error reading communication packets)
2026-07-27  2:25:02 107376 [Warning] Aborted connection 107376 to db: 'booklore' user: 'booklore' host: 'booklore.booklore_default' (Got an error reading communication packets)
2026-07-27  2:25:02 107374 [Warning] Aborted connection 107374 to db: 'booklore' user: 'booklore' host: 'booklore.booklore_default' (Got an error reading communication packets)
2026-07-29 17:46:51 154291 [Warning] Aborted connection 154291 to db: 'booklore' user: 'booklore' host: 'booklore.booklore_default' (Got an error reading communication packets)
2026-07-29 17:46:51 154305 [Warning] Aborted connection 154305 to db: 'booklore' user: 'booklore' host: 'booklore.booklore_default' (Got an error reading communication packets)
2026-07-29 17:46:51 154273 [Warning] Aborted connection 154273 to db: 'booklore' user: 'booklore' host: 'booklore.booklore_default' (Got an error reading communication packets)
2026-07-29 17:46:51 154254 [Warning] Aborted connection 154254 to db: 'booklore' user: 'booklore' host: 'booklore.booklore_default' (Got an error reading communication packets)
2026-07-29 17:46:51 154362 [Warning] Aborted connection 154362 to db: 'booklore' user: 'booklore' host: 'booklore.booklore_default' (Got an error reading communication packets)
260729 21:59:38 mysqld_safe Starting mariadbd daemon with databases from /config/databases
2026-07-29 21:59:38 0 [Note] Starting MariaDB 11.4.5-MariaDB-log source revision 0771110266ff5c04216af4bf1243c65f8c67ccf4 server_uid OPoOA8DJUZsghQN6WN88fU6iyqA= as process 428
2026-07-29 21:59:39 0 [Note] InnoDB: Compressed tables use zlib 1.3.1
2026-07-29 21:59:39 0 [Note] InnoDB: Number of transaction pools: 1
2026-07-29 21:59:39 0 [Note] InnoDB: Using ARMv8 crc32 + pmull instructions
2026-07-29 21:59:39 0 [Note] InnoDB: Using Linux native AIO
2026-07-29 21:59:39 0 [Note] InnoDB: Initializing buffer pool, total size = 256.000MiB, chunk size = 4.000MiB
2026-07-29 21:59:39 0 [Note] InnoDB: Completed initialization of buffer pool
2026-07-29 21:59:39 0 [Note] InnoDB: File system buffers for log disabled (block size=512 bytes)
2026-07-29 21:59:39 0 [Note] InnoDB: Starting crash recovery from checkpoint LSN=47747
2026-07-29 21:59:40 0 [Note] InnoDB: End of log at LSN=31535501
2026-07-29 21:59:40 0 [Note] InnoDB: To recover: 826 pages
2026-07-29 21:59:40 0 [Note] InnoDB: Last binlog file '/config/log/mysql/mariadb-bin.000001', position 34474745
2026-07-29 21:59:40 0 [Note] InnoDB: Opened 3 undo tablespaces
2026-07-29 21:59:40 0 [Note] InnoDB: 128 rollback segments in 3 undo tablespaces are active.
2026-07-29 21:59:40 0 [Note] InnoDB: Removed temporary tablespace data file: "./ibtmp1"
2026-07-29 21:59:40 0 [Note] InnoDB: Setting file './ibtmp1' size to 12.000MiB. Physically writing the file full; Please wait ...
2026-07-29 21:59:40 0 [Note] InnoDB: File './ibtmp1' size is now 12.000MiB.
2026-07-29 21:59:40 0 [Note] InnoDB: log sequence number 31535501; transaction id 16033
2026-07-29 21:59:40 0 [Note] Plugin 'FEEDBACK' is disabled.
2026-07-29 21:59:40 0 [Note] Plugin 'wsrep-provider' is disabled.
2026-07-29 21:59:40 0 [Note] InnoDB: Loading buffer pool(s) from /config/databases/ib_buffer_pool
2026-07-29 21:59:40 0 [Note] InnoDB: Buffer pool(s) load completed at 260729 21:59:40
2026-07-29 21:59:40 0 [Note] Recovering after a crash using /config/log/mysql/mariadb-bin
2026-07-29 21:59:40 0 [Note] Starting table crash recovery...
2026-07-29 21:59:40 0 [Note] Crash table recovery finished.
2026-07-30 12:45:06 0 [Note] Server socket created on IP: '0.0.0.0'.
2026-07-30 12:45:06 0 [Note] Server socket created on IP: '::'.
2026-07-30 12:45:06 0 [Note] mariadbd: Event Scheduler: Loaded 0 events
2026-07-30 12:45:06 0 [Note] /usr/bin/mariadbd: ready for connections.
Version: '11.4.5-MariaDB-log'  socket: '/run/mysqld/mysqld.sock'  port: 3306  Alpine Linux
2026-07-30 12:45:06 4 [Warning] Aborted connection 4 to db: 'unconnected' user: 'unauthenticated' host: 'localhost' (This connection closed normally without authentication)
2026-07-30 12:45:07 6 [Warning] Access denied for user 'root'@'localhost' (using password: YES)
2026-08-04  0:28:25 79566 [Warning] Aborted connection 79566 to db: 'booklore' user: 'booklore' host: 'booklore.booklore_default' (Got an error reading communication packets)
2026-08-04  0:28:25 79558 [Warning] Aborted connection 79558 to db: 'booklore' user: 'booklore' host: 'booklore.booklore_default' (Got an error reading communication packets)
2026-08-04  0:28:25 79542 [Warning] Aborted connection 79542 to db: 'booklore' user: 'booklore' host: 'booklore.booklore_default' (Got an error reading communication packets)
2026-08-04  0:28:25 79576 [Warning] Aborted connection 79576 to db: 'booklore' user: 'booklore' host: 'booklore.booklore_default' (Got an error reading communication packets)
2026-08-04  0:28:25 79621 [Warning] Aborted connection 79621 to db: 'booklore' user: 'booklore' host: 'booklore.booklore_default' (Got an error reading communication packets)
2026-08-06  0:21:15 115053 [Warning] Aborted connection 115053 to db: 'booklore' user: 'booklore' host: 'booklore.booklore_default' (Got an error reading communication packets)
2026-08-06  0:21:16 114980 [Warning] Aborted connection 114980 to db: 'booklore' user: 'booklore' host: 'booklore.booklore_default' (Got an error reading communication packets)
2026-08-06  0:21:16 114973 [Warning] Aborted connection 114973 to db: 'booklore' user: 'booklore' host: 'booklore.booklore_default' (Got an error reading communication packets)
2026-08-06  0:21:16 114969 [Warning] Aborted connection 114969 to db: 'booklore' user: 'booklore' host: 'booklore.booklore_default' (Got an error reading communication packets)
2026-08-06  0:21:16 114984 [Warning] Aborted connection 114984 to db: 'booklore' user: 'booklore' host: 'booklore.booklore_default' (Got an error reading communication packets)
2026-08-06  0:22:13 115069 [Warning] Aborted connection 115069 to db: 'booklore' user: 'booklore' host: 'booklore.booklore_default' (Got an error reading communication packets)
2026-08-06  0:22:13 115065 [Warning] Aborted connection 115065 to db: 'booklore' user: 'booklore' host: 'booklore.booklore_default' (Got an error reading communication packets)
2026-08-06  0:22:13 115064 [Warning] Aborted connection 115064 to db: 'booklore' user: 'booklore' host: 'booklore.booklore_default' (Got an error reading communication packets)
2026-08-06  0:22:13 115063 [Warning] Aborted connection 115063 to db: 'booklore' user: 'booklore' host: 'booklore.booklore_default' (Got an error reading communication packets)
2026-08-06  0:22:13 115067 [Warning] Aborted connection 115067 to db: 'booklore' user: 'booklore' host: 'booklore.booklore_default' (Got an error reading communication packets)
2026-08-06  0:22:13 115066 [Warning] Aborted connection 115066 to db: 'booklore' user: 'booklore' host: 'booklore.booklore_default' (Got an error reading communication packets)
2026-08-08 17:53:07 163514 [Warning] Aborted connection 163514 to db: 'booklore' user: 'booklore' host: 'booklore.booklore_default' (Got an error reading communication packets)
2026-08-08 17:53:07 163476 [Warning] Aborted connection 163476 to db: 'booklore' user: 'booklore' host: 'booklore.booklore_default' (Got an error reading communication packets)
2026-08-08 17:53:07 163518 [Warning] Aborted connection 163518 to db: 'booklore' user: 'booklore' host: 'booklore.booklore_default' (Got an error reading communication packets)
2026-08-08 17:53:07 163412 [Warning] Aborted connection 163412 to db: 'booklore' user: 'booklore' host: 'booklore.booklore_default' (Got an error reading communication packets)
2026-08-08 17:53:07 163520 [Warning] Aborted connection 163520 to db: 'booklore' user: 'booklore' host: 'booklore.booklore_default' (Got an error reading communication packets)
2026-08-08 17:53:45 163534 [Warning] Aborted connection 163534 to db: 'booklore' user: 'booklore' host: 'booklore.booklore_default' (Got an error reading communication packets)
2026-08-08 17:53:45 163533 [Warning] Aborted connection 163533 to db: 'booklore' user: 'booklore' host: 'booklore.booklore_default' (Got an error reading communication packets)
2026-08-08 17:53:45 163532 [Warning] Aborted connection 163532 to db: 'booklore' user: 'booklore' host: 'booklore.booklore_default' (Got an error reading communication packets)
2026-08-08 17:53:45 163531 [Warning] Aborted connection 163531 to db: 'booklore' user: 'booklore' host: 'booklore.booklore_default' (Got an error reading communication packets)
2026-08-08 17:53:45 163530 [Warning] Aborted connection 163530 to db: 'booklore' user: 'booklore' host: 'booklore.booklore_default' (Got an error reading communication packets)
2026-08-08 17:53:45 163529 [Warning] Aborted connection 163529 to db: 'booklore' user: 'booklore' host: 'booklore.booklore_default' (Got an error reading communication packets)
2026-08-08 17:54:47 163548 [Warning] Aborted connection 163548 to db: 'booklore' user: 'booklore' host: 'booklore.booklore_default' (Got an error reading communication packets)
2026-08-08 17:54:47 163547 [Warning] Aborted connection 163547 to db: 'booklore' user: 'booklore' host: 'booklore.booklore_default' (Got an error reading communication packets)
2026-08-08 17:54:47 163543 [Warning] Aborted connection 163543 to db: 'booklore' user: 'booklore' host: 'booklore.booklore_default' (Got an error reading communication packets)
2026-08-08 17:54:47 163546 [Warning] Aborted connection 163546 to db: 'booklore' user: 'booklore' host: 'booklore.booklore_default' (Got an error reading communication packets)
2026-08-08 17:54:47 163545 [Warning] Aborted connection 163545 to db: 'booklore' user: 'booklore' host: 'booklore.booklore_default' (Got an error reading communication packets)
2026-08-08 17:54:47 163544 [Warning] Aborted connection 163544 to db: 'booklore' user: 'booklore' host: 'booklore.booklore_default' (Got an error reading communication packets)
2026-08-08 17:55:27 163565 [Warning] Aborted connection 163565 to db: 'booklore' user: 'booklore' host: 'booklore.booklore_default' (Got an error reading communication packets)
2026-08-08 17:55:27 163563 [Warning] Aborted connection 163563 to db: 'booklore' user: 'booklore' host: 'booklore.booklore_default' (Got an error reading communication packets)
2026-08-08 17:55:27 163561 [Warning] Aborted connection 163561 to db: 'booklore' user: 'booklore' host: 'booklore.booklore_default' (Got an error reading communication packets)
2026-08-08 17:55:27 163560 [Warning] Aborted connection 163560 to db: 'booklore' user: 'booklore' host: 'booklore.booklore_default' (Got an error reading communication packets)
2026-08-08 17:55:27 163562 [Warning] Aborted connection 163562 to db: 'booklore' user: 'booklore' host: 'booklore.booklore_default' (Got an error reading communication packets)
2026-08-08 17:55:27 163564 [Warning] Aborted connection 163564 to db: 'booklore' user: 'booklore' host: 'booklore.booklore_default' (Got an error reading communication packets)
2026-08-08 17:56:04 163579 [Warning] Aborted connection 163579 to db: 'booklore' user: 'booklore' host: 'booklore.booklore_default' (Got an error reading communication packets)
2026-08-08 17:56:04 163575 [Warning] Aborted connection 163575 to db: 'booklore' user: 'booklore' host: 'booklore.booklore_default' (Got an error reading communication packets)
2026-08-08 17:56:04 163577 [Warning] Aborted connection 163577 to db: 'booklore' user: 'booklore' host: 'booklore.booklore_default' (Got an error reading communication packets)
2026-08-08 17:56:04 163578 [Warning] Aborted connection 163578 to db: 'booklore' user: 'booklore' host: 'booklore.booklore_default' (Got an error reading communication packets)
2026-08-08 17:56:04 163576 [Warning] Aborted connection 163576 to db: 'booklore' user: 'booklore' host: 'booklore.booklore_default' (Got an error reading communication packets)
2026-08-08 17:56:04 163574 [Warning] Aborted connection 163574 to db: 'booklore' user: 'booklore' host: 'booklore.booklore_default' (Got an error reading communication packets)
2026-08-08 17:56:46 163591 [Warning] Aborted connection 163591 to db: 'booklore' user: 'booklore' host: 'booklore.booklore_default' (Got an error reading communication packets)
2026-08-08 17:56:46 163592 [Warning] Aborted connection 163592 to db: 'booklore' user: 'booklore' host: 'booklore.booklore_default' (Got an error reading communication packets)
2026-08-08 17:56:46 163590 [Warning] Aborted connection 163590 to db: 'booklore' user: 'booklore' host: 'booklore.booklore_default' (Got an error reading communication packets)
2026-08-08 17:56:46 163588 [Warning] Aborted connection 163588 to db: 'booklore' user: 'booklore' host: 'booklore.booklore_default' (Got an error reading communication packets)
2026-08-08 17:56:46 163589 [Warning] Aborted connection 163589 to db: 'booklore' user: 'booklore' host: 'booklore.booklore_default' (Got an error reading communication packets)
2026-08-08 17:56:46 163587 [Warning] Aborted connection 163587 to db: 'booklore' user: 'booklore' host: 'booklore.booklore_default' (Got an error reading communication packets)
2026-08-08 17:57:37 163606 [Warning] Aborted connection 163606 to db: 'booklore' user: 'booklore' host: 'booklore.booklore_default' (Got an error reading communication packets)
2026-08-08 17:57:37 163605 [Warning] Aborted connection 163605 to db: 'booklore' user: 'booklore' host: 'booklore.booklore_default' (Got an error reading communication packets)
2026-08-08 17:57:37 163603 [Warning] Aborted connection 163603 to db: 'booklore' user: 'booklore' host: 'booklore.booklore_default' (Got an error reading communication packets)
2026-08-08 17:57:37 163604 [Warning] Aborted connection 163604 to db: 'booklore' user: 'booklore' host: 'booklore.booklore_default' (Got an error reading communication packets)
2026-08-08 17:57:37 163602 [Warning] Aborted connection 163602 to db: 'booklore' user: 'booklore' host: 'booklore.booklore_default' (Got an error reading communication packets)
2026-08-08 17:57:37 163601 [Warning] Aborted connection 163601 to db: 'booklore' user: 'booklore' host: 'booklore.booklore_default' (Got an error reading communication packets)
2026-08-08 17:58:34 163622 [Warning] Aborted connection 163622 to db: 'booklore' user: 'booklore' host: 'booklore.booklore_default' (Got an error reading communication packets)
2026-08-08 17:58:34 163620 [Warning] Aborted connection 163620 to db: 'booklore' user: 'booklore' host: 'booklore.booklore_default' (Got an error reading communication packets)
2026-08-08 17:58:34 163621 [Warning] Aborted connection 163621 to db: 'booklore' user: 'booklore' host: 'booklore.booklore_default' (Got an error reading communication packets)
2026-08-08 17:58:34 163619 [Warning] Aborted connection 163619 to db: 'booklore' user: 'booklore' host: 'booklore.booklore_default' (Got an error reading communication packets)
2026-08-08 17:58:34 163618 [Warning] Aborted connection 163618 to db: 'booklore' user: 'booklore' host: 'booklore.booklore_default' (Got an error reading communication packets)
2026-08-08 17:58:34 163617 [Warning] Aborted connection 163617 to db: 'booklore' user: 'booklore' host: 'booklore.booklore_default' (Got an error reading communication packets)
2026-08-08 17:59:46 163639 [Warning] Aborted connection 163639 to db: 'booklore' user: 'booklore' host: 'booklore.booklore_default' (Got an error reading communication packets)
2026-08-08 17:59:46 163637 [Warning] Aborted connection 163637 to db: 'booklore' user: 'booklore' host: 'booklore.booklore_default' (Got an error reading communication packets)
2026-08-08 17:59:46 163635 [Warning] Aborted connection 163635 to db: 'booklore' user: 'booklore' host: 'booklore.booklore_default' (Got an error reading communication packets)
2026-08-08 17:59:46 163636 [Warning] Aborted connection 163636 to db: 'booklore' user: 'booklore' host: 'booklore.booklore_default' (Got an error reading communication packets)
2026-08-08 17:59:46 163638 [Warning] Aborted connection 163638 to db: 'booklore' user: 'booklore' host: 'booklore.booklore_default' (Got an error reading communication packets)
2026-08-08 17:59:46 163634 [Warning] Aborted connection 163634 to db: 'booklore' user: 'booklore' host: 'booklore.booklore_default' (Got an error reading communication packets)
2026-08-08 18:00:36 163659 [Warning] Aborted connection 163659 to db: 'booklore' user: 'booklore' host: 'booklore.booklore_default' (Got an error reading communication packets)
2026-08-08 18:00:36 163658 [Warning] Aborted connection 163658 to db: 'booklore' user: 'booklore' host: 'booklore.booklore_default' (Got an error reading communication packets)
2026-08-08 18:00:36 163655 [Warning] Aborted connection 163655 to db: 'booklore' user: 'booklore' host: 'booklore.booklore_default' (Got an error reading communication packets)
2026-08-08 18:00:36 163656 [Warning] Aborted connection 163656 to db: 'booklore' user: 'booklore' host: 'booklore.booklore_default' (Got an error reading communication packets)
2026-08-08 18:00:36 163654 [Warning] Aborted connection 163654 to db: 'booklore' user: 'booklore' host: 'booklore.booklore_default' (Got an error reading communication packets)
2026-08-08 18:00:36 163657 [Warning] Aborted connection 163657 to db: 'booklore' user: 'booklore' host: 'booklore.booklore_default' (Got an error reading communication packets)
2026-08-08 18:01:16 163675 [Warning] Aborted connection 163675 to db: 'booklore' user: 'booklore' host: 'booklore.booklore_default' (Got an error reading communication packets)
2026-08-08 18:01:16 163674 [Warning] Aborted connection 163674 to db: 'booklore' user: 'booklore' host: 'booklore.booklore_default' (Got an error reading communication packets)
2026-08-08 18:01:16 163673 [Warning] Aborted connection 163673 to db: 'booklore' user: 'booklore' host: 'booklore.booklore_default' (Got an error reading communication packets)
2026-08-08 18:01:16 163672 [Warning] Aborted connection 163672 to db: 'booklore' user: 'booklore' host: 'booklore.booklore_default' (Got an error reading communication packets)
2026-08-08 18:01:16 163671 [Warning] Aborted connection 163671 to db: 'booklore' user: 'booklore' host: 'booklore.booklore_default' (Got an error reading communication packets)
2026-08-08 18:01:16 163670 [Warning] Aborted connection 163670 to db: 'booklore' user: 'booklore' host: 'booklore.booklore_default' (Got an error reading communication packets)
2026-08-08 18:02:07 163689 [Warning] Aborted connection 163689 to db: 'booklore' user: 'booklore' host: 'booklore.booklore_default' (Got an error reading communication packets)
2026-08-08 18:02:07 163687 [Warning] Aborted connection 163687 to db: 'booklore' user: 'booklore' host: 'booklore.booklore_default' (Got an error reading communication packets)
2026-08-08 18:02:07 163686 [Warning] Aborted connection 163686 to db: 'booklore' user: 'booklore' host: 'booklore.booklore_default' (Got an error reading communication packets)
2026-08-08 18:02:07 163685 [Warning] Aborted connection 163685 to db: 'booklore' user: 'booklore' host: 'booklore.booklore_default' (Got an error reading communication packets)
2026-08-08 18:02:07 163683 [Warning] Aborted connection 163683 to db: 'booklore' user: 'booklore' host: 'booklore.booklore_default' (Got an error reading communication packets)
2026-08-08 18:02:07 163688 [Warning] Aborted connection 163688 to db: 'booklore' user: 'booklore' host: 'booklore.booklore_default' (Got an error reading communication packets)
2026-08-08 18:02:47 163704 [Warning] Aborted connection 163704 to db: 'booklore' user: 'booklore' host: 'booklore.booklore_default' (Got an error reading communication packets)
2026-08-08 18:02:47 163703 [Warning] Aborted connection 163703 to db: 'booklore' user: 'booklore' host: 'booklore.booklore_default' (Got an error reading communication packets)
2026-08-08 18:02:47 163702 [Warning] Aborted connection 163702 to db: 'booklore' user: 'booklore' host: 'booklore.booklore_default' (Got an error reading communication packets)
2026-08-08 18:02:47 163701 [Warning] Aborted connection 163701 to db: 'booklore' user: 'booklore' host: 'booklore.booklore_default' (Got an error reading communication packets)
2026-08-08 18:02:47 163699 [Warning] Aborted connection 163699 to db: 'booklore' user: 'booklore' host: 'booklore.booklore_default' (Got an error reading communication packets)
2026-08-08 18:02:47 163700 [Warning] Aborted connection 163700 to db: 'booklore' user: 'booklore' host: 'booklore.booklore_default' (Got an error reading communication packets)
2026-08-08 18:03:31 163717 [Warning] Aborted connection 163717 to db: 'booklore' user: 'booklore' host: 'booklore.booklore_default' (Got an error reading communication packets)
2026-08-08 18:03:31 163716 [Warning] Aborted connection 163716 to db: 'booklore' user: 'booklore' host: 'booklore.booklore_default' (Got an error reading communication packets)
2026-08-08 18:03:31 163715 [Warning] Aborted connection 163715 to db: 'booklore' user: 'booklore' host: 'booklore.booklore_default' (Got an error reading communication packets)
2026-08-08 18:03:31 163718 [Warning] Aborted connection 163718 to db: 'booklore' user: 'booklore' host: 'booklore.booklore_default' (Got an error reading communication packets)
2026-08-08 18:03:31 163713 [Warning] Aborted connection 163713 to db: 'booklore' user: 'booklore' host: 'booklore.booklore_default' (Got an error reading communication packets)
2026-08-08 18:03:31 163714 [Warning] Aborted connection 163714 to db: 'booklore' user: 'booklore' host: 'booklore.booklore_default' (Got an error reading communication packets)
2026-08-08 18:04:15 163733 [Warning] Aborted connection 163733 to db: 'booklore' user: 'booklore' host: 'booklore.booklore_default' (Got an error reading communication packets)
2026-08-08 18:04:15 163731 [Warning] Aborted connection 163731 to db: 'booklore' user: 'booklore' host: 'booklore.booklore_default' (Got an error reading communication packets)
2026-08-08 18:04:15 163730 [Warning] Aborted connection 163730 to db: 'booklore' user: 'booklore' host: 'booklore.booklore_default' (Got an error reading communication packets)
2026-08-08 18:04:15 163732 [Warning] Aborted connection 163732 to db: 'booklore' user: 'booklore' host: 'booklore.booklore_default' (Got an error reading communication packets)
2026-08-08 18:04:15 163729 [Warning] Aborted connection 163729 to db: 'booklore' user: 'booklore' host: 'booklore.booklore_default' (Got an error reading communication packets)
2026-08-08 18:04:15 163727 [Warning] Aborted connection 163727 to db: 'booklore' user: 'booklore' host: 'booklore.booklore_default' (Got an error reading communication packets)
2026-08-08 18:05:02 163747 [Warning] Aborted connection 163747 to db: 'booklore' user: 'booklore' host: 'booklore.booklore_default' (Got an error reading communication packets)
2026-08-08 18:05:02 163746 [Warning] Aborted connection 163746 to db: 'booklore' user: 'booklore' host: 'booklore.booklore_default' (Got an error reading communication packets)
2026-08-08 18:05:02 163742 [Warning] Aborted connection 163742 to db: 'booklore' user: 'booklore' host: 'booklore.booklore_default' (Got an error reading communication packets)
2026-08-08 18:05:02 163745 [Warning] Aborted connection 163745 to db: 'booklore' user: 'booklore' host: 'booklore.booklore_default' (Got an error reading communication packets)
2026-08-08 18:05:02 163744 [Warning] Aborted connection 163744 to db: 'booklore' user: 'booklore' host: 'booklore.booklore_default' (Got an error reading communication packets)
2026-08-08 18:05:02 163743 [Warning] Aborted connection 163743 to db: 'booklore' user: 'booklore' host: 'booklore.booklore_default' (Got an error reading communication packets)
2026-08-08 18:05:57 163763 [Warning] Aborted connection 163763 to db: 'booklore' user: 'booklore' host: 'booklore.booklore_default' (Got an error reading communication packets)
2026-08-08 18:05:57 163761 [Warning] Aborted connection 163761 to db: 'booklore' user: 'booklore' host: 'booklore.booklore_default' (Got an error reading communication packets)
2026-08-08 18:05:57 163760 [Warning] Aborted connection 163760 to db: 'booklore' user: 'booklore' host: 'booklore.booklore_default' (Got an error reading communication packets)
2026-08-08 18:05:57 163762 [Warning] Aborted connection 163762 to db: 'booklore' user: 'booklore' host: 'booklore.booklore_default' (Got an error reading communication packets)
2026-08-08 18:05:57 163759 [Warning] Aborted connection 163759 to db: 'booklore' user: 'booklore' host: 'booklore.booklore_default' (Got an error reading communication packets)
2026-08-08 18:05:57 163758 [Warning] Aborted connection 163758 to db: 'booklore' user: 'booklore' host: 'booklore.booklore_default' (Got an error reading communication packets)
2026-08-08 18:06:36 163779 [Warning] Aborted connection 163779 to db: 'booklore' user: 'booklore' host: 'booklore.booklore_default' (Got an error reading communication packets)
2026-08-08 18:06:36 163778 [Warning] Aborted connection 163778 to db: 'booklore' user: 'booklore' host: 'booklore.booklore_default' (Got an error reading communication packets)
2026-08-08 18:06:36 163777 [Warning] Aborted connection 163777 to db: 'booklore' user: 'booklore' host: 'booklore.booklore_default' (Got an error reading communication packets)
2026-08-08 18:06:36 163775 [Warning] Aborted connection 163775 to db: 'booklore' user: 'booklore' host: 'booklore.booklore_default' (Got an error reading communication packets)
2026-08-08 18:06:36 163776 [Warning] Aborted connection 163776 to db: 'booklore' user: 'booklore' host: 'booklore.booklore_default' (Got an error reading communication packets)
2026-08-08 18:06:36 163774 [Warning] Aborted connection 163774 to db: 'booklore' user: 'booklore' host: 'booklore.booklore_default' (Got an error reading communication packets)
2026-08-08 18:07:24 163792 [Warning] Aborted connection 163792 to db: 'booklore' user: 'booklore' host: 'booklore.booklore_default' (Got an error reading communication packets)
2026-08-08 18:07:24 163791 [Warning] Aborted connection 163791 to db: 'booklore' user: 'booklore' host: 'booklore.booklore_default' (Got an error reading communication packets)
2026-08-08 18:07:24 163790 [Warning] Aborted connection 163790 to db: 'booklore' user: 'booklore' host: 'booklore.booklore_default' (Got an error reading communication packets)
2026-08-08 18:07:24 163788 [Warning] Aborted connection 163788 to db: 'booklore' user: 'booklore' host: 'booklore.booklore_default' (Got an error reading communication packets)
2026-08-08 18:07:24 163787 [Warning] Aborted connection 163787 to db: 'booklore' user: 'booklore' host: 'booklore.booklore_default' (Got an error reading communication packets)
2026-08-08 18:07:24 163789 [Warning] Aborted connection 163789 to db: 'booklore' user: 'booklore' host: 'booklore.booklore_default' (Got an error reading communication packets)
2026-08-08 18:08:31 163809 [Warning] Aborted connection 163809 to db: 'booklore' user: 'booklore' host: 'booklore.booklore_default' (Got an error reading communication packets)
2026-08-08 18:08:31 163810 [Warning] Aborted connection 163810 to db: 'booklore' user: 'booklore' host: 'booklore.booklore_default' (Got an error reading communication packets)
2026-08-08 18:08:31 163805 [Warning] Aborted connection 163805 to db: 'booklore' user: 'booklore' host: 'booklore.booklore_default' (Got an error reading communication packets)
2026-08-08 18:08:31 163808 [Warning] Aborted connection 163808 to db: 'booklore' user: 'booklore' host: 'booklore.booklore_default' (Got an error reading communication packets)
2026-08-08 18:08:31 163807 [Warning] Aborted connection 163807 to db: 'booklore' user: 'booklore' host: 'booklore.booklore_default' (Got an error reading communication packets)
2026-08-08 18:08:31 163806 [Warning] Aborted connection 163806 to db: 'booklore' user: 'booklore' host: 'booklore.booklore_default' (Got an error reading communication packets)
2026-08-08 18:09:07 163826 [Warning] Aborted connection 163826 to db: 'booklore' user: 'booklore' host: 'booklore.booklore_default' (Got an error reading communication packets)
2026-08-08 18:09:07 163825 [Warning] Aborted connection 163825 to db: 'booklore' user: 'booklore' host: 'booklore.booklore_default' (Got an error reading communication packets)
2026-08-08 18:09:07 163824 [Warning] Aborted connection 163824 to db: 'booklore' user: 'booklore' host: 'booklore.booklore_default' (Got an error reading communication packets)
2026-08-08 18:09:07 163822 [Warning] Aborted connection 163822 to db: 'booklore' user: 'booklore' host: 'booklore.booklore_default' (Got an error reading communication packets)
2026-08-08 18:09:07 163823 [Warning] Aborted connection 163823 to db: 'booklore' user: 'booklore' host: 'booklore.booklore_default' (Got an error reading communication packets)
2026-08-08 18:09:07 163821 [Warning] Aborted connection 163821 to db: 'booklore' user: 'booklore' host: 'booklore.booklore_default' (Got an error reading communication packets)
2026-08-08 18:09:49 163839 [Warning] Aborted connection 163839 to db: 'booklore' user: 'booklore' host: 'booklore.booklore_default' (Got an error reading communication packets)
2026-08-08 18:09:49 163838 [Warning] Aborted connection 163838 to db: 'booklore' user: 'booklore' host: 'booklore.booklore_default' (Got an error reading communication packets)
2026-08-08 18:09:49 163837 [Warning] Aborted connection 163837 to db: 'booklore' user: 'booklore' host: 'booklore.booklore_default' (Got an error reading communication packets)
2026-08-08 18:09:49 163836 [Warning] Aborted connection 163836 to db: 'booklore' user: 'booklore' host: 'booklore.booklore_default' (Got an error reading communication packets)
2026-08-08 18:09:49 163834 [Warning] Aborted connection 163834 to db: 'booklore' user: 'booklore' host: 'booklore.booklore_default' (Got an error reading communication packets)
2026-08-08 18:09:49 163835 [Warning] Aborted connection 163835 to db: 'booklore' user: 'booklore' host: 'booklore.booklore_default' (Got an error reading communication packets)
2026-08-08 18:10:28 163853 [Warning] Aborted connection 163853 to db: 'booklore' user: 'booklore' host: 'booklore.booklore_default' (Got an error reading communication packets)
2026-08-08 18:10:28 163851 [Warning] Aborted connection 163851 to db: 'booklore' user: 'booklore' host: 'booklore.booklore_default' (Got an error reading communication packets)
2026-08-08 18:10:28 163852 [Warning] Aborted connection 163852 to db: 'booklore' user: 'booklore' host: 'booklore.booklore_default' (Got an error reading communication packets)
2026-08-08 18:10:28 163849 [Warning] Aborted connection 163849 to db: 'booklore' user: 'booklore' host: 'booklore.booklore_default' (Got an error reading communication packets)
2026-08-08 18:10:28 163848 [Warning] Aborted connection 163848 to db: 'booklore' user: 'booklore' host: 'booklore.booklore_default' (Got an error reading communication packets)
2026-08-08 18:10:28 163850 [Warning] Aborted connection 163850 to db: 'booklore' user: 'booklore' host: 'booklore.booklore_default' (Got an error reading communication packets)
2026-08-08 18:11:00 163867 [Warning] Aborted connection 163867 to db: 'booklore' user: 'booklore' host: 'booklore.booklore_default' (Got an error reading communication packets)
2026-08-08 18:11:00 163866 [Warning] Aborted connection 163866 to db: 'booklore' user: 'booklore' host: 'booklore.booklore_default' (Got an error reading communication packets)
2026-08-08 18:11:00 163864 [Warning] Aborted connection 163864 to db: 'booklore' user: 'booklore' host: 'booklore.booklore_default' (Got an error reading communication packets)
2026-08-08 18:11:00 163865 [Warning] Aborted connection 163865 to db: 'booklore' user: 'booklore' host: 'booklore.booklore_default' (Got an error reading communication packets)
2026-08-08 18:11:00 163863 [Warning] Aborted connection 163863 to db: 'booklore' user: 'booklore' host: 'booklore.booklore_default' (Got an error reading communication packets)
2026-08-08 18:11:00 163862 [Warning] Aborted connection 163862 to db: 'booklore' user: 'booklore' host: 'booklore.booklore_default' (Got an error reading communication packets)
2026-08-08 18:11:48 163878 [Warning] Aborted connection 163878 to db: 'booklore' user: 'booklore' host: 'booklore.booklore_default' (Got an error reading communication packets)
2026-08-08 18:11:48 163879 [Warning] Aborted connection 163879 to db: 'booklore' user: 'booklore' host: 'booklore.booklore_default' (Got an error reading communication packets)
2026-08-08 18:11:48 163874 [Warning] Aborted connection 163874 to db: 'booklore' user: 'booklore' host: 'booklore.booklore_default' (Got an error reading communication packets)
2026-08-08 18:11:48 163875 [Warning] Aborted connection 163875 to db: 'booklore' user: 'booklore' host: 'booklore.booklore_default' (Got an error reading communication packets)
2026-08-08 18:11:48 163877 [Warning] Aborted connection 163877 to db: 'booklore' user: 'booklore' host: 'booklore.booklore_default' (Got an error reading communication packets)
2026-08-08 18:11:48 163876 [Warning] Aborted connection 163876 to db: 'booklore' user: 'booklore' host: 'booklore.booklore_default' (Got an error reading communication packets)
2026-08-08 18:12:30 163895 [Warning] Aborted connection 163895 to db: 'booklore' user: 'booklore' host: 'booklore.booklore_default' (Got an error reading communication packets)
2026-08-08 18:12:30 163894 [Warning] Aborted connection 163894 to db: 'booklore' user: 'booklore' host: 'booklore.booklore_default' (Got an error reading communication packets)
2026-08-08 18:12:30 163893 [Warning] Aborted connection 163893 to db: 'booklore' user: 'booklore' host: 'booklore.booklore_default' (Got an error reading communication packets)
2026-08-08 18:12:30 163891 [Warning] Aborted connection 163891 to db: 'booklore' user: 'booklore' host: 'booklore.booklore_default' (Got an error reading communication packets)
2026-08-08 18:12:30 163890 [Warning] Aborted connection 163890 to db: 'booklore' user: 'booklore' host: 'booklore.booklore_default' (Got an error reading communication packets)
2026-08-08 18:12:30 163892 [Warning] Aborted connection 163892 to db: 'booklore' user: 'booklore' host: 'booklore.booklore_default' (Got an error reading communication packets)
2026-08-08 18:13:17 163908 [Warning] Aborted connection 163908 to db: 'booklore' user: 'booklore' host: 'booklore.booklore_default' (Got an error reading communication packets)
2026-08-08 18:13:17 163907 [Warning] Aborted connection 163907 to db: 'booklore' user: 'booklore' host: 'booklore.booklore_default' (Got an error reading communication packets)
2026-08-08 18:13:17 163906 [Warning] Aborted connection 163906 to db: 'booklore' user: 'booklore' host: 'booklore.booklore_default' (Got an error reading communication packets)
2026-08-08 18:13:17 163905 [Warning] Aborted connection 163905 to db: 'booklore' user: 'booklore' host: 'booklore.booklore_default' (Got an error reading communication packets)
2026-08-08 18:13:17 163904 [Warning] Aborted connection 163904 to db: 'booklore' user: 'booklore' host: 'booklore.booklore_default' (Got an error reading communication packets)
2026-08-08 18:13:17 163903 [Warning] Aborted connection 163903 to db: 'booklore' user: 'booklore' host: 'booklore.booklore_default' (Got an error reading communication packets)
2026-08-08 18:14:11 163923 [Warning] Aborted connection 163923 to db: 'booklore' user: 'booklore' host: 'booklore.booklore_default' (Got an error reading communication packets)
2026-08-08 18:14:11 163922 [Warning] Aborted connection 163922 to db: 'booklore' user: 'booklore' host: 'booklore.booklore_default' (Got an error reading communication packets)
2026-08-08 18:14:11 163920 [Warning] Aborted connection 163920 to db: 'booklore' user: 'booklore' host: 'booklore.booklore_default' (Got an error reading communication packets)
2026-08-08 18:14:11 163924 [Warning] Aborted connection 163924 to db: 'booklore' user: 'booklore' host: 'booklore.booklore_default' (Got an error reading communication packets)
2026-08-08 18:14:11 163921 [Warning] Aborted connection 163921 to db: 'booklore' user: 'booklore' host: 'booklore.booklore_default' (Got an error reading communication packets)
2026-08-08 18:14:11 163925 [Warning] Aborted connection 163925 to db: 'booklore' user: 'booklore' host: 'booklore.booklore_default' (Got an error reading communication packets)
2026-08-08 18:14:47 163942 [Warning] Aborted connection 163942 to db: 'booklore' user: 'booklore' host: 'booklore.booklore_default' (Got an error reading communication packets)
2026-08-08 18:14:47 163941 [Warning] Aborted connection 163941 to db: 'booklore' user: 'booklore' host: 'booklore.booklore_default' (Got an error reading communication packets)
2026-08-08 18:14:47 163940 [Warning] Aborted connection 163940 to db: 'booklore' user: 'booklore' host: 'booklore.booklore_default' (Got an error reading communication packets)
2026-08-08 18:14:47 163938 [Warning] Aborted connection 163938 to db: 'booklore' user: 'booklore' host: 'booklore.booklore_default' (Got an error reading communication packets)
2026-08-08 18:14:47 163937 [Warning] Aborted connection 163937 to db: 'booklore' user: 'booklore' host: 'booklore.booklore_default' (Got an error reading communication packets)
2026-08-08 18:14:47 163939 [Warning] Aborted connection 163939 to db: 'booklore' user: 'booklore' host: 'booklore.booklore_default' (Got an error reading communication packets)
2026-08-08 18:15:24 163953 [Warning] Aborted connection 163953 to db: 'booklore' user: 'booklore' host: 'booklore.booklore_default' (Got an error reading communication packets)
2026-08-08 18:15:24 163950 [Warning] Aborted connection 163950 to db: 'booklore' user: 'booklore' host: 'booklore.booklore_default' (Got an error reading communication packets)
2026-08-08 18:15:24 163949 [Warning] Aborted connection 163949 to db: 'booklore' user: 'booklore' host: 'booklore.booklore_default' (Got an error reading communication packets)
2026-08-08 18:15:24 163951 [Warning] Aborted connection 163951 to db: 'booklore' user: 'booklore' host: 'booklore.booklore_default' (Got an error reading communication packets)
2026-08-08 18:15:24 163952 [Warning] Aborted connection 163952 to db: 'booklore' user: 'booklore' host: 'booklore.booklore_default' (Got an error reading communication packets)
2026-08-08 18:15:24 163948 [Warning] Aborted connection 163948 to db: 'booklore' user: 'booklore' host: 'booklore.booklore_default' (Got an error reading communication packets)
2026-08-08 18:16:02 163965 [Warning] Aborted connection 163965 to db: 'booklore' user: 'booklore' host: 'booklore.booklore_default' (Got an error reading communication packets)
2026-08-08 18:16:02 163966 [Warning] Aborted connection 163966 to db: 'booklore' user: 'booklore' host: 'booklore.booklore_default' (Got an error reading communication packets)
2026-08-08 18:16:02 163964 [Warning] Aborted connection 163964 to db: 'booklore' user: 'booklore' host: 'booklore.booklore_default' (Got an error reading communication packets)
2026-08-08 18:16:02 163963 [Warning] Aborted connection 163963 to db: 'booklore' user: 'booklore' host: 'booklore.booklore_default' (Got an error reading communication packets)
2026-08-08 18:16:02 163962 [Warning] Aborted connection 163962 to db: 'booklore' user: 'booklore' host: 'booklore.booklore_default' (Got an error reading communication packets)
2026-08-08 18:16:02 163961 [Warning] Aborted connection 163961 to db: 'booklore' user: 'booklore' host: 'booklore.booklore_default' (Got an error reading communication packets)
2026-08-17 14:59:24 321158 [Warning] Aborted connection 321158 to db: 'booklore' user: 'booklore' host: 'booklore.booklore_default' (Got an error reading communication packets)
2026-08-17 14:59:24 321099 [Warning] Aborted connection 321099 to db: 'booklore' user: 'booklore' host: 'booklore.booklore_default' (Got an error reading communication packets)
2026-08-17 14:59:24 321199 [Warning] Aborted connection 321199 to db: 'booklore' user: 'booklore' host: 'booklore.booklore_default' (Got an error reading communication packets)
2026-08-17 14:59:24 321195 [Warning] Aborted connection 321195 to db: 'booklore' user: 'booklore' host: 'booklore.booklore_default' (Got an error reading communication packets)
2026-08-17 14:59:24 321127 [Warning] Aborted connection 321127 to db: 'booklore' user: 'booklore' host: 'booklore.booklore_default' (Got an error reading communication packets)
2026-08-17 15:00:16 321209 [Warning] Aborted connection 321209 to db: 'booklore' user: 'booklore' host: 'booklore.booklore_default' (Got an error reading communication packets)
2026-08-17 15:00:16 321205 [Warning] Aborted connection 321205 to db: 'booklore' user: 'booklore' host: 'booklore.booklore_default' (Got an error reading communication packets)
2026-08-17 15:00:16 321204 [Warning] Aborted connection 321204 to db: 'booklore' user: 'booklore' host: 'booklore.booklore_default' (Got an error reading communication packets)
2026-08-17 15:00:16 321207 [Warning] Aborted connection 321207 to db: 'booklore' user: 'booklore' host: 'booklore.booklore_default' (Got an error reading communication packets)
2026-08-17 15:00:16 321208 [Warning] Aborted connection 321208 to db: 'booklore' user: 'booklore' host: 'booklore.booklore_default' (Got an error reading communication packets)
2026-08-17 15:00:16 321206 [Warning] Aborted connection 321206 to db: 'booklore' user: 'booklore' host: 'booklore.booklore_default' (Got an error reading communication packets)
2026-08-17 15:57:23 321825 [Warning] Aborted connection 321825 to db: 'booklore' user: 'booklore' host: 'booklore.booklore_default' (Got an error reading communication packets)
2026-08-17 15:57:23 321912 [Warning] Aborted connection 321912 to db: 'booklore' user: 'booklore' host: 'booklore.booklore_default' (Got an error reading communication packets)
2026-08-17 15:57:23 321820 [Warning] Aborted connection 321820 to db: 'booklore' user: 'booklore' host: 'booklore.booklore_default' (Got an error reading communication packets)
2026-08-17 15:57:23 321839 [Warning] Aborted connection 321839 to db: 'booklore' user: 'booklore' host: 'booklore.booklore_default' (Got an error reading communication packets)
2026-08-17 15:57:23 321882 [Warning] Aborted connection 321882 to db: 'booklore' user: 'booklore' host: 'booklore.booklore_default' (Got an error reading communication packets)
2026-08-17 15:58:21 321930 [Warning] Aborted connection 321930 to db: 'booklore' user: 'booklore' host: 'booklore.booklore_default' (Got an error reading communication packets)
2026-08-17 15:58:21 321929 [Warning] Aborted connection 321929 to db: 'booklore' user: 'booklore' host: 'booklore.booklore_default' (Got an error reading communication packets)
2026-08-17 15:58:21 321928 [Warning] Aborted connection 321928 to db: 'booklore' user: 'booklore' host: 'booklore.booklore_default' (Got an error reading communication packets)
2026-08-17 15:58:21 321931 [Warning] Aborted connection 321931 to db: 'booklore' user: 'booklore' host: 'booklore.booklore_default' (Got an error reading communication packets)
2026-08-17 15:58:21 321927 [Warning] Aborted connection 321927 to db: 'booklore' user: 'booklore' host: 'booklore.booklore_default' (Got an error reading communication packets)
2026-08-17 15:58:21 321926 [Warning] Aborted connection 321926 to db: 'booklore' user: 'booklore' host: 'booklore.booklore_default' (Got an error reading communication packets)
2026-08-17 15:59:11 321948 [Warning] Aborted connection 321948 to db: 'booklore' user: 'booklore' host: 'booklore.booklore_default' (Got an error reading communication packets)
2026-08-17 15:59:11 321947 [Warning] Aborted connection 321947 to db: 'booklore' user: 'booklore' host: 'booklore.booklore_default' (Got an error reading communication packets)
2026-08-17 15:59:11 321945 [Warning] Aborted connection 321945 to db: 'booklore' user: 'booklore' host: 'booklore.booklore_default' (Got an error reading communication packets)
2026-08-17 15:59:11 321949 [Warning] Aborted connection 321949 to db: 'booklore' user: 'booklore' host: 'booklore.booklore_default' (Got an error reading communication packets)
2026-08-17 15:59:11 321946 [Warning] Aborted connection 321946 to db: 'booklore' user: 'booklore' host: 'booklore.booklore_default' (Got an error reading communication packets)
2026-08-17 15:59:11 321943 [Warning] Aborted connection 321943 to db: 'booklore' user: 'booklore' host: 'booklore.booklore_default' (Got an error reading communication packets)
2026-08-18 15:03:01 338967 [Warning] Aborted connection 338967 to db: 'booklore' user: 'booklore' host: 'booklore.booklore_default' (Got an error reading communication packets)
2026-08-18 15:03:01 338910 [Warning] Aborted connection 338910 to db: 'booklore' user: 'booklore' host: 'booklore.booklore_default' (Got an error reading communication packets)
2026-08-18 15:03:01 338964 [Warning] Aborted connection 338964 to db: 'booklore' user: 'booklore' host: 'booklore.booklore_default' (Got an error reading communication packets)
2026-08-18 15:03:01 338991 [Warning] Aborted connection 338991 to db: 'booklore' user: 'booklore' host: 'booklore.booklore_default' (Got an error reading communication packets)
2026-08-18 15:03:01 338972 [Warning] Aborted connection 338972 to db: 'booklore' user: 'booklore' host: 'booklore.booklore_default' (Got an error reading communication packets)
2026-08-18 15:03:56 339014 [Warning] Aborted connection 339014 to db: 'booklore' user: 'booklore' host: 'booklore.booklore_default' (Got an error reading communication packets)
2026-08-18 15:03:56 339013 [Warning] Aborted connection 339013 to db: 'booklore' user: 'booklore' host: 'booklore.booklore_default' (Got an error reading communication packets)
2026-08-18 15:03:56 339012 [Warning] Aborted connection 339012 to db: 'booklore' user: 'booklore' host: 'booklore.booklore_default' (Got an error reading communication packets)
2026-08-18 15:03:56 339011 [Warning] Aborted connection 339011 to db: 'booklore' user: 'booklore' host: 'booklore.booklore_default' (Got an error reading communication packets)
2026-08-18 15:03:56 339010 [Warning] Aborted connection 339010 to db: 'booklore' user: 'booklore' host: 'booklore.booklore_default' (Got an error reading communication packets)
2026-08-18 15:03:56 339009 [Warning] Aborted connection 339009 to db: 'booklore' user: 'booklore' host: 'booklore.booklore_default' (Got an error reading communication packets)
2026-08-18 15:04:59 339031 [Warning] Aborted connection 339031 to db: 'booklore' user: 'booklore' host: 'booklore.booklore_default' (Got an error reading communication packets)
2026-08-18 15:04:59 339026 [Warning] Aborted connection 339026 to db: 'booklore' user: 'booklore' host: 'booklore.booklore_default' (Got an error reading communication packets)
2026-08-18 15:04:59 339029 [Warning] Aborted connection 339029 to db: 'booklore' user: 'booklore' host: 'booklore.booklore_default' (Got an error reading communication packets)
2026-08-18 15:04:59 339028 [Warning] Aborted connection 339028 to db: 'booklore' user: 'booklore' host: 'booklore.booklore_default' (Got an error reading communication packets)
2026-08-18 15:04:59 339027 [Warning] Aborted connection 339027 to db: 'booklore' user: 'booklore' host: 'booklore.booklore_default' (Got an error reading communication packets)
2026-08-18 15:04:59 339030 [Warning] Aborted connection 339030 to db: 'booklore' user: 'booklore' host: 'booklore.booklore_default' (Got an error reading communication packets)
2026-08-18 15:06:02 339049 [Warning] Aborted connection 339049 to db: 'booklore' user: 'booklore' host: 'booklore.booklore_default' (Got an error reading communication packets)
2026-08-18 15:06:02 339048 [Warning] Aborted connection 339048 to db: 'booklore' user: 'booklore' host: 'booklore.booklore_default' (Got an error reading communication packets)
2026-08-18 15:06:02 339047 [Warning] Aborted connection 339047 to db: 'booklore' user: 'booklore' host: 'booklore.booklore_default' (Got an error reading communication packets)
2026-08-18 15:06:02 339046 [Warning] Aborted connection 339046 to db: 'booklore' user: 'booklore' host: 'booklore.booklore_default' (Got an error reading communication packets)
2026-08-18 15:06:02 339045 [Warning] Aborted connection 339045 to db: 'booklore' user: 'booklore' host: 'booklore.booklore_default' (Got an error reading communication packets)
2026-08-18 15:06:02 339044 [Warning] Aborted connection 339044 to db: 'booklore' user: 'booklore' host: 'booklore.booklore_default' (Got an error reading communication packets)
2026-08-18 15:06:51 339066 [Warning] Aborted connection 339066 to db: 'booklore' user: 'booklore' host: 'booklore.booklore_default' (Got an error reading communication packets)
2026-08-18 15:06:51 339062 [Warning] Aborted connection 339062 to db: 'booklore' user: 'booklore' host: 'booklore.booklore_default' (Got an error reading communication packets)
2026-08-18 15:06:51 339065 [Warning] Aborted connection 339065 to db: 'booklore' user: 'booklore' host: 'booklore.booklore_default' (Got an error reading communication packets)
2026-08-18 15:06:51 339064 [Warning] Aborted connection 339064 to db: 'booklore' user: 'booklore' host: 'booklore.booklore_default' (Got an error reading communication packets)
2026-08-18 15:06:51 339061 [Warning] Aborted connection 339061 to db: 'booklore' user: 'booklore' host: 'booklore.booklore_default' (Got an error reading communication packets)
2026-08-18 15:06:51 339063 [Warning] Aborted connection 339063 to db: 'booklore' user: 'booklore' host: 'booklore.booklore_default' (Got an error reading communication packets)
2026-08-18 15:07:28 339081 [Warning] Aborted connection 339081 to db: 'booklore' user: 'booklore' host: 'booklore.booklore_default' (Got an error reading communication packets)
2026-08-18 15:07:28 339080 [Warning] Aborted connection 339080 to db: 'booklore' user: 'booklore' host: 'booklore.booklore_default' (Got an error reading communication packets)
2026-08-18 15:07:28 339078 [Warning] Aborted connection 339078 to db: 'booklore' user: 'booklore' host: 'booklore.booklore_default' (Got an error reading communication packets)
2026-08-18 15:07:28 339077 [Warning] Aborted connection 339077 to db: 'booklore' user: 'booklore' host: 'booklore.booklore_default' (Got an error reading communication packets)
2026-08-18 15:07:28 339079 [Warning] Aborted connection 339079 to db: 'booklore' user: 'booklore' host: 'booklore.booklore_default' (Got an error reading communication packets)
2026-08-18 15:07:28 339076 [Warning] Aborted connection 339076 to db: 'booklore' user: 'booklore' host: 'booklore.booklore_default' (Got an error reading communication packets)
2026-08-18 15:08:10 339094 [Warning] Aborted connection 339094 to db: 'booklore' user: 'booklore' host: 'booklore.booklore_default' (Got an error reading communication packets)
2026-08-18 15:08:10 339093 [Warning] Aborted connection 339093 to db: 'booklore' user: 'booklore' host: 'booklore.booklore_default' (Got an error reading communication packets)
2026-08-18 15:08:10 339092 [Warning] Aborted connection 339092 to db: 'booklore' user: 'booklore' host: 'booklore.booklore_default' (Got an error reading communication packets)
2026-08-18 15:08:10 339091 [Warning] Aborted connection 339091 to db: 'booklore' user: 'booklore' host: 'booklore.booklore_default' (Got an error reading communication packets)
2026-08-18 15:08:10 339090 [Warning] Aborted connection 339090 to db: 'booklore' user: 'booklore' host: 'booklore.booklore_default' (Got an error reading communication packets)
2026-08-18 15:08:10 339095 [Warning] Aborted connection 339095 to db: 'booklore' user: 'booklore' host: 'booklore.booklore_default' (Got an error reading communication packets)
2026-08-18 15:08:42 339108 [Warning] Aborted connection 339108 to db: 'booklore' user: 'booklore' host: 'booklore.booklore_default' (Got an error reading communication packets)
2026-08-18 15:08:42 339106 [Warning] Aborted connection 339106 to db: 'booklore' user: 'booklore' host: 'booklore.booklore_default' (Got an error reading communication packets)
2026-08-18 15:08:42 339105 [Warning] Aborted connection 339105 to db: 'booklore' user: 'booklore' host: 'booklore.booklore_default' (Got an error reading communication packets)
2026-08-18 15:08:42 339103 [Warning] Aborted connection 339103 to db: 'booklore' user: 'booklore' host: 'booklore.booklore_default' (Got an error reading communication packets)
2026-08-18 15:08:42 339107 [Warning] Aborted connection 339107 to db: 'booklore' user: 'booklore' host: 'booklore.booklore_default' (Got an error reading communication packets)
2026-08-18 15:08:42 339104 [Warning] Aborted connection 339104 to db: 'booklore' user: 'booklore' host: 'booklore.booklore_default' (Got an error reading communication packets)
2026-08-18 15:09:32 339121 [Warning] Aborted connection 339121 to db: 'booklore' user: 'booklore' host: 'booklore.booklore_default' (Got an error reading communication packets)
2026-08-18 15:09:32 339118 [Warning] Aborted connection 339118 to db: 'booklore' user: 'booklore' host: 'booklore.booklore_default' (Got an error reading communication packets)
2026-08-18 15:09:32 339116 [Warning] Aborted connection 339116 to db: 'booklore' user: 'booklore' host: 'booklore.booklore_default' (Got an error reading communication packets)
2026-08-18 15:09:32 339120 [Warning] Aborted connection 339120 to db: 'booklore' user: 'booklore' host: 'booklore.booklore_default' (Got an error reading communication packets)
2026-08-18 15:09:32 339119 [Warning] Aborted connection 339119 to db: 'booklore' user: 'booklore' host: 'booklore.booklore_default' (Got an error reading communication packets)
2026-08-18 15:09:32 339117 [Warning] Aborted connection 339117 to db: 'booklore' user: 'booklore' host: 'booklore.booklore_default' (Got an error reading communication packets)
2026-08-18 15:10:17 339136 [Warning] Aborted connection 339136 to db: 'booklore' user: 'booklore' host: 'booklore.booklore_default' (Got an error reading communication packets)
2026-08-18 15:10:17 339134 [Warning] Aborted connection 339134 to db: 'booklore' user: 'booklore' host: 'booklore.booklore_default' (Got an error reading communication packets)
2026-08-18 15:10:17 339133 [Warning] Aborted connection 339133 to db: 'booklore' user: 'booklore' host: 'booklore.booklore_default' (Got an error reading communication packets)
2026-08-18 15:10:17 339132 [Warning] Aborted connection 339132 to db: 'booklore' user: 'booklore' host: 'booklore.booklore_default' (Got an error reading communication packets)
2026-08-18 15:10:17 339131 [Warning] Aborted connection 339131 to db: 'booklore' user: 'booklore' host: 'booklore.booklore_default' (Got an error reading communication packets)
2026-08-18 15:10:17 339135 [Warning] Aborted connection 339135 to db: 'booklore' user: 'booklore' host: 'booklore.booklore_default' (Got an error reading communication packets)
2026-08-18 15:11:22 339153 [Warning] Aborted connection 339153 to db: 'booklore' user: 'booklore' host: 'booklore.booklore_default' (Got an error reading communication packets)
2026-08-18 15:11:22 339152 [Warning] Aborted connection 339152 to db: 'booklore' user: 'booklore' host: 'booklore.booklore_default' (Got an error reading communication packets)
2026-08-18 15:11:22 339151 [Warning] Aborted connection 339151 to db: 'booklore' user: 'booklore' host: 'booklore.booklore_default' (Got an error reading communication packets)
2026-08-18 15:11:22 339149 [Warning] Aborted connection 339149 to db: 'booklore' user: 'booklore' host: 'booklore.booklore_default' (Got an error reading communication packets)
2026-08-18 15:11:22 339150 [Warning] Aborted connection 339150 to db: 'booklore' user: 'booklore' host: 'booklore.booklore_default' (Got an error reading communication packets)
2026-08-18 15:11:22 339148 [Warning] Aborted connection 339148 to db: 'booklore' user: 'booklore' host: 'booklore.booklore_default' (Got an error reading communication packets)
2026-08-18 15:12:08 339166 [Warning] Aborted connection 339166 to db: 'booklore' user: 'booklore' host: 'booklore.booklore_default' (Got an error reading communication packets)
2026-08-18 15:12:08 339168 [Warning] Aborted connection 339168 to db: 'booklore' user: 'booklore' host: 'booklore.booklore_default' (Got an error reading communication packets)
2026-08-18 15:12:08 339167 [Warning] Aborted connection 339167 to db: 'booklore' user: 'booklore' host: 'booklore.booklore_default' (Got an error reading communication packets)
2026-08-18 15:12:08 339169 [Warning] Aborted connection 339169 to db: 'booklore' user: 'booklore' host: 'booklore.booklore_default' (Got an error reading communication packets)
2026-08-18 15:12:08 339164 [Warning] Aborted connection 339164 to db: 'booklore' user: 'booklore' host: 'booklore.booklore_default' (Got an error reading communication packets)
2026-08-18 15:12:08 339165 [Warning] Aborted connection 339165 to db: 'booklore' user: 'booklore' host: 'booklore.booklore_default' (Got an error reading communication packets)
2026-08-18 15:12:59 339184 [Warning] Aborted connection 339184 to db: 'booklore' user: 'booklore' host: 'booklore.booklore_default' (Got an error reading communication packets)
2026-08-18 15:12:59 339182 [Warning] Aborted connection 339182 to db: 'booklore' user: 'booklore' host: 'booklore.booklore_default' (Got an error reading communication packets)
2026-08-18 15:12:59 339181 [Warning] Aborted connection 339181 to db: 'booklore' user: 'booklore' host: 'booklore.booklore_default' (Got an error reading communication packets)
2026-08-18 15:12:59 339183 [Warning] Aborted connection 339183 to db: 'booklore' user: 'booklore' host: 'booklore.booklore_default' (Got an error reading communication packets)
2026-08-18 15:12:59 339180 [Warning] Aborted connection 339180 to db: 'booklore' user: 'booklore' host: 'booklore.booklore_default' (Got an error reading communication packets)
2026-08-18 15:12:59 339179 [Warning] Aborted connection 339179 to db: 'booklore' user: 'booklore' host: 'booklore.booklore_default' (Got an error reading communication packets)
2026-08-18 15:14:00 339202 [Warning] Aborted connection 339202 to db: 'booklore' user: 'booklore' host: 'booklore.booklore_default' (Got an error reading communication packets)
2026-08-18 15:14:00 339199 [Warning] Aborted connection 339199 to db: 'booklore' user: 'booklore' host: 'booklore.booklore_default' (Got an error reading communication packets)
2026-08-18 15:14:00 339198 [Warning] Aborted connection 339198 to db: 'booklore' user: 'booklore' host: 'booklore.booklore_default' (Got an error reading communication packets)
2026-08-18 15:14:00 339200 [Warning] Aborted connection 339200 to db: 'booklore' user: 'booklore' host: 'booklore.booklore_default' (Got an error reading communication packets)
2026-08-18 15:14:00 339201 [Warning] Aborted connection 339201 to db: 'booklore' user: 'booklore' host: 'booklore.booklore_default' (Got an error reading communication packets)
2026-08-18 15:14:00 339197 [Warning] Aborted connection 339197 to db: 'booklore' user: 'booklore' host: 'booklore.booklore_default' (Got an error reading communication packets)
2026-08-18 15:14:51 339218 [Warning] Aborted connection 339218 to db: 'booklore' user: 'booklore' host: 'booklore.booklore_default' (Got an error reading communication packets)
2026-08-18 15:14:51 339215 [Warning] Aborted connection 339215 to db: 'booklore' user: 'booklore' host: 'booklore.booklore_default' (Got an error reading communication packets)
2026-08-18 15:14:51 339216 [Warning] Aborted connection 339216 to db: 'booklore' user: 'booklore' host: 'booklore.booklore_default' (Got an error reading communication packets)
2026-08-18 15:14:51 339214 [Warning] Aborted connection 339214 to db: 'booklore' user: 'booklore' host: 'booklore.booklore_default' (Got an error reading communication packets)
2026-08-18 15:14:51 339213 [Warning] Aborted connection 339213 to db: 'booklore' user: 'booklore' host: 'booklore.booklore_default' (Got an error reading communication packets)
2026-08-18 15:14:51 339217 [Warning] Aborted connection 339217 to db: 'booklore' user: 'booklore' host: 'booklore.booklore_default' (Got an error reading communication packets)
2026-08-18 15:15:30 339232 [Warning] Aborted connection 339232 to db: 'booklore' user: 'booklore' host: 'booklore.booklore_default' (Got an error reading communication packets)
2026-08-18 15:15:30 339233 [Warning] Aborted connection 339233 to db: 'booklore' user: 'booklore' host: 'booklore.booklore_default' (Got an error reading communication packets)
2026-08-18 15:15:30 339234 [Warning] Aborted connection 339234 to db: 'booklore' user: 'booklore' host: 'booklore.booklore_default' (Got an error reading communication packets)
2026-08-18 15:15:30 339231 [Warning] Aborted connection 339231 to db: 'booklore' user: 'booklore' host: 'booklore.booklore_default' (Got an error reading communication packets)
2026-08-18 15:15:30 339230 [Warning] Aborted connection 339230 to db: 'booklore' user: 'booklore' host: 'booklore.booklore_default' (Got an error reading communication packets)
2026-08-18 15:15:30 339229 [Warning] Aborted connection 339229 to db: 'booklore' user: 'booklore' host: 'booklore.booklore_default' (Got an error reading communication packets)
2026-08-18 15:16:10 339245 [Warning] Aborted connection 339245 to db: 'booklore' user: 'booklore' host: 'booklore.booklore_default' (Got an error reading communication packets)
2026-08-18 15:16:10 339247 [Warning] Aborted connection 339247 to db: 'booklore' user: 'booklore' host: 'booklore.booklore_default' (Got an error reading communication packets)
2026-08-18 15:16:10 339244 [Warning] Aborted connection 339244 to db: 'booklore' user: 'booklore' host: 'booklore.booklore_default' (Got an error reading communication packets)
2026-08-18 15:16:10 339246 [Warning] Aborted connection 339246 to db: 'booklore' user: 'booklore' host: 'booklore.booklore_default' (Got an error reading communication packets)
2026-08-18 15:16:10 339243 [Warning] Aborted connection 339243 to db: 'booklore' user: 'booklore' host: 'booklore.booklore_default' (Got an error reading communication packets)
2026-08-18 15:16:10 339242 [Warning] Aborted connection 339242 to db: 'booklore' user: 'booklore' host: 'booklore.booklore_default' (Got an error reading communication packets)
2026-08-18 15:17:33 339260 [Warning] Aborted connection 339260 to db: 'booklore' user: 'booklore' host: 'booklore.booklore_default' (Got an error reading communication packets)
2026-08-18 15:17:33 339261 [Warning] Aborted connection 339261 to db: 'booklore' user: 'booklore' host: 'booklore.booklore_default' (Got an error reading communication packets)
2026-08-18 15:17:33 339256 [Warning] Aborted connection 339256 to db: 'booklore' user: 'booklore' host: 'booklore.booklore_default' (Got an error reading communication packets)
2026-08-18 15:17:33 339259 [Warning] Aborted connection 339259 to db: 'booklore' user: 'booklore' host: 'booklore.booklore_default' (Got an error reading communication packets)
2026-08-18 15:17:33 339258 [Warning] Aborted connection 339258 to db: 'booklore' user: 'booklore' host: 'booklore.booklore_default' (Got an error reading communication packets)
2026-08-18 15:17:33 339257 [Warning] Aborted connection 339257 to db: 'booklore' user: 'booklore' host: 'booklore.booklore_default' (Got an error reading communication packets)
2026-08-18 15:18:13 339282 [Warning] Aborted connection 339282 to db: 'booklore' user: 'booklore' host: 'booklore.booklore_default' (Got an error reading communication packets)
2026-08-18 15:18:13 339281 [Warning] Aborted connection 339281 to db: 'booklore' user: 'booklore' host: 'booklore.booklore_default' (Got an error reading communication packets)
2026-08-18 15:18:13 339280 [Warning] Aborted connection 339280 to db: 'booklore' user: 'booklore' host: 'booklore.booklore_default' (Got an error reading communication packets)
2026-08-18 15:18:13 339278 [Warning] Aborted connection 339278 to db: 'booklore' user: 'booklore' host: 'booklore.booklore_default' (Got an error reading communication packets)
2026-08-18 15:18:13 339283 [Warning] Aborted connection 339283 to db: 'booklore' user: 'booklore' host: 'booklore.booklore_default' (Got an error reading communication packets)
2026-08-18 15:18:13 339279 [Warning] Aborted connection 339279 to db: 'booklore' user: 'booklore' host: 'booklore.booklore_default' (Got an error reading communication packets)
2026-08-18 15:18:54 339296 [Warning] Aborted connection 339296 to db: 'booklore' user: 'booklore' host: 'booklore.booklore_default' (Got an error reading communication packets)
2026-08-18 15:18:54 339297 [Warning] Aborted connection 339297 to db: 'booklore' user: 'booklore' host: 'booklore.booklore_default' (Got an error reading communication packets)
2026-08-18 15:18:54 339295 [Warning] Aborted connection 339295 to db: 'booklore' user: 'booklore' host: 'booklore.booklore_default' (Got an error reading communication packets)
2026-08-18 15:18:54 339293 [Warning] Aborted connection 339293 to db: 'booklore' user: 'booklore' host: 'booklore.booklore_default' (Got an error reading communication packets)
2026-08-18 15:18:54 339294 [Warning] Aborted connection 339294 to db: 'booklore' user: 'booklore' host: 'booklore.booklore_default' (Got an error reading communication packets)
2026-08-18 15:18:54 339292 [Warning] Aborted connection 339292 to db: 'booklore' user: 'booklore' host: 'booklore.booklore_default' (Got an error reading communication packets)
2026-08-18 15:19:31 339311 [Warning] Aborted connection 339311 to db: 'booklore' user: 'booklore' host: 'booklore.booklore_default' (Got an error reading communication packets)
2026-08-18 15:19:31 339310 [Warning] Aborted connection 339310 to db: 'booklore' user: 'booklore' host: 'booklore.booklore_default' (Got an error reading communication packets)
2026-08-18 15:19:31 339309 [Warning] Aborted connection 339309 to db: 'booklore' user: 'booklore' host: 'booklore.booklore_default' (Got an error reading communication packets)
2026-08-18 15:19:31 339308 [Warning] Aborted connection 339308 to db: 'booklore' user: 'booklore' host: 'booklore.booklore_default' (Got an error reading communication packets)
2026-08-18 15:19:31 339306 [Warning] Aborted connection 339306 to db: 'booklore' user: 'booklore' host: 'booklore.booklore_default' (Got an error reading communication packets)
2026-08-18 15:19:31 339307 [Warning] Aborted connection 339307 to db: 'booklore' user: 'booklore' host: 'booklore.booklore_default' (Got an error reading communication packets)
2026-08-18 15:20:20 339324 [Warning] Aborted connection 339324 to db: 'booklore' user: 'booklore' host: 'booklore.booklore_default' (Got an error reading communication packets)
2026-08-18 15:20:20 339323 [Warning] Aborted connection 339323 to db: 'booklore' user: 'booklore' host: 'booklore.booklore_default' (Got an error reading communication packets)
2026-08-18 15:20:20 339322 [Warning] Aborted connection 339322 to db: 'booklore' user: 'booklore' host: 'booklore.booklore_default' (Got an error reading communication packets)
2026-08-18 15:20:20 339321 [Warning] Aborted connection 339321 to db: 'booklore' user: 'booklore' host: 'booklore.booklore_default' (Got an error reading communication packets)
2026-08-18 15:20:20 339320 [Warning] Aborted connection 339320 to db: 'booklore' user: 'booklore' host: 'booklore.booklore_default' (Got an error reading communication packets)
2026-08-18 15:20:20 339319 [Warning] Aborted connection 339319 to db: 'booklore' user: 'booklore' host: 'booklore.booklore_default' (Got an error reading communication packets)
2026-08-18 15:21:00 339339 [Warning] Aborted connection 339339 to db: 'booklore' user: 'booklore' host: 'booklore.booklore_default' (Got an error reading communication packets)
2026-08-18 15:21:00 339340 [Warning] Aborted connection 339340 to db: 'booklore' user: 'booklore' host: 'booklore.booklore_default' (Got an error reading communication packets)
2026-08-18 15:21:00 339335 [Warning] Aborted connection 339335 to db: 'booklore' user: 'booklore' host: 'booklore.booklore_default' (Got an error reading communication packets)
2026-08-18 15:21:00 339338 [Warning] Aborted connection 339338 to db: 'booklore' user: 'booklore' host: 'booklore.booklore_default' (Got an error reading communication packets)
2026-08-18 15:21:00 339336 [Warning] Aborted connection 339336 to db: 'booklore' user: 'booklore' host: 'booklore.booklore_default' (Got an error reading communication packets)
2026-08-18 15:21:00 339337 [Warning] Aborted connection 339337 to db: 'booklore' user: 'booklore' host: 'booklore.booklore_default' (Got an error reading communication packets)
2026-08-18 15:21:44 339353 [Warning] Aborted connection 339353 to db: 'booklore' user: 'booklore' host: 'booklore.booklore_default' (Got an error reading communication packets)
2026-08-18 15:21:44 339352 [Warning] Aborted connection 339352 to db: 'booklore' user: 'booklore' host: 'booklore.booklore_default' (Got an error reading communication packets)
2026-08-18 15:21:44 339351 [Warning] Aborted connection 339351 to db: 'booklore' user: 'booklore' host: 'booklore.booklore_default' (Got an error reading communication packets)
2026-08-18 15:21:44 339350 [Warning] Aborted connection 339350 to db: 'booklore' user: 'booklore' host: 'booklore.booklore_default' (Got an error reading communication packets)
2026-08-18 15:21:44 339349 [Warning] Aborted connection 339349 to db: 'booklore' user: 'booklore' host: 'booklore.booklore_default' (Got an error reading communication packets)
2026-08-18 15:21:44 339348 [Warning] Aborted connection 339348 to db: 'booklore' user: 'booklore' host: 'booklore.booklore_default' (Got an error reading communication packets)
2026-08-18 15:22:49 339367 [Warning] Aborted connection 339367 to db: 'booklore' user: 'booklore' host: 'booklore.booklore_default' (Got an error reading communication packets)
2026-08-18 15:22:49 339368 [Warning] Aborted connection 339368 to db: 'booklore' user: 'booklore' host: 'booklore.booklore_default' (Got an error reading communication packets)
2026-08-18 15:22:49 339365 [Warning] Aborted connection 339365 to db: 'booklore' user: 'booklore' host: 'booklore.booklore_default' (Got an error reading communication packets)
2026-08-18 15:22:49 339366 [Warning] Aborted connection 339366 to db: 'booklore' user: 'booklore' host: 'booklore.booklore_default' (Got an error reading communication packets)
2026-08-18 15:22:49 339364 [Warning] Aborted connection 339364 to db: 'booklore' user: 'booklore' host: 'booklore.booklore_default' (Got an error reading communication packets)
2026-08-18 15:22:49 339362 [Warning] Aborted connection 339362 to db: 'booklore' user: 'booklore' host: 'booklore.booklore_default' (Got an error reading communication packets)
2026-08-18 15:23:38 339387 [Warning] Aborted connection 339387 to db: 'booklore' user: 'booklore' host: 'booklore.booklore_default' (Got an error reading communication packets)
2026-08-18 15:23:38 339385 [Warning] Aborted connection 339385 to db: 'booklore' user: 'booklore' host: 'booklore.booklore_default' (Got an error reading communication packets)
2026-08-18 15:23:38 339384 [Warning] Aborted connection 339384 to db: 'booklore' user: 'booklore' host: 'booklore.booklore_default' (Got an error reading communication packets)
2026-08-18 15:23:38 339383 [Warning] Aborted connection 339383 to db: 'booklore' user: 'booklore' host: 'booklore.booklore_default' (Got an error reading communication packets)
2026-08-18 15:23:38 339381 [Warning] Aborted connection 339381 to db: 'booklore' user: 'booklore' host: 'booklore.booklore_default' (Got an error reading communication packets)
2026-08-18 15:23:38 339382 [Warning] Aborted connection 339382 to db: 'booklore' user: 'booklore' host: 'booklore.booklore_default' (Got an error reading communication packets)
2026-08-18 15:24:26 339402 [Warning] Aborted connection 339402 to db: 'booklore' user: 'booklore' host: 'booklore.booklore_default' (Got an error reading communication packets)
2026-08-18 15:24:26 339401 [Warning] Aborted connection 339401 to db: 'booklore' user: 'booklore' host: 'booklore.booklore_default' (Got an error reading communication packets)
2026-08-18 15:24:26 339399 [Warning] Aborted connection 339399 to db: 'booklore' user: 'booklore' host: 'booklore.booklore_default' (Got an error reading communication packets)
2026-08-18 15:24:26 339397 [Warning] Aborted connection 339397 to db: 'booklore' user: 'booklore' host: 'booklore.booklore_default' (Got an error reading communication packets)
2026-08-18 15:24:26 339398 [Warning] Aborted connection 339398 to db: 'booklore' user: 'booklore' host: 'booklore.booklore_default' (Got an error reading communication packets)
2026-08-18 15:24:26 339400 [Warning] Aborted connection 339400 to db: 'booklore' user: 'booklore' host: 'booklore.booklore_default' (Got an error reading communication packets)
2026-08-18 15:26:12 339416 [Warning] Aborted connection 339416 to db: 'booklore' user: 'booklore' host: 'booklore.booklore_default' (Got an error reading communication packets)
2026-08-18 15:26:12 339414 [Warning] Aborted connection 339414 to db: 'booklore' user: 'booklore' host: 'booklore.booklore_default' (Got an error reading communication packets)
2026-08-18 15:26:12 339415 [Warning] Aborted connection 339415 to db: 'booklore' user: 'booklore' host: 'booklore.booklore_default' (Got an error reading communication packets)
2026-08-18 15:26:12 339412 [Warning] Aborted connection 339412 to db: 'booklore' user: 'booklore' host: 'booklore.booklore_default' (Got an error reading communication packets)
2026-08-18 15:26:12 339413 [Warning] Aborted connection 339413 to db: 'booklore' user: 'booklore' host: 'booklore.booklore_default' (Got an error reading communication packets)
2026-08-18 15:26:12 339417 [Warning] Aborted connection 339417 to db: 'booklore' user: 'booklore' host: 'booklore.booklore_default' (Got an error reading communication packets)
2026-08-18 15:27:11 339442 [Warning] Aborted connection 339442 to db: 'booklore' user: 'booklore' host: 'booklore.booklore_default' (Got an error reading communication packets)
2026-08-18 15:27:11 339443 [Warning] Aborted connection 339443 to db: 'booklore' user: 'booklore' host: 'booklore.booklore_default' (Got an error reading communication packets)
2026-08-18 15:27:11 339441 [Warning] Aborted connection 339441 to db: 'booklore' user: 'booklore' host: 'booklore.booklore_default' (Got an error reading communication packets)
2026-08-18 15:27:11 339440 [Warning] Aborted connection 339440 to db: 'booklore' user: 'booklore' host: 'booklore.booklore_default' (Got an error reading communication packets)
2026-08-18 15:27:11 339439 [Warning] Aborted connection 339439 to db: 'booklore' user: 'booklore' host: 'booklore.booklore_default' (Got an error reading communication packets)
2026-08-18 15:27:11 339438 [Warning] Aborted connection 339438 to db: 'booklore' user: 'booklore' host: 'booklore.booklore_default' (Got an error reading communication packets)
2026-08-18 15:27:48 339461 [Warning] Aborted connection 339461 to db: 'booklore' user: 'booklore' host: 'booklore.booklore_default' (Got an error reading communication packets)
2026-08-18 15:27:48 339459 [Warning] Aborted connection 339459 to db: 'booklore' user: 'booklore' host: 'booklore.booklore_default' (Got an error reading communication packets)
2026-08-18 15:27:48 339458 [Warning] Aborted connection 339458 to db: 'booklore' user: 'booklore' host: 'booklore.booklore_default' (Got an error reading communication packets)
2026-08-18 15:27:48 339457 [Warning] Aborted connection 339457 to db: 'booklore' user: 'booklore' host: 'booklore.booklore_default' (Got an error reading communication packets)
2026-08-18 15:27:48 339460 [Warning] Aborted connection 339460 to db: 'booklore' user: 'booklore' host: 'booklore.booklore_default' (Got an error reading communication packets)
2026-08-18 15:27:48 339456 [Warning] Aborted connection 339456 to db: 'booklore' user: 'booklore' host: 'booklore.booklore_default' (Got an error reading communication packets)
2026-08-18 15:33:56 339474 [Warning] Aborted connection 339474 to db: 'booklore' user: 'booklore' host: 'booklore.booklore_default' (Got an error reading communication packets)
2026-08-18 15:33:56 339472 [Warning] Aborted connection 339472 to db: 'booklore' user: 'booklore' host: 'booklore.booklore_default' (Got an error reading communication packets)
2026-08-18 15:33:56 339470 [Warning] Aborted connection 339470 to db: 'booklore' user: 'booklore' host: 'booklore.booklore_default' (Got an error reading communication packets)
2026-08-18 15:33:56 339473 [Warning] Aborted connection 339473 to db: 'booklore' user: 'booklore' host: 'booklore.booklore_default' (Got an error reading communication packets)
2026-08-18 15:33:56 339471 [Warning] Aborted connection 339471 to db: 'booklore' user: 'booklore' host: 'booklore.booklore_default' (Got an error reading communication packets)
2026-08-18 15:35:02 339551 [Warning] Aborted connection 339551 to db: 'booklore' user: 'booklore' host: 'booklore.booklore_default' (Got an error reading communication packets)
2026-08-18 15:35:02 339550 [Warning] Aborted connection 339550 to db: 'booklore' user: 'booklore' host: 'booklore.booklore_default' (Got an error reading communication packets)
2026-08-18 15:35:02 339546 [Warning] Aborted connection 339546 to db: 'booklore' user: 'booklore' host: 'booklore.booklore_default' (Got an error reading communication packets)
2026-08-18 15:35:02 339547 [Warning] Aborted connection 339547 to db: 'booklore' user: 'booklore' host: 'booklore.booklore_default' (Got an error reading communication packets)
2026-08-18 15:35:02 339548 [Warning] Aborted connection 339548 to db: 'booklore' user: 'booklore' host: 'booklore.booklore_default' (Got an error reading communication packets)
2026-08-18 15:35:02 339549 [Warning] Aborted connection 339549 to db: 'booklore' user: 'booklore' host: 'booklore.booklore_default' (Got an error reading communication packets)
2026-08-18 15:36:13 339570 [Warning] Aborted connection 339570 to db: 'booklore' user: 'booklore' host: 'booklore.booklore_default' (Got an error reading communication packets)
2026-08-18 15:36:13 339568 [Warning] Aborted connection 339568 to db: 'booklore' user: 'booklore' host: 'booklore.booklore_default' (Got an error reading communication packets)
2026-08-18 15:36:13 339565 [Warning] Aborted connection 339565 to db: 'booklore' user: 'booklore' host: 'booklore.booklore_default' (Got an error reading communication packets)
2026-08-18 15:36:13 339566 [Warning] Aborted connection 339566 to db: 'booklore' user: 'booklore' host: 'booklore.booklore_default' (Got an error reading communication packets)
2026-08-18 15:36:13 339569 [Warning] Aborted connection 339569 to db: 'booklore' user: 'booklore' host: 'booklore.booklore_default' (Got an error reading communication packets)
2026-08-18 15:36:13 339567 [Warning] Aborted connection 339567 to db: 'booklore' user: 'booklore' host: 'booklore.booklore_default' (Got an error reading communication packets)
2026-08-18 15:37:22 339590 [Warning] Aborted connection 339590 to db: 'booklore' user: 'booklore' host: 'booklore.booklore_default' (Got an error reading communication packets)
2026-08-18 15:37:22 339589 [Warning] Aborted connection 339589 to db: 'booklore' user: 'booklore' host: 'booklore.booklore_default' (Got an error reading communication packets)
2026-08-18 15:37:22 339588 [Warning] Aborted connection 339588 to db: 'booklore' user: 'booklore' host: 'booklore.booklore_default' (Got an error reading communication packets)
2026-08-18 15:37:22 339586 [Warning] Aborted connection 339586 to db: 'booklore' user: 'booklore' host: 'booklore.booklore_default' (Got an error reading communication packets)
2026-08-18 15:37:22 339587 [Warning] Aborted connection 339587 to db: 'booklore' user: 'booklore' host: 'booklore.booklore_default' (Got an error reading communication packets)
2026-08-18 15:37:22 339585 [Warning] Aborted connection 339585 to db: 'booklore' user: 'booklore' host: 'booklore.booklore_default' (Got an error reading communication packets)
2026-08-18 15:38:30 339607 [Warning] Aborted connection 339607 to db: 'booklore' user: 'booklore' host: 'booklore.booklore_default' (Got an error reading communication packets)
2026-08-18 15:38:30 339604 [Warning] Aborted connection 339604 to db: 'booklore' user: 'booklore' host: 'booklore.booklore_default' (Got an error reading communication packets)
2026-08-18 15:38:30 339605 [Warning] Aborted connection 339605 to db: 'booklore' user: 'booklore' host: 'booklore.booklore_default' (Got an error reading communication packets)
2026-08-18 15:38:30 339609 [Warning] Aborted connection 339609 to db: 'booklore' user: 'booklore' host: 'booklore.booklore_default' (Got an error reading communication packets)
2026-08-18 15:38:30 339608 [Warning] Aborted connection 339608 to db: 'booklore' user: 'booklore' host: 'booklore.booklore_default' (Got an error reading communication packets)
2026-08-18 15:38:30 339606 [Warning] Aborted connection 339606 to db: 'booklore' user: 'booklore' host: 'booklore.booklore_default' (Got an error reading communication packets)
2026-08-18 15:41:53 339628 [Warning] Aborted connection 339628 to db: 'booklore' user: 'booklore' host: 'booklore.booklore_default' (Got an error reading communication packets)
2026-08-18 15:41:53 339623 [Warning] Aborted connection 339623 to db: 'booklore' user: 'booklore' host: 'booklore.booklore_default' (Got an error reading communication packets)
2026-08-18 15:41:53 339624 [Warning] Aborted connection 339624 to db: 'booklore' user: 'booklore' host: 'booklore.booklore_default' (Got an error reading communication packets)
2026-08-18 15:41:53 339626 [Warning] Aborted connection 339626 to db: 'booklore' user: 'booklore' host: 'booklore.booklore_default' (Got an error reading communication packets)
2026-08-18 15:41:53 339625 [Warning] Aborted connection 339625 to db: 'booklore' user: 'booklore' host: 'booklore.booklore_default' (Got an error reading communication packets)
2026-08-18 15:41:53 339627 [Warning] Aborted connection 339627 to db: 'booklore' user: 'booklore' host: 'booklore.booklore_default' (Got an error reading communication packets)
2026-08-18 15:43:03 339674 [Warning] Aborted connection 339674 to db: 'booklore' user: 'booklore' host: 'booklore.booklore_default' (Got an error reading communication packets)
2026-08-18 15:43:03 339670 [Warning] Aborted connection 339670 to db: 'booklore' user: 'booklore' host: 'booklore.booklore_default' (Got an error reading communication packets)
2026-08-18 15:43:03 339669 [Warning] Aborted connection 339669 to db: 'booklore' user: 'booklore' host: 'booklore.booklore_default' (Got an error reading communication packets)
2026-08-18 15:43:03 339673 [Warning] Aborted connection 339673 to db: 'booklore' user: 'booklore' host: 'booklore.booklore_default' (Got an error reading communication packets)
2026-08-18 15:43:03 339672 [Warning] Aborted connection 339672 to db: 'booklore' user: 'booklore' host: 'booklore.booklore_default' (Got an error reading communication packets)
2026-08-18 15:43:03 339671 [Warning] Aborted connection 339671 to db: 'booklore' user: 'booklore' host: 'booklore.booklore_default' (Got an error reading communication packets)
2026-08-18 15:44:10 339694 [Warning] Aborted connection 339694 to db: 'booklore' user: 'booklore' host: 'booklore.booklore_default' (Got an error reading communication packets)
2026-08-18 15:44:10 339693 [Warning] Aborted connection 339693 to db: 'booklore' user: 'booklore' host: 'booklore.booklore_default' (Got an error reading communication packets)
2026-08-18 15:44:10 339692 [Warning] Aborted connection 339692 to db: 'booklore' user: 'booklore' host: 'booklore.booklore_default' (Got an error reading communication packets)
2026-08-18 15:44:10 339691 [Warning] Aborted connection 339691 to db: 'booklore' user: 'booklore' host: 'booklore.booklore_default' (Got an error reading communication packets)
2026-08-18 15:44:10 339690 [Warning] Aborted connection 339690 to db: 'booklore' user: 'booklore' host: 'booklore.booklore_default' (Got an error reading communication packets)
2026-08-18 15:44:10 339689 [Warning] Aborted connection 339689 to db: 'booklore' user: 'booklore' host: 'booklore.booklore_default' (Got an error reading communication packets)
2026-08-18 15:45:20 339713 [Warning] Aborted connection 339713 to db: 'booklore' user: 'booklore' host: 'booklore.booklore_default' (Got an error reading communication packets)
2026-08-18 15:45:20 339712 [Warning] Aborted connection 339712 to db: 'booklore' user: 'booklore' host: 'booklore.booklore_default' (Got an error reading communication packets)
2026-08-18 15:45:20 339710 [Warning] Aborted connection 339710 to db: 'booklore' user: 'booklore' host: 'booklore.booklore_default' (Got an error reading communication packets)
2026-08-18 15:45:20 339711 [Warning] Aborted connection 339711 to db: 'booklore' user: 'booklore' host: 'booklore.booklore_default' (Got an error reading communication packets)
2026-08-18 15:45:20 339708 [Warning] Aborted connection 339708 to db: 'booklore' user: 'booklore' host: 'booklore.booklore_default' (Got an error reading communication packets)
2026-08-18 15:45:20 339709 [Warning] Aborted connection 339709 to db: 'booklore' user: 'booklore' host: 'booklore.booklore_default' (Got an error reading communication packets)
2026-08-18 15:46:28 339733 [Warning] Aborted connection 339733 to db: 'booklore' user: 'booklore' host: 'booklore.booklore_default' (Got an error reading communication packets)
2026-08-18 15:46:28 339731 [Warning] Aborted connection 339731 to db: 'booklore' user: 'booklore' host: 'booklore.booklore_default' (Got an error reading communication packets)
2026-08-18 15:46:28 339730 [Warning] Aborted connection 339730 to db: 'booklore' user: 'booklore' host: 'booklore.booklore_default' (Got an error reading communication packets)
2026-08-18 15:46:28 339732 [Warning] Aborted connection 339732 to db: 'booklore' user: 'booklore' host: 'booklore.booklore_default' (Got an error reading communication packets)
2026-08-18 15:46:28 339729 [Warning] Aborted connection 339729 to db: 'booklore' user: 'booklore' host: 'booklore.booklore_default' (Got an error reading communication packets)
2026-08-18 15:46:28 339728 [Warning] Aborted connection 339728 to db: 'booklore' user: 'booklore' host: 'booklore.booklore_default' (Got an error reading communication packets)
2026-08-18 15:53:20 339750 [Warning] Aborted connection 339750 to db: 'booklore' user: 'booklore' host: 'booklore.booklore_default' (Got an error reading communication packets)
2026-08-18 15:53:20 339751 [Warning] Aborted connection 339751 to db: 'booklore' user: 'booklore' host: 'booklore.booklore_default' (Got an error reading communication packets)
2026-08-18 15:53:20 339749 [Warning] Aborted connection 339749 to db: 'booklore' user: 'booklore' host: 'booklore.booklore_default' (Got an error reading communication packets)
2026-08-18 15:53:20 339748 [Warning] Aborted connection 339748 to db: 'booklore' user: 'booklore' host: 'booklore.booklore_default' (Got an error reading communication packets)
2026-08-18 15:53:20 339747 [Warning] Aborted connection 339747 to db: 'booklore' user: 'booklore' host: 'booklore.booklore_default' (Got an error reading communication packets)
2026-08-18 15:54:26 339836 [Warning] Aborted connection 339836 to db: 'booklore' user: 'booklore' host: 'booklore.booklore_default' (Got an error reading communication packets)
2026-08-18 15:54:26 339835 [Warning] Aborted connection 339835 to db: 'booklore' user: 'booklore' host: 'booklore.booklore_default' (Got an error reading communication packets)
2026-08-18 15:54:26 339838 [Warning] Aborted connection 339838 to db: 'booklore' user: 'booklore' host: 'booklore.booklore_default' (Got an error reading communication packets)
2026-08-18 15:54:26 339837 [Warning] Aborted connection 339837 to db: 'booklore' user: 'booklore' host: 'booklore.booklore_default' (Got an error reading communication packets)
2026-08-18 15:54:26 339834 [Warning] Aborted connection 339834 to db: 'booklore' user: 'booklore' host: 'booklore.booklore_default' (Got an error reading communication packets)
2026-08-18 15:54:26 339833 [Warning] Aborted connection 339833 to db: 'booklore' user: 'booklore' host: 'booklore.booklore_default' (Got an error reading communication packets)
2026-08-18 15:55:38 339857 [Warning] Aborted connection 339857 to db: 'booklore' user: 'booklore' host: 'booklore.booklore_default' (Got an error reading communication packets)
2026-08-18 15:55:38 339855 [Warning] Aborted connection 339855 to db: 'booklore' user: 'booklore' host: 'booklore.booklore_default' (Got an error reading communication packets)
2026-08-18 15:55:38 339856 [Warning] Aborted connection 339856 to db: 'booklore' user: 'booklore' host: 'booklore.booklore_default' (Got an error reading communication packets)
2026-08-18 15:55:38 339854 [Warning] Aborted connection 339854 to db: 'booklore' user: 'booklore' host: 'booklore.booklore_default' (Got an error reading communication packets)
2026-08-18 15:55:38 339853 [Warning] Aborted connection 339853 to db: 'booklore' user: 'booklore' host: 'booklore.booklore_default' (Got an error reading communication packets)
2026-08-18 15:55:38 339852 [Warning] Aborted connection 339852 to db: 'booklore' user: 'booklore' host: 'booklore.booklore_default' (Got an error reading communication packets)
2026-08-18 15:56:46 339876 [Warning] Aborted connection 339876 to db: 'booklore' user: 'booklore' host: 'booklore.booklore_default' (Got an error reading communication packets)
2026-08-18 15:56:46 339877 [Warning] Aborted connection 339877 to db: 'booklore' user: 'booklore' host: 'booklore.booklore_default' (Got an error reading communication packets)
2026-08-18 15:56:46 339874 [Warning] Aborted connection 339874 to db: 'booklore' user: 'booklore' host: 'booklore.booklore_default' (Got an error reading communication packets)
2026-08-18 15:56:46 339875 [Warning] Aborted connection 339875 to db: 'booklore' user: 'booklore' host: 'booklore.booklore_default' (Got an error reading communication packets)
2026-08-18 15:56:46 339873 [Warning] Aborted connection 339873 to db: 'booklore' user: 'booklore' host: 'booklore.booklore_default' (Got an error reading communication packets)
2026-08-18 15:56:46 339872 [Warning] Aborted connection 339872 to db: 'booklore' user: 'booklore' host: 'booklore.booklore_default' (Got an error reading communication packets)
2026-08-18 15:57:55 339896 [Warning] Aborted connection 339896 to db: 'booklore' user: 'booklore' host: 'booklore.booklore_default' (Got an error reading communication packets)
2026-08-18 15:57:55 339895 [Warning] Aborted connection 339895 to db: 'booklore' user: 'booklore' host: 'booklore.booklore_default' (Got an error reading communication packets)
2026-08-18 15:57:55 339894 [Warning] Aborted connection 339894 to db: 'booklore' user: 'booklore' host: 'booklore.booklore_default' (Got an error reading communication packets)
2026-08-18 15:57:55 339893 [Warning] Aborted connection 339893 to db: 'booklore' user: 'booklore' host: 'booklore.booklore_default' (Got an error reading communication packets)
2026-08-18 15:57:55 339892 [Warning] Aborted connection 339892 to db: 'booklore' user: 'booklore' host: 'booklore.booklore_default' (Got an error reading communication packets)
2026-08-18 15:57:55 339891 [Warning] Aborted connection 339891 to db: 'booklore' user: 'booklore' host: 'booklore.booklore_default' (Got an error reading communication packets)
2026-08-18 15:59:02 339916 [Warning] Aborted connection 339916 to db: 'booklore' user: 'booklore' host: 'booklore.booklore_default' (Got an error reading communication packets)
2026-08-18 15:59:02 339915 [Warning] Aborted connection 339915 to db: 'booklore' user: 'booklore' host: 'booklore.booklore_default' (Got an error reading communication packets)
2026-08-18 15:59:02 339914 [Warning] Aborted connection 339914 to db: 'booklore' user: 'booklore' host: 'booklore.booklore_default' (Got an error reading communication packets)
2026-08-18 15:59:02 339913 [Warning] Aborted connection 339913 to db: 'booklore' user: 'booklore' host: 'booklore.booklore_default' (Got an error reading communication packets)
2026-08-18 15:59:02 339911 [Warning] Aborted connection 339911 to db: 'booklore' user: 'booklore' host: 'booklore.booklore_default' (Got an error reading communication packets)
2026-08-18 15:59:02 339912 [Warning] Aborted connection 339912 to db: 'booklore' user: 'booklore' host: 'booklore.booklore_default' (Got an error reading communication packets)
2026-08-18 16:00:06 339935 [Warning] Aborted connection 339935 to db: 'booklore' user: 'booklore' host: 'booklore.booklore_default' (Got an error reading communication packets)
2026-08-18 16:00:06 339933 [Warning] Aborted connection 339933 to db: 'booklore' user: 'booklore' host: 'booklore.booklore_default' (Got an error reading communication packets)
2026-08-18 16:00:06 339934 [Warning] Aborted connection 339934 to db: 'booklore' user: 'booklore' host: 'booklore.booklore_default' (Got an error reading communication packets)
2026-08-18 16:00:06 339931 [Warning] Aborted connection 339931 to db: 'booklore' user: 'booklore' host: 'booklore.booklore_default' (Got an error reading communication packets)
2026-08-18 16:00:06 339932 [Warning] Aborted connection 339932 to db: 'booklore' user: 'booklore' host: 'booklore.booklore_default' (Got an error reading communication packets)
2026-08-18 16:00:06 339930 [Warning] Aborted connection 339930 to db: 'booklore' user: 'booklore' host: 'booklore.booklore_default' (Got an error reading communication packets)
2026-08-18 16:00:53 339955 [Warning] Aborted connection 339955 to db: 'booklore' user: 'booklore' host: 'booklore.booklore_default' (Got an error reading communication packets)
2026-08-18 16:00:53 339954 [Warning] Aborted connection 339954 to db: 'booklore' user: 'booklore' host: 'booklore.booklore_default' (Got an error reading communication packets)
2026-08-18 16:00:53 339952 [Warning] Aborted connection 339952 to db: 'booklore' user: 'booklore' host: 'booklore.booklore_default' (Got an error reading communication packets)
2026-08-18 16:00:53 339949 [Warning] Aborted connection 339949 to db: 'booklore' user: 'booklore' host: 'booklore.booklore_default' (Got an error reading communication packets)
2026-08-18 16:00:53 339951 [Warning] Aborted connection 339951 to db: 'booklore' user: 'booklore' host: 'booklore.booklore_default' (Got an error reading communication packets)
2026-08-18 16:00:53 339953 [Warning] Aborted connection 339953 to db: 'booklore' user: 'booklore' host: 'booklore.booklore_default' (Got an error reading communication packets)
2026-08-18 16:01:58 339971 [Warning] Aborted connection 339971 to db: 'booklore' user: 'booklore' host: 'booklore.booklore_default' (Got an error reading communication packets)
2026-08-18 16:01:58 339968 [Warning] Aborted connection 339968 to db: 'booklore' user: 'booklore' host: 'booklore.booklore_default' (Got an error reading communication packets)
2026-08-18 16:01:58 339969 [Warning] Aborted connection 339969 to db: 'booklore' user: 'booklore' host: 'booklore.booklore_default' (Got an error reading communication packets)
2026-08-18 16:01:58 339970 [Warning] Aborted connection 339970 to db: 'booklore' user: 'booklore' host: 'booklore.booklore_default' (Got an error reading communication packets)
2026-08-18 16:01:58 339967 [Warning] Aborted connection 339967 to db: 'booklore' user: 'booklore' host: 'booklore.booklore_default' (Got an error reading communication packets)
2026-08-18 16:01:58 339966 [Warning] Aborted connection 339966 to db: 'booklore' user: 'booklore' host: 'booklore.booklore_default' (Got an error reading communication packets)
2026-08-18 16:03:29 339987 [Warning] Aborted connection 339987 to db: 'booklore' user: 'booklore' host: 'booklore.booklore_default' (Got an error reading communication packets)
2026-08-18 16:03:29 339984 [Warning] Aborted connection 339984 to db: 'booklore' user: 'booklore' host: 'booklore.booklore_default' (Got an error reading communication packets)
2026-08-18 16:03:29 339986 [Warning] Aborted connection 339986 to db: 'booklore' user: 'booklore' host: 'booklore.booklore_default' (Got an error reading communication packets)
2026-08-18 16:03:29 339988 [Warning] Aborted connection 339988 to db: 'booklore' user: 'booklore' host: 'booklore.booklore_default' (Got an error reading communication packets)
2026-08-18 16:03:29 339985 [Warning] Aborted connection 339985 to db: 'booklore' user: 'booklore' host: 'booklore.booklore_default' (Got an error reading communication packets)
2026-08-18 16:03:29 339983 [Warning] Aborted connection 339983 to db: 'booklore' user: 'booklore' host: 'booklore.booklore_default' (Got an error reading communication packets)
2026-08-18 16:04:11 340012 [Warning] Aborted connection 340012 to db: 'booklore' user: 'booklore' host: 'booklore.booklore_default' (Got an error reading communication packets)
2026-08-18 16:04:11 340010 [Warning] Aborted connection 340010 to db: 'booklore' user: 'booklore' host: 'booklore.booklore_default' (Got an error reading communication packets)
2026-08-18 16:04:11 340011 [Warning] Aborted connection 340011 to db: 'booklore' user: 'booklore' host: 'booklore.booklore_default' (Got an error reading communication packets)
2026-08-18 16:04:11 340009 [Warning] Aborted connection 340009 to db: 'booklore' user: 'booklore' host: 'booklore.booklore_default' (Got an error reading communication packets)
2026-08-18 16:04:11 340008 [Warning] Aborted connection 340008 to db: 'booklore' user: 'booklore' host: 'booklore.booklore_default' (Got an error reading communication packets)
2026-08-18 16:04:11 340007 [Warning] Aborted connection 340007 to db: 'booklore' user: 'booklore' host: 'booklore.booklore_default' (Got an error reading communication packets)
2026-08-18 16:04:56 340025 [Warning] Aborted connection 340025 to db: 'booklore' user: 'booklore' host: 'booklore.booklore_default' (Got an error reading communication packets)
2026-08-18 16:04:56 340026 [Warning] Aborted connection 340026 to db: 'booklore' user: 'booklore' host: 'booklore.booklore_default' (Got an error reading communication packets)
2026-08-18 16:04:56 340024 [Warning] Aborted connection 340024 to db: 'booklore' user: 'booklore' host: 'booklore.booklore_default' (Got an error reading communication packets)
2026-08-18 16:04:56 340023 [Warning] Aborted connection 340023 to db: 'booklore' user: 'booklore' host: 'booklore.booklore_default' (Got an error reading communication packets)
2026-08-18 16:04:56 340022 [Warning] Aborted connection 340022 to db: 'booklore' user: 'booklore' host: 'booklore.booklore_default' (Got an error reading communication packets)
2026-08-18 16:04:56 340021 [Warning] Aborted connection 340021 to db: 'booklore' user: 'booklore' host: 'booklore.booklore_default' (Got an error reading communication packets)
2026-08-18 16:05:48 340041 [Warning] Aborted connection 340041 to db: 'booklore' user: 'booklore' host: 'booklore.booklore_default' (Got an error reading communication packets)
2026-08-18 16:05:48 340040 [Warning] Aborted connection 340040 to db: 'booklore' user: 'booklore' host: 'booklore.booklore_default' (Got an error reading communication packets)
2026-08-18 16:05:48 340036 [Warning] Aborted connection 340036 to db: 'booklore' user: 'booklore' host: 'booklore.booklore_default' (Got an error reading communication packets)
2026-08-18 16:05:48 340038 [Warning] Aborted connection 340038 to db: 'booklore' user: 'booklore' host: 'booklore.booklore_default' (Got an error reading communication packets)
2026-08-18 16:05:48 340037 [Warning] Aborted connection 340037 to db: 'booklore' user: 'booklore' host: 'booklore.booklore_default' (Got an error reading communication packets)
2026-08-18 16:05:48 340039 [Warning] Aborted connection 340039 to db: 'booklore' user: 'booklore' host: 'booklore.booklore_default' (Got an error reading communication packets)
2026-08-18 16:06:28 340057 [Warning] Aborted connection 340057 to db: 'booklore' user: 'booklore' host: 'booklore.booklore_default' (Got an error reading communication packets)
2026-08-18 16:06:28 340053 [Warning] Aborted connection 340053 to db: 'booklore' user: 'booklore' host: 'booklore.booklore_default' (Got an error reading communication packets)
2026-08-18 16:06:28 340054 [Warning] Aborted connection 340054 to db: 'booklore' user: 'booklore' host: 'booklore.booklore_default' (Got an error reading communication packets)
2026-08-18 16:06:28 340055 [Warning] Aborted connection 340055 to db: 'booklore' user: 'booklore' host: 'booklore.booklore_default' (Got an error reading communication packets)
2026-08-18 16:06:28 340056 [Warning] Aborted connection 340056 to db: 'booklore' user: 'booklore' host: 'booklore.booklore_default' (Got an error reading communication packets)
2026-08-18 16:06:28 340052 [Warning] Aborted connection 340052 to db: 'booklore' user: 'booklore' host: 'booklore.booklore_default' (Got an error reading communication packets)
2026-08-18 16:07:09 340069 [Warning] Aborted connection 340069 to db: 'booklore' user: 'booklore' host: 'booklore.booklore_default' (Got an error reading communication packets)
2026-08-18 16:07:09 340071 [Warning] Aborted connection 340071 to db: 'booklore' user: 'booklore' host: 'booklore.booklore_default' (Got an error reading communication packets)
2026-08-18 16:07:09 340065 [Warning] Aborted connection 340065 to db: 'booklore' user: 'booklore' host: 'booklore.booklore_default' (Got an error reading communication packets)
2026-08-18 16:07:09 340067 [Warning] Aborted connection 340067 to db: 'booklore' user: 'booklore' host: 'booklore.booklore_default' (Got an error reading communication packets)
2026-08-18 16:07:09 340066 [Warning] Aborted connection 340066 to db: 'booklore' user: 'booklore' host: 'booklore.booklore_default' (Got an error reading communication packets)
2026-08-18 16:07:09 340068 [Warning] Aborted connection 340068 to db: 'booklore' user: 'booklore' host: 'booklore.booklore_default' (Got an error reading communication packets)
2026-08-18 16:07:57 340083 [Warning] Aborted connection 340083 to db: 'booklore' user: 'booklore' host: 'booklore.booklore_default' (Got an error reading communication packets)
2026-08-18 16:07:57 340080 [Warning] Aborted connection 340080 to db: 'booklore' user: 'booklore' host: 'booklore.booklore_default' (Got an error reading communication packets)
2026-08-18 16:07:57 340082 [Warning] Aborted connection 340082 to db: 'booklore' user: 'booklore' host: 'booklore.booklore_default' (Got an error reading communication packets)
2026-08-18 16:07:57 340084 [Warning] Aborted connection 340084 to db: 'booklore' user: 'booklore' host: 'booklore.booklore_default' (Got an error reading communication packets)
2026-08-18 16:07:57 340081 [Warning] Aborted connection 340081 to db: 'booklore' user: 'booklore' host: 'booklore.booklore_default' (Got an error reading communication packets)
2026-08-18 16:07:57 340079 [Warning] Aborted connection 340079 to db: 'booklore' user: 'booklore' host: 'booklore.booklore_default' (Got an error reading communication packets)
2026-08-18 16:08:30 340100 [Warning] Aborted connection 340100 to db: 'booklore' user: 'booklore' host: 'booklore.booklore_default' (Got an error reading communication packets)
2026-08-18 16:08:30 340097 [Warning] Aborted connection 340097 to db: 'booklore' user: 'booklore' host: 'booklore.booklore_default' (Got an error reading communication packets)
2026-08-18 16:08:30 340096 [Warning] Aborted connection 340096 to db: 'booklore' user: 'booklore' host: 'booklore.booklore_default' (Got an error reading communication packets)
2026-08-18 16:08:30 340099 [Warning] Aborted connection 340099 to db: 'booklore' user: 'booklore' host: 'booklore.booklore_default' (Got an error reading communication packets)
2026-08-18 16:08:30 340098 [Warning] Aborted connection 340098 to db: 'booklore' user: 'booklore' host: 'booklore.booklore_default' (Got an error reading communication packets)
2026-08-18 16:08:30 340095 [Warning] Aborted connection 340095 to db: 'booklore' user: 'booklore' host: 'booklore.booklore_default' (Got an error reading communication packets)
2026-08-18 16:09:20 340110 [Warning] Aborted connection 340110 to db: 'booklore' user: 'booklore' host: 'booklore.booklore_default' (Got an error reading communication packets)
2026-08-18 16:09:20 340109 [Warning] Aborted connection 340109 to db: 'booklore' user: 'booklore' host: 'booklore.booklore_default' (Got an error reading communication packets)
2026-08-18 16:09:20 340108 [Warning] Aborted connection 340108 to db: 'booklore' user: 'booklore' host: 'booklore.booklore_default' (Got an error reading communication packets)
2026-08-18 16:09:20 340111 [Warning] Aborted connection 340111 to db: 'booklore' user: 'booklore' host: 'booklore.booklore_default' (Got an error reading communication packets)
2026-08-18 16:09:20 340107 [Warning] Aborted connection 340107 to db: 'booklore' user: 'booklore' host: 'booklore.booklore_default' (Got an error reading communication packets)
2026-08-18 16:09:20 340112 [Warning] Aborted connection 340112 to db: 'booklore' user: 'booklore' host: 'booklore.booklore_default' (Got an error reading communication packets)
2026-08-18 16:10:22 340128 [Warning] Aborted connection 340128 to db: 'booklore' user: 'booklore' host: 'booklore.booklore_default' (Got an error reading communication packets)
2026-08-18 16:10:22 340126 [Warning] Aborted connection 340126 to db: 'booklore' user: 'booklore' host: 'booklore.booklore_default' (Got an error reading communication packets)
2026-08-18 16:10:22 340127 [Warning] Aborted connection 340127 to db: 'booklore' user: 'booklore' host: 'booklore.booklore_default' (Got an error reading communication packets)
2026-08-18 16:10:22 340123 [Warning] Aborted connection 340123 to db: 'booklore' user: 'booklore' host: 'booklore.booklore_default' (Got an error reading communication packets)
2026-08-18 16:10:22 340125 [Warning] Aborted connection 340125 to db: 'booklore' user: 'booklore' host: 'booklore.booklore_default' (Got an error reading communication packets)
2026-08-18 16:10:22 340124 [Warning] Aborted connection 340124 to db: 'booklore' user: 'booklore' host: 'booklore.booklore_default' (Got an error reading communication packets)
2026-08-18 16:11:03 340146 [Warning] Aborted connection 340146 to db: 'booklore' user: 'booklore' host: 'booklore.booklore_default' (Got an error reading communication packets)
2026-08-18 16:11:03 340144 [Warning] Aborted connection 340144 to db: 'booklore' user: 'booklore' host: 'booklore.booklore_default' (Got an error reading communication packets)
2026-08-18 16:11:03 340143 [Warning] Aborted connection 340143 to db: 'booklore' user: 'booklore' host: 'booklore.booklore_default' (Got an error reading communication packets)
2026-08-18 16:11:03 340142 [Warning] Aborted connection 340142 to db: 'booklore' user: 'booklore' host: 'booklore.booklore_default' (Got an error reading communication packets)
2026-08-18 16:11:03 340145 [Warning] Aborted connection 340145 to db: 'booklore' user: 'booklore' host: 'booklore.booklore_default' (Got an error reading communication packets)
2026-08-18 16:11:03 340141 [Warning] Aborted connection 340141 to db: 'booklore' user: 'booklore' host: 'booklore.booklore_default' (Got an error reading communication packets)
2026-08-18 16:11:43 340160 [Warning] Aborted connection 340160 to db: 'booklore' user: 'booklore' host: 'booklore.booklore_default' (Got an error reading communication packets)
2026-08-18 16:11:43 340158 [Warning] Aborted connection 340158 to db: 'booklore' user: 'booklore' host: 'booklore.booklore_default' (Got an error reading communication packets)
2026-08-18 16:11:43 340159 [Warning] Aborted connection 340159 to db: 'booklore' user: 'booklore' host: 'booklore.booklore_default' (Got an error reading communication packets)
2026-08-18 16:11:43 340157 [Warning] Aborted connection 340157 to db: 'booklore' user: 'booklore' host: 'booklore.booklore_default' (Got an error reading communication packets)
2026-08-18 16:11:43 340156 [Warning] Aborted connection 340156 to db: 'booklore' user: 'booklore' host: 'booklore.booklore_default' (Got an error reading communication packets)
2026-08-18 16:11:43 340155 [Warning] Aborted connection 340155 to db: 'booklore' user: 'booklore' host: 'booklore.booklore_default' (Got an error reading communication packets)
2026-08-18 16:12:33 340170 [Warning] Aborted connection 340170 to db: 'booklore' user: 'booklore' host: 'booklore.booklore_default' (Got an error reading communication packets)
2026-08-18 16:12:33 340174 [Warning] Aborted connection 340174 to db: 'booklore' user: 'booklore' host: 'booklore.booklore_default' (Got an error reading communication packets)
2026-08-18 16:12:33 340169 [Warning] Aborted connection 340169 to db: 'booklore' user: 'booklore' host: 'booklore.booklore_default' (Got an error reading communication packets)
2026-08-18 16:12:33 340168 [Warning] Aborted connection 340168 to db: 'booklore' user: 'booklore' host: 'booklore.booklore_default' (Got an error reading communication packets)
2026-08-18 16:12:33 340172 [Warning] Aborted connection 340172 to db: 'booklore' user: 'booklore' host: 'booklore.booklore_default' (Got an error reading communication packets)
2026-08-18 16:12:33 340173 [Warning] Aborted connection 340173 to db: 'booklore' user: 'booklore' host: 'booklore.booklore_default' (Got an error reading communication packets)
2026-08-18 16:13:10 340188 [Warning] Aborted connection 340188 to db: 'booklore' user: 'booklore' host: 'booklore.booklore_default' (Got an error reading communication packets)
2026-08-18 16:13:10 340189 [Warning] Aborted connection 340189 to db: 'booklore' user: 'booklore' host: 'booklore.booklore_default' (Got an error reading communication packets)
2026-08-18 16:13:10 340187 [Warning] Aborted connection 340187 to db: 'booklore' user: 'booklore' host: 'booklore.booklore_default' (Got an error reading communication packets)
2026-08-18 16:13:10 340186 [Warning] Aborted connection 340186 to db: 'booklore' user: 'booklore' host: 'booklore.booklore_default' (Got an error reading communication packets)
2026-08-18 16:13:10 340185 [Warning] Aborted connection 340185 to db: 'booklore' user: 'booklore' host: 'booklore.booklore_default' (Got an error reading communication packets)
2026-08-18 16:13:10 340184 [Warning] Aborted connection 340184 to db: 'booklore' user: 'booklore' host: 'booklore.booklore_default' (Got an error reading communication packets)
2026-08-18 16:13:42 340202 [Warning] Aborted connection 340202 to db: 'booklore' user: 'booklore' host: 'booklore.booklore_default' (Got an error reading communication packets)
2026-08-18 16:13:42 340199 [Warning] Aborted connection 340199 to db: 'booklore' user: 'booklore' host: 'booklore.booklore_default' (Got an error reading communication packets)
2026-08-18 16:13:42 340201 [Warning] Aborted connection 340201 to db: 'booklore' user: 'booklore' host: 'booklore.booklore_default' (Got an error reading communication packets)
2026-08-18 16:13:42 340197 [Warning] Aborted connection 340197 to db: 'booklore' user: 'booklore' host: 'booklore.booklore_default' (Got an error reading communication packets)
2026-08-18 16:13:42 340200 [Warning] Aborted connection 340200 to db: 'booklore' user: 'booklore' host: 'booklore.booklore_default' (Got an error reading communication packets)
2026-08-18 16:13:42 340198 [Warning] Aborted connection 340198 to db: 'booklore' user: 'booklore' host: 'booklore.booklore_default' (Got an error reading communication packets)
2026-08-18 16:14:29 340214 [Warning] Aborted connection 340214 to db: 'booklore' user: 'booklore' host: 'booklore.booklore_default' (Got an error reading communication packets)
2026-08-18 16:14:29 340213 [Warning] Aborted connection 340213 to db: 'booklore' user: 'booklore' host: 'booklore.booklore_default' (Got an error reading communication packets)
2026-08-18 16:14:29 340212 [Warning] Aborted connection 340212 to db: 'booklore' user: 'booklore' host: 'booklore.booklore_default' (Got an error reading communication packets)
2026-08-18 16:14:29 340211 [Warning] Aborted connection 340211 to db: 'booklore' user: 'booklore' host: 'booklore.booklore_default' (Got an error reading communication packets)
2026-08-18 16:14:29 340210 [Warning] Aborted connection 340210 to db: 'booklore' user: 'booklore' host: 'booklore.booklore_default' (Got an error reading communication packets)
2026-08-18 16:14:29 340209 [Warning] Aborted connection 340209 to db: 'booklore' user: 'booklore' host: 'booklore.booklore_default' (Got an error reading communication packets)
2026-08-18 16:15:52 340228 [Warning] Aborted connection 340228 to db: 'booklore' user: 'booklore' host: 'booklore.booklore_default' (Got an error reading communication packets)
2026-08-18 16:15:52 340229 [Warning] Aborted connection 340229 to db: 'booklore' user: 'booklore' host: 'booklore.booklore_default' (Got an error reading communication packets)
2026-08-18 16:15:52 340225 [Warning] Aborted connection 340225 to db: 'booklore' user: 'booklore' host: 'booklore.booklore_default' (Got an error reading communication packets)
2026-08-18 16:15:52 340224 [Warning] Aborted connection 340224 to db: 'booklore' user: 'booklore' host: 'booklore.booklore_default' (Got an error reading communication packets)
2026-08-18 16:15:52 340227 [Warning] Aborted connection 340227 to db: 'booklore' user: 'booklore' host: 'booklore.booklore_default' (Got an error reading communication packets)
2026-08-18 16:15:52 340226 [Warning] Aborted connection 340226 to db: 'booklore' user: 'booklore' host: 'booklore.booklore_default' (Got an error reading communication packets)
2026-08-18 16:16:25 340251 [Warning] Aborted connection 340251 to db: 'booklore' user: 'booklore' host: 'booklore.booklore_default' (Got an error reading communication packets)
2026-08-18 16:16:25 340246 [Warning] Aborted connection 340246 to db: 'booklore' user: 'booklore' host: 'booklore.booklore_default' (Got an error reading communication packets)
2026-08-18 16:16:25 340250 [Warning] Aborted connection 340250 to db: 'booklore' user: 'booklore' host: 'booklore.booklore_default' (Got an error reading communication packets)
2026-08-18 16:16:25 340249 [Warning] Aborted connection 340249 to db: 'booklore' user: 'booklore' host: 'booklore.booklore_default' (Got an error reading communication packets)
2026-08-18 16:16:25 340248 [Warning] Aborted connection 340248 to db: 'booklore' user: 'booklore' host: 'booklore.booklore_default' (Got an error reading communication packets)
2026-08-18 16:16:25 340247 [Warning] Aborted connection 340247 to db: 'booklore' user: 'booklore' host: 'booklore.booklore_default' (Got an error reading communication packets)
2026-08-18 16:17:06 340264 [Warning] Aborted connection 340264 to db: 'booklore' user: 'booklore' host: 'booklore.booklore_default' (Got an error reading communication packets)
2026-08-18 16:17:06 340261 [Warning] Aborted connection 340261 to db: 'booklore' user: 'booklore' host: 'booklore.booklore_default' (Got an error reading communication packets)
2026-08-18 16:17:06 340260 [Warning] Aborted connection 340260 to db: 'booklore' user: 'booklore' host: 'booklore.booklore_default' (Got an error reading communication packets)
2026-08-18 16:17:06 340263 [Warning] Aborted connection 340263 to db: 'booklore' user: 'booklore' host: 'booklore.booklore_default' (Got an error reading communication packets)
2026-08-18 16:17:06 340259 [Warning] Aborted connection 340259 to db: 'booklore' user: 'booklore' host: 'booklore.booklore_default' (Got an error reading communication packets)
2026-08-18 16:17:06 340262 [Warning] Aborted connection 340262 to db: 'booklore' user: 'booklore' host: 'booklore.booklore_default' (Got an error reading communication packets)
2026-08-18 16:18:01 340278 [Warning] Aborted connection 340278 to db: 'booklore' user: 'booklore' host: 'booklore.booklore_default' (Got an error reading communication packets)
2026-08-18 16:18:01 340277 [Warning] Aborted connection 340277 to db: 'booklore' user: 'booklore' host: 'booklore.booklore_default' (Got an error reading communication packets)
2026-08-18 16:18:01 340275 [Warning] Aborted connection 340275 to db: 'booklore' user: 'booklore' host: 'booklore.booklore_default' (Got an error reading communication packets)
2026-08-18 16:18:01 340276 [Warning] Aborted connection 340276 to db: 'booklore' user: 'booklore' host: 'booklore.booklore_default' (Got an error reading communication packets)
2026-08-18 16:18:01 340273 [Warning] Aborted connection 340273 to db: 'booklore' user: 'booklore' host: 'booklore.booklore_default' (Got an error reading communication packets)
2026-08-18 16:18:01 340274 [Warning] Aborted connection 340274 to db: 'booklore' user: 'booklore' host: 'booklore.booklore_default' (Got an error reading communication packets)
2026-08-18 16:19:07 340295 [Warning] Aborted connection 340295 to db: 'booklore' user: 'booklore' host: 'booklore.booklore_default' (Got an error reading communication packets)
2026-08-18 16:19:07 340294 [Warning] Aborted connection 340294 to db: 'booklore' user: 'booklore' host: 'booklore.booklore_default' (Got an error reading communication packets)
2026-08-18 16:19:07 340293 [Warning] Aborted connection 340293 to db: 'booklore' user: 'booklore' host: 'booklore.booklore_default' (Got an error reading communication packets)
2026-08-18 16:19:07 340291 [Warning] Aborted connection 340291 to db: 'booklore' user: 'booklore' host: 'booklore.booklore_default' (Got an error reading communication packets)
2026-08-18 16:19:07 340290 [Warning] Aborted connection 340290 to db: 'booklore' user: 'booklore' host: 'booklore.booklore_default' (Got an error reading communication packets)
2026-08-18 16:19:07 340292 [Warning] Aborted connection 340292 to db: 'booklore' user: 'booklore' host: 'booklore.booklore_default' (Got an error reading communication packets)
2026-08-18 16:19:54 340313 [Warning] Aborted connection 340313 to db: 'booklore' user: 'booklore' host: 'booklore.booklore_default' (Got an error reading communication packets)
2026-08-18 16:19:54 340309 [Warning] Aborted connection 340309 to db: 'booklore' user: 'booklore' host: 'booklore.booklore_default' (Got an error reading communication packets)
2026-08-18 16:19:54 340312 [Warning] Aborted connection 340312 to db: 'booklore' user: 'booklore' host: 'booklore.booklore_default' (Got an error reading communication packets)
2026-08-18 16:19:54 340310 [Warning] Aborted connection 340310 to db: 'booklore' user: 'booklore' host: 'booklore.booklore_default' (Got an error reading communication packets)
2026-08-18 16:19:54 340311 [Warning] Aborted connection 340311 to db: 'booklore' user: 'booklore' host: 'booklore.booklore_default' (Got an error reading communication packets)
2026-08-18 16:19:54 340308 [Warning] Aborted connection 340308 to db: 'booklore' user: 'booklore' host: 'booklore.booklore_default' (Got an error reading communication packets)
2026-08-18 16:20:44 340328 [Warning] Aborted connection 340328 to db: 'booklore' user: 'booklore' host: 'booklore.booklore_default' (Got an error reading communication packets)
2026-08-18 16:20:44 340326 [Warning] Aborted connection 340326 to db: 'booklore' user: 'booklore' host: 'booklore.booklore_default' (Got an error reading communication packets)
2026-08-18 16:20:44 340324 [Warning] Aborted connection 340324 to db: 'booklore' user: 'booklore' host: 'booklore.booklore_default' (Got an error reading communication packets)
2026-08-18 16:20:44 340323 [Warning] Aborted connection 340323 to db: 'booklore' user: 'booklore' host: 'booklore.booklore_default' (Got an error reading communication packets)
2026-08-18 16:20:44 340327 [Warning] Aborted connection 340327 to db: 'booklore' user: 'booklore' host: 'booklore.booklore_default' (Got an error reading communication packets)
2026-08-18 16:20:44 340325 [Warning] Aborted connection 340325 to db: 'booklore' user: 'booklore' host: 'booklore.booklore_default' (Got an error reading communication packets)
2026-08-18 16:21:21 340344 [Warning] Aborted connection 340344 to db: 'booklore' user: 'booklore' host: 'booklore.booklore_default' (Got an error reading communication packets)
2026-08-18 16:21:21 340343 [Warning] Aborted connection 340343 to db: 'booklore' user: 'booklore' host: 'booklore.booklore_default' (Got an error reading communication packets)
2026-08-18 16:21:21 340342 [Warning] Aborted connection 340342 to db: 'booklore' user: 'booklore' host: 'booklore.booklore_default' (Got an error reading communication packets)
2026-08-18 16:21:21 340341 [Warning] Aborted connection 340341 to db: 'booklore' user: 'booklore' host: 'booklore.booklore_default' (Got an error reading communication packets)
2026-08-18 16:21:21 340340 [Warning] Aborted connection 340340 to db: 'booklore' user: 'booklore' host: 'booklore.booklore_default' (Got an error reading communication packets)
2026-08-18 16:21:21 340339 [Warning] Aborted connection 340339 to db: 'booklore' user: 'booklore' host: 'booklore.booklore_default' (Got an error reading communication packets)
2026-08-18 16:22:12 340359 [Warning] Aborted connection 340359 to db: 'booklore' user: 'booklore' host: 'booklore.booklore_default' (Got an error reading communication packets)
2026-08-18 16:22:12 340358 [Warning] Aborted connection 340358 to db: 'booklore' user: 'booklore' host: 'booklore.booklore_default' (Got an error reading communication packets)
2026-08-18 16:22:12 340356 [Warning] Aborted connection 340356 to db: 'booklore' user: 'booklore' host: 'booklore.booklore_default' (Got an error reading communication packets)
2026-08-18 16:22:12 340355 [Warning] Aborted connection 340355 to db: 'booklore' user: 'booklore' host: 'booklore.booklore_default' (Got an error reading communication packets)
2026-08-18 16:22:12 340354 [Warning] Aborted connection 340354 to db: 'booklore' user: 'booklore' host: 'booklore.booklore_default' (Got an error reading communication packets)
2026-08-18 16:22:12 340357 [Warning] Aborted connection 340357 to db: 'booklore' user: 'booklore' host: 'booklore.booklore_default' (Got an error reading communication packets)
2026-08-18 16:22:42 340373 [Warning] Aborted connection 340373 to db: 'booklore' user: 'booklore' host: 'booklore.booklore_default' (Got an error reading communication packets)
2026-08-18 16:22:42 340372 [Warning] Aborted connection 340372 to db: 'booklore' user: 'booklore' host: 'booklore.booklore_default' (Got an error reading communication packets)
2026-08-18 16:22:42 340368 [Warning] Aborted connection 340368 to db: 'booklore' user: 'booklore' host: 'booklore.booklore_default' (Got an error reading communication packets)
2026-08-18 16:22:42 340370 [Warning] Aborted connection 340370 to db: 'booklore' user: 'booklore' host: 'booklore.booklore_default' (Got an error reading communication packets)
2026-08-18 16:22:42 340371 [Warning] Aborted connection 340371 to db: 'booklore' user: 'booklore' host: 'booklore.booklore_default' (Got an error reading communication packets)
2026-08-18 16:22:42 340369 [Warning] Aborted connection 340369 to db: 'booklore' user: 'booklore' host: 'booklore.booklore_default' (Got an error reading communication packets)
2026-08-18 16:23:43 340385 [Warning] Aborted connection 340385 to db: 'booklore' user: 'booklore' host: 'booklore.booklore_default' (Got an error reading communication packets)
2026-08-18 16:23:43 340382 [Warning] Aborted connection 340382 to db: 'booklore' user: 'booklore' host: 'booklore.booklore_default' (Got an error reading communication packets)
2026-08-18 16:23:43 340383 [Warning] Aborted connection 340383 to db: 'booklore' user: 'booklore' host: 'booklore.booklore_default' (Got an error reading communication packets)
2026-08-18 16:23:43 340381 [Warning] Aborted connection 340381 to db: 'booklore' user: 'booklore' host: 'booklore.booklore_default' (Got an error reading communication packets)
2026-08-18 16:23:43 340380 [Warning] Aborted connection 340380 to db: 'booklore' user: 'booklore' host: 'booklore.booklore_default' (Got an error reading communication packets)
2026-08-18 16:23:43 340384 [Warning] Aborted connection 340384 to db: 'booklore' user: 'booklore' host: 'booklore.booklore_default' (Got an error reading communication packets)
2026-08-18 16:24:14 340403 [Warning] Aborted connection 340403 to db: 'booklore' user: 'booklore' host: 'booklore.booklore_default' (Got an error reading communication packets)
2026-08-18 16:24:14 340402 [Warning] Aborted connection 340402 to db: 'booklore' user: 'booklore' host: 'booklore.booklore_default' (Got an error reading communication packets)
2026-08-18 16:24:14 340400 [Warning] Aborted connection 340400 to db: 'booklore' user: 'booklore' host: 'booklore.booklore_default' (Got an error reading communication packets)
2026-08-18 16:24:14 340398 [Warning] Aborted connection 340398 to db: 'booklore' user: 'booklore' host: 'booklore.booklore_default' (Got an error reading communication packets)
2026-08-18 16:24:14 340399 [Warning] Aborted connection 340399 to db: 'booklore' user: 'booklore' host: 'booklore.booklore_default' (Got an error reading communication packets)
2026-08-18 16:24:14 340401 [Warning] Aborted connection 340401 to db: 'booklore' user: 'booklore' host: 'booklore.booklore_default' (Got an error reading communication packets)
2026-08-18 16:24:52 340414 [Warning] Aborted connection 340414 to db: 'booklore' user: 'booklore' host: 'booklore.booklore_default' (Got an error reading communication packets)
2026-08-18 16:24:52 340411 [Warning] Aborted connection 340411 to db: 'booklore' user: 'booklore' host: 'booklore.booklore_default' (Got an error reading communication packets)
2026-08-18 16:24:52 340410 [Warning] Aborted connection 340410 to db: 'booklore' user: 'booklore' host: 'booklore.booklore_default' (Got an error reading communication packets)
2026-08-18 16:24:52 340409 [Warning] Aborted connection 340409 to db: 'booklore' user: 'booklore' host: 'booklore.booklore_default' (Got an error reading communication packets)
2026-08-18 16:24:52 340412 [Warning] Aborted connection 340412 to db: 'booklore' user: 'booklore' host: 'booklore.booklore_default' (Got an error reading communication packets)
2026-08-18 16:24:52 340413 [Warning] Aborted connection 340413 to db: 'booklore' user: 'booklore' host: 'booklore.booklore_default' (Got an error reading communication packets)
2026-08-18 16:25:24 340428 [Warning] Aborted connection 340428 to db: 'booklore' user: 'booklore' host: 'booklore.booklore_default' (Got an error reading communication packets)
2026-08-18 16:25:24 340426 [Warning] Aborted connection 340426 to db: 'booklore' user: 'booklore' host: 'booklore.booklore_default' (Got an error reading communication packets)
2026-08-18 16:25:24 340427 [Warning] Aborted connection 340427 to db: 'booklore' user: 'booklore' host: 'booklore.booklore_default' (Got an error reading communication packets)
2026-08-18 16:25:24 340425 [Warning] Aborted connection 340425 to db: 'booklore' user: 'booklore' host: 'booklore.booklore_default' (Got an error reading communication packets)
2026-08-18 16:25:24 340423 [Warning] Aborted connection 340423 to db: 'booklore' user: 'booklore' host: 'booklore.booklore_default' (Got an error reading communication packets)
2026-08-18 16:25:24 340424 [Warning] Aborted connection 340424 to db: 'booklore' user: 'booklore' host: 'booklore.booklore_default' (Got an error reading communication packets)
2026-08-18 16:26:11 340440 [Warning] Aborted connection 340440 to db: 'booklore' user: 'booklore' host: 'booklore.booklore_default' (Got an error reading communication packets)
2026-08-18 16:26:11 340438 [Warning] Aborted connection 340438 to db: 'booklore' user: 'booklore' host: 'booklore.booklore_default' (Got an error reading communication packets)
2026-08-18 16:26:11 340437 [Warning] Aborted connection 340437 to db: 'booklore' user: 'booklore' host: 'booklore.booklore_default' (Got an error reading communication packets)
2026-08-18 16:26:11 340439 [Warning] Aborted connection 340439 to db: 'booklore' user: 'booklore' host: 'booklore.booklore_default' (Got an error reading communication packets)
2026-08-18 16:26:11 340436 [Warning] Aborted connection 340436 to db: 'booklore' user: 'booklore' host: 'booklore.booklore_default' (Got an error reading communication packets)
2026-08-18 16:26:11 340435 [Warning] Aborted connection 340435 to db: 'booklore' user: 'booklore' host: 'booklore.booklore_default' (Got an error reading communication packets)
2026-08-18 16:27:12 340453 [Warning] Aborted connection 340453 to db: 'booklore' user: 'booklore' host: 'booklore.booklore_default' (Got an error reading communication packets)
2026-08-18 16:27:12 340454 [Warning] Aborted connection 340454 to db: 'booklore' user: 'booklore' host: 'booklore.booklore_default' (Got an error reading communication packets)
2026-08-18 16:27:12 340452 [Warning] Aborted connection 340452 to db: 'booklore' user: 'booklore' host: 'booklore.booklore_default' (Got an error reading communication packets)
2026-08-18 16:27:12 340455 [Warning] Aborted connection 340455 to db: 'booklore' user: 'booklore' host: 'booklore.booklore_default' (Got an error reading communication packets)
2026-08-18 16:27:12 340450 [Warning] Aborted connection 340450 to db: 'booklore' user: 'booklore' host: 'booklore.booklore_default' (Got an error reading communication packets)
2026-08-18 16:27:12 340451 [Warning] Aborted connection 340451 to db: 'booklore' user: 'booklore' host: 'booklore.booklore_default' (Got an error reading communication packets)
2026-08-18 16:27:53 340473 [Warning] Aborted connection 340473 to db: 'booklore' user: 'booklore' host: 'booklore.booklore_default' (Got an error reading communication packets)
2026-08-18 16:27:53 340472 [Warning] Aborted connection 340472 to db: 'booklore' user: 'booklore' host: 'booklore.booklore_default' (Got an error reading communication packets)
2026-08-18 16:27:53 340468 [Warning] Aborted connection 340468 to db: 'booklore' user: 'booklore' host: 'booklore.booklore_default' (Got an error reading communication packets)
2026-08-18 16:27:53 340469 [Warning] Aborted connection 340469 to db: 'booklore' user: 'booklore' host: 'booklore.booklore_default' (Got an error reading communication packets)
2026-08-18 16:27:53 340470 [Warning] Aborted connection 340470 to db: 'booklore' user: 'booklore' host: 'booklore.booklore_default' (Got an error reading communication packets)
2026-08-18 16:27:53 340471 [Warning] Aborted connection 340471 to db: 'booklore' user: 'booklore' host: 'booklore.booklore_default' (Got an error reading communication packets)
2026-08-18 16:28:42 340487 [Warning] Aborted connection 340487 to db: 'booklore' user: 'booklore' host: 'booklore.booklore_default' (Got an error reading communication packets)
2026-08-18 16:28:42 340486 [Warning] Aborted connection 340486 to db: 'booklore' user: 'booklore' host: 'booklore.booklore_default' (Got an error reading communication packets)
2026-08-18 16:28:42 340484 [Warning] Aborted connection 340484 to db: 'booklore' user: 'booklore' host: 'booklore.booklore_default' (Got an error reading communication packets)
2026-08-18 16:28:42 340483 [Warning] Aborted connection 340483 to db: 'booklore' user: 'booklore' host: 'booklore.booklore_default' (Got an error reading communication packets)
2026-08-18 16:28:42 340485 [Warning] Aborted connection 340485 to db: 'booklore' user: 'booklore' host: 'booklore.booklore_default' (Got an error reading communication packets)
2026-08-18 16:28:42 340482 [Warning] Aborted connection 340482 to db: 'booklore' user: 'booklore' host: 'booklore.booklore_default' (Got an error reading communication packets)
2026-08-18 16:29:33 340502 [Warning] Aborted connection 340502 to db: 'booklore' user: 'booklore' host: 'booklore.booklore_default' (Got an error reading communication packets)
2026-08-18 16:29:33 340503 [Warning] Aborted connection 340503 to db: 'booklore' user: 'booklore' host: 'booklore.booklore_default' (Got an error reading communication packets)
2026-08-18 16:29:33 340501 [Warning] Aborted connection 340501 to db: 'booklore' user: 'booklore' host: 'booklore.booklore_default' (Got an error reading communication packets)
2026-08-18 16:29:33 340500 [Warning] Aborted connection 340500 to db: 'booklore' user: 'booklore' host: 'booklore.booklore_default' (Got an error reading communication packets)
2026-08-18 16:29:33 340499 [Warning] Aborted connection 340499 to db: 'booklore' user: 'booklore' host: 'booklore.booklore_default' (Got an error reading communication packets)
2026-08-18 16:29:33 340498 [Warning] Aborted connection 340498 to db: 'booklore' user: 'booklore' host: 'booklore.booklore_default' (Got an error reading communication packets)
2026-08-18 16:30:16 340518 [Warning] Aborted connection 340518 to db: 'booklore' user: 'booklore' host: 'booklore.booklore_default' (Got an error reading communication packets)
2026-08-18 16:30:16 340517 [Warning] Aborted connection 340517 to db: 'booklore' user: 'booklore' host: 'booklore.booklore_default' (Got an error reading communication packets)
2026-08-18 16:30:16 340513 [Warning] Aborted connection 340513 to db: 'booklore' user: 'booklore' host: 'booklore.booklore_default' (Got an error reading communication packets)
2026-08-18 16:30:16 340515 [Warning] Aborted connection 340515 to db: 'booklore' user: 'booklore' host: 'booklore.booklore_default' (Got an error reading communication packets)
2026-08-18 16:30:16 340514 [Warning] Aborted connection 340514 to db: 'booklore' user: 'booklore' host: 'booklore.booklore_default' (Got an error reading communication packets)
2026-08-18 16:30:16 340516 [Warning] Aborted connection 340516 to db: 'booklore' user: 'booklore' host: 'booklore.booklore_default' (Got an error reading communication packets)
2026-08-18 16:31:02 340532 [Warning] Aborted connection 340532 to db: 'booklore' user: 'booklore' host: 'booklore.booklore_default' (Got an error reading communication packets)
2026-08-18 16:31:02 340531 [Warning] Aborted connection 340531 to db: 'booklore' user: 'booklore' host: 'booklore.booklore_default' (Got an error reading communication packets)
2026-08-18 16:31:02 340528 [Warning] Aborted connection 340528 to db: 'booklore' user: 'booklore' host: 'booklore.booklore_default' (Got an error reading communication packets)
2026-08-18 16:31:02 340529 [Warning] Aborted connection 340529 to db: 'booklore' user: 'booklore' host: 'booklore.booklore_default' (Got an error reading communication packets)
2026-08-18 16:31:02 340530 [Warning] Aborted connection 340530 to db: 'booklore' user: 'booklore' host: 'booklore.booklore_default' (Got an error reading communication packets)
2026-08-18 16:31:02 340527 [Warning] Aborted connection 340527 to db: 'booklore' user: 'booklore' host: 'booklore.booklore_default' (Got an error reading communication packets)
2026-08-18 16:32:04 340549 [Warning] Aborted connection 340549 to db: 'booklore' user: 'booklore' host: 'booklore.booklore_default' (Got an error reading communication packets)
2026-08-18 16:32:04 340547 [Warning] Aborted connection 340547 to db: 'booklore' user: 'booklore' host: 'booklore.booklore_default' (Got an error reading communication packets)
2026-08-18 16:32:04 340546 [Warning] Aborted connection 340546 to db: 'booklore' user: 'booklore' host: 'booklore.booklore_default' (Got an error reading communication packets)
2026-08-18 16:32:04 340545 [Warning] Aborted connection 340545 to db: 'booklore' user: 'booklore' host: 'booklore.booklore_default' (Got an error reading communication packets)
2026-08-18 16:32:04 340548 [Warning] Aborted connection 340548 to db: 'booklore' user: 'booklore' host: 'booklore.booklore_default' (Got an error reading communication packets)
2026-08-18 16:32:04 340544 [Warning] Aborted connection 340544 to db: 'booklore' user: 'booklore' host: 'booklore.booklore_default' (Got an error reading communication packets)
2026-08-18 16:32:42 340564 [Warning] Aborted connection 340564 to db: 'booklore' user: 'booklore' host: 'booklore.booklore_default' (Got an error reading communication packets)
2026-08-18 16:32:42 340563 [Warning] Aborted connection 340563 to db: 'booklore' user: 'booklore' host: 'booklore.booklore_default' (Got an error reading communication packets)
2026-08-18 16:32:42 340565 [Warning] Aborted connection 340565 to db: 'booklore' user: 'booklore' host: 'booklore.booklore_default' (Got an error reading communication packets)
2026-08-18 16:32:42 340561 [Warning] Aborted connection 340561 to db: 'booklore' user: 'booklore' host: 'booklore.booklore_default' (Got an error reading communication packets)
2026-08-18 16:32:42 340562 [Warning] Aborted connection 340562 to db: 'booklore' user: 'booklore' host: 'booklore.booklore_default' (Got an error reading communication packets)
2026-08-18 16:32:42 340560 [Warning] Aborted connection 340560 to db: 'booklore' user: 'booklore' host: 'booklore.booklore_default' (Got an error reading communication packets)
2026-08-18 16:33:30 340579 [Warning] Aborted connection 340579 to db: 'booklore' user: 'booklore' host: 'booklore.booklore_default' (Got an error reading communication packets)
2026-08-18 16:33:30 340574 [Warning] Aborted connection 340574 to db: 'booklore' user: 'booklore' host: 'booklore.booklore_default' (Got an error reading communication packets)
2026-08-18 16:33:30 340578 [Warning] Aborted connection 340578 to db: 'booklore' user: 'booklore' host: 'booklore.booklore_default' (Got an error reading communication packets)
2026-08-18 16:33:30 340576 [Warning] Aborted connection 340576 to db: 'booklore' user: 'booklore' host: 'booklore.booklore_default' (Got an error reading communication packets)
2026-08-18 16:33:30 340577 [Warning] Aborted connection 340577 to db: 'booklore' user: 'booklore' host: 'booklore.booklore_default' (Got an error reading communication packets)
2026-08-18 16:33:30 340575 [Warning] Aborted connection 340575 to db: 'booklore' user: 'booklore' host: 'booklore.booklore_default' (Got an error reading communication packets)
2026-08-18 16:34:14 340595 [Warning] Aborted connection 340595 to db: 'booklore' user: 'booklore' host: 'booklore.booklore_default' (Got an error reading communication packets)
2026-08-18 16:34:14 340594 [Warning] Aborted connection 340594 to db: 'booklore' user: 'booklore' host: 'booklore.booklore_default' (Got an error reading communication packets)
2026-08-18 16:34:14 340593 [Warning] Aborted connection 340593 to db: 'booklore' user: 'booklore' host: 'booklore.booklore_default' (Got an error reading communication packets)
2026-08-18 16:34:14 340591 [Warning] Aborted connection 340591 to db: 'booklore' user: 'booklore' host: 'booklore.booklore_default' (Got an error reading communication packets)
2026-08-18 16:34:14 340590 [Warning] Aborted connection 340590 to db: 'booklore' user: 'booklore' host: 'booklore.booklore_default' (Got an error reading communication packets)
2026-08-18 16:34:14 340592 [Warning] Aborted connection 340592 to db: 'booklore' user: 'booklore' host: 'booklore.booklore_default' (Got an error reading communication packets)
2026-08-18 16:34:53 340608 [Warning] Aborted connection 340608 to db: 'booklore' user: 'booklore' host: 'booklore.booklore_default' (Got an error reading communication packets)
2026-08-18 16:34:53 340606 [Warning] Aborted connection 340606 to db: 'booklore' user: 'booklore' host: 'booklore.booklore_default' (Got an error reading communication packets)
2026-08-18 16:34:53 340603 [Warning] Aborted connection 340603 to db: 'booklore' user: 'booklore' host: 'booklore.booklore_default' (Got an error reading communication packets)
2026-08-18 16:34:53 340607 [Warning] Aborted connection 340607 to db: 'booklore' user: 'booklore' host: 'booklore.booklore_default' (Got an error reading communication packets)
2026-08-18 16:34:53 340604 [Warning] Aborted connection 340604 to db: 'booklore' user: 'booklore' host: 'booklore.booklore_default' (Got an error reading communication packets)
2026-08-18 16:34:53 340605 [Warning] Aborted connection 340605 to db: 'booklore' user: 'booklore' host: 'booklore.booklore_default' (Got an error reading communication packets)
2026-08-18 16:35:38 340622 [Warning] Aborted connection 340622 to db: 'booklore' user: 'booklore' host: 'booklore.booklore_default' (Got an error reading communication packets)
2026-08-18 16:35:38 340620 [Warning] Aborted connection 340620 to db: 'booklore' user: 'booklore' host: 'booklore.booklore_default' (Got an error reading communication packets)
2026-08-18 16:35:38 340621 [Warning] Aborted connection 340621 to db: 'booklore' user: 'booklore' host: 'booklore.booklore_default' (Got an error reading communication packets)
2026-08-18 16:35:38 340619 [Warning] Aborted connection 340619 to db: 'booklore' user: 'booklore' host: 'booklore.booklore_default' (Got an error reading communication packets)
2026-08-18 16:35:38 340617 [Warning] Aborted connection 340617 to db: 'booklore' user: 'booklore' host: 'booklore.booklore_default' (Got an error reading communication packets)
2026-08-18 16:35:38 340618 [Warning] Aborted connection 340618 to db: 'booklore' user: 'booklore' host: 'booklore.booklore_default' (Got an error reading communication packets)
2026-08-18 16:36:10 340636 [Warning] Aborted connection 340636 to db: 'booklore' user: 'booklore' host: 'booklore.booklore_default' (Got an error reading communication packets)
2026-08-18 16:36:10 340634 [Warning] Aborted connection 340634 to db: 'booklore' user: 'booklore' host: 'booklore.booklore_default' (Got an error reading communication packets)
2026-08-18 16:36:10 340635 [Warning] Aborted connection 340635 to db: 'booklore' user: 'booklore' host: 'booklore.booklore_default' (Got an error reading communication packets)
2026-08-18 16:36:10 340633 [Warning] Aborted connection 340633 to db: 'booklore' user: 'booklore' host: 'booklore.booklore_default' (Got an error reading communication packets)
2026-08-18 16:36:10 340631 [Warning] Aborted connection 340631 to db: 'booklore' user: 'booklore' host: 'booklore.booklore_default' (Got an error reading communication packets)
2026-08-18 16:36:10 340632 [Warning] Aborted connection 340632 to db: 'booklore' user: 'booklore' host: 'booklore.booklore_default' (Got an error reading communication packets)
2026-08-18 16:36:52 340649 [Warning] Aborted connection 340649 to db: 'booklore' user: 'booklore' host: 'booklore.booklore_default' (Got an error reading communication packets)
2026-08-18 16:36:52 340646 [Warning] Aborted connection 340646 to db: 'booklore' user: 'booklore' host: 'booklore.booklore_default' (Got an error reading communication packets)
2026-08-18 16:36:52 340645 [Warning] Aborted connection 340645 to db: 'booklore' user: 'booklore' host: 'booklore.booklore_default' (Got an error reading communication packets)
2026-08-18 16:36:52 340644 [Warning] Aborted connection 340644 to db: 'booklore' user: 'booklore' host: 'booklore.booklore_default' (Got an error reading communication packets)
2026-08-18 16:36:52 340647 [Warning] Aborted connection 340647 to db: 'booklore' user: 'booklore' host: 'booklore.booklore_default' (Got an error reading communication packets)
2026-08-18 16:36:52 340648 [Warning] Aborted connection 340648 to db: 'booklore' user: 'booklore' host: 'booklore.booklore_default' (Got an error reading communication packets)
2026-08-18 16:37:33 340662 [Warning] Aborted connection 340662 to db: 'booklore' user: 'booklore' host: 'booklore.booklore_default' (Got an error reading communication packets)
2026-08-18 16:37:33 340661 [Warning] Aborted connection 340661 to db: 'booklore' user: 'booklore' host: 'booklore.booklore_default' (Got an error reading communication packets)
2026-08-18 16:37:33 340660 [Warning] Aborted connection 340660 to db: 'booklore' user: 'booklore' host: 'booklore.booklore_default' (Got an error reading communication packets)
2026-08-18 16:37:33 340659 [Warning] Aborted connection 340659 to db: 'booklore' user: 'booklore' host: 'booklore.booklore_default' (Got an error reading communication packets)
2026-08-18 16:37:33 340658 [Warning] Aborted connection 340658 to db: 'booklore' user: 'booklore' host: 'booklore.booklore_default' (Got an error reading communication packets)
2026-08-18 16:37:33 340657 [Warning] Aborted connection 340657 to db: 'booklore' user: 'booklore' host: 'booklore.booklore_default' (Got an error reading communication packets)
2026-08-18 16:38:13 340677 [Warning] Aborted connection 340677 to db: 'booklore' user: 'booklore' host: 'booklore.booklore_default' (Got an error reading communication packets)
2026-08-18 16:38:13 340673 [Warning] Aborted connection 340673 to db: 'booklore' user: 'booklore' host: 'booklore.booklore_default' (Got an error reading communication packets)
2026-08-18 16:38:13 340676 [Warning] Aborted connection 340676 to db: 'booklore' user: 'booklore' host: 'booklore.booklore_default' (Got an error reading communication packets)
2026-08-18 16:38:13 340672 [Warning] Aborted connection 340672 to db: 'booklore' user: 'booklore' host: 'booklore.booklore_default' (Got an error reading communication packets)
2026-08-18 16:38:13 340675 [Warning] Aborted connection 340675 to db: 'booklore' user: 'booklore' host: 'booklore.booklore_default' (Got an error reading communication packets)
2026-08-18 16:38:13 340674 [Warning] Aborted connection 340674 to db: 'booklore' user: 'booklore' host: 'booklore.booklore_default' (Got an error reading communication packets)
2026-08-18 16:38:48 340690 [Warning] Aborted connection 340690 to db: 'booklore' user: 'booklore' host: 'booklore.booklore_default' (Got an error reading communication packets)
2026-08-18 16:38:48 340689 [Warning] Aborted connection 340689 to db: 'booklore' user: 'booklore' host: 'booklore.booklore_default' (Got an error reading communication packets)
2026-08-18 16:38:48 340688 [Warning] Aborted connection 340688 to db: 'booklore' user: 'booklore' host: 'booklore.booklore_default' (Got an error reading communication packets)
2026-08-18 16:38:48 340686 [Warning] Aborted connection 340686 to db: 'booklore' user: 'booklore' host: 'booklore.booklore_default' (Got an error reading communication packets)
2026-08-18 16:38:48 340685 [Warning] Aborted connection 340685 to db: 'booklore' user: 'booklore' host: 'booklore.booklore_default' (Got an error reading communication packets)
2026-08-18 16:38:48 340687 [Warning] Aborted connection 340687 to db: 'booklore' user: 'booklore' host: 'booklore.booklore_default' (Got an error reading communication packets)
2026-08-18 16:39:53 340703 [Warning] Aborted connection 340703 to db: 'booklore' user: 'booklore' host: 'booklore.booklore_default' (Got an error reading communication packets)
2026-08-18 16:39:53 340699 [Warning] Aborted connection 340699 to db: 'booklore' user: 'booklore' host: 'booklore.booklore_default' (Got an error reading communication packets)
2026-08-18 16:39:53 340698 [Warning] Aborted connection 340698 to db: 'booklore' user: 'booklore' host: 'booklore.booklore_default' (Got an error reading communication packets)
2026-08-18 16:39:53 340700 [Warning] Aborted connection 340700 to db: 'booklore' user: 'booklore' host: 'booklore.booklore_default' (Got an error reading communication packets)
2026-08-18 16:39:53 340702 [Warning] Aborted connection 340702 to db: 'booklore' user: 'booklore' host: 'booklore.booklore_default' (Got an error reading communication packets)
2026-08-18 16:39:53 340701 [Warning] Aborted connection 340701 to db: 'booklore' user: 'booklore' host: 'booklore.booklore_default' (Got an error reading communication packets)
2026-08-18 16:40:42 340722 [Warning] Aborted connection 340722 to db: 'booklore' user: 'booklore' host: 'booklore.booklore_default' (Got an error reading communication packets)
2026-08-18 16:40:42 340720 [Warning] Aborted connection 340720 to db: 'booklore' user: 'booklore' host: 'booklore.booklore_default' (Got an error reading communication packets)
2026-08-18 16:40:42 340718 [Warning] Aborted connection 340718 to db: 'booklore' user: 'booklore' host: 'booklore.booklore_default' (Got an error reading communication packets)
2026-08-18 16:40:42 340719 [Warning] Aborted connection 340719 to db: 'booklore' user: 'booklore' host: 'booklore.booklore_default' (Got an error reading communication packets)
2026-08-18 16:40:42 340721 [Warning] Aborted connection 340721 to db: 'booklore' user: 'booklore' host: 'booklore.booklore_default' (Got an error reading communication packets)
2026-08-18 16:40:42 340717 [Warning] Aborted connection 340717 to db: 'booklore' user: 'booklore' host: 'booklore.booklore_default' (Got an error reading communication packets)
2026-08-18 16:41:30 340737 [Warning] Aborted connection 340737 to db: 'booklore' user: 'booklore' host: 'booklore.booklore_default' (Got an error reading communication packets)
2026-08-18 16:41:30 340732 [Warning] Aborted connection 340732 to db: 'booklore' user: 'booklore' host: 'booklore.booklore_default' (Got an error reading communication packets)
2026-08-18 16:41:30 340736 [Warning] Aborted connection 340736 to db: 'booklore' user: 'booklore' host: 'booklore.booklore_default' (Got an error reading communication packets)
2026-08-18 16:41:30 340734 [Warning] Aborted connection 340734 to db: 'booklore' user: 'booklore' host: 'booklore.booklore_default' (Got an error reading communication packets)
2026-08-18 16:41:30 340733 [Warning] Aborted connection 340733 to db: 'booklore' user: 'booklore' host: 'booklore.booklore_default' (Got an error reading communication packets)
2026-08-18 16:41:30 340735 [Warning] Aborted connection 340735 to db: 'booklore' user: 'booklore' host: 'booklore.booklore_default' (Got an error reading communication packets)
2026-08-18 16:42:07 340753 [Warning] Aborted connection 340753 to db: 'booklore' user: 'booklore' host: 'booklore.booklore_default' (Got an error reading communication packets)
2026-08-18 16:42:07 340752 [Warning] Aborted connection 340752 to db: 'booklore' user: 'booklore' host: 'booklore.booklore_default' (Got an error reading communication packets)
2026-08-18 16:42:07 340751 [Warning] Aborted connection 340751 to db: 'booklore' user: 'booklore' host: 'booklore.booklore_default' (Got an error reading communication packets)
2026-08-18 16:42:07 340749 [Warning] Aborted connection 340749 to db: 'booklore' user: 'booklore' host: 'booklore.booklore_default' (Got an error reading communication packets)
2026-08-18 16:42:07 340748 [Warning] Aborted connection 340748 to db: 'booklore' user: 'booklore' host: 'booklore.booklore_default' (Got an error reading communication packets)
2026-08-18 16:42:07 340750 [Warning] Aborted connection 340750 to db: 'booklore' user: 'booklore' host: 'booklore.booklore_default' (Got an error reading communication packets)
2026-08-18 16:42:59 340766 [Warning] Aborted connection 340766 to db: 'booklore' user: 'booklore' host: 'booklore.booklore_default' (Got an error reading communication packets)
2026-08-18 16:42:59 340764 [Warning] Aborted connection 340764 to db: 'booklore' user: 'booklore' host: 'booklore.booklore_default' (Got an error reading communication packets)
2026-08-18 16:42:59 340765 [Warning] Aborted connection 340765 to db: 'booklore' user: 'booklore' host: 'booklore.booklore_default' (Got an error reading communication packets)
2026-08-18 16:42:59 340763 [Warning] Aborted connection 340763 to db: 'booklore' user: 'booklore' host: 'booklore.booklore_default' (Got an error reading communication packets)
2026-08-18 16:42:59 340762 [Warning] Aborted connection 340762 to db: 'booklore' user: 'booklore' host: 'booklore.booklore_default' (Got an error reading communication packets)
2026-08-18 16:42:59 340761 [Warning] Aborted connection 340761 to db: 'booklore' user: 'booklore' host: 'booklore.booklore_default' (Got an error reading communication packets)
2026-08-18 16:43:48 340782 [Warning] Aborted connection 340782 to db: 'booklore' user: 'booklore' host: 'booklore.booklore_default' (Got an error reading communication packets)
2026-08-18 16:43:48 340781 [Warning] Aborted connection 340781 to db: 'booklore' user: 'booklore' host: 'booklore.booklore_default' (Got an error reading communication packets)
2026-08-18 16:43:48 340778 [Warning] Aborted connection 340778 to db: 'booklore' user: 'booklore' host: 'booklore.booklore_default' (Got an error reading communication packets)
2026-08-18 16:43:48 340777 [Warning] Aborted connection 340777 to db: 'booklore' user: 'booklore' host: 'booklore.booklore_default' (Got an error reading communication packets)
2026-08-18 16:43:48 340780 [Warning] Aborted connection 340780 to db: 'booklore' user: 'booklore' host: 'booklore.booklore_default' (Got an error reading communication packets)
2026-08-18 16:43:48 340779 [Warning] Aborted connection 340779 to db: 'booklore' user: 'booklore' host: 'booklore.booklore_default' (Got an error reading communication packets)
2026-08-18 16:44:42 340797 [Warning] Aborted connection 340797 to db: 'booklore' user: 'booklore' host: 'booklore.booklore_default' (Got an error reading communication packets)
2026-08-18 16:44:42 340796 [Warning] Aborted connection 340796 to db: 'booklore' user: 'booklore' host: 'booklore.booklore_default' (Got an error reading communication packets)
2026-08-18 16:44:42 340793 [Warning] Aborted connection 340793 to db: 'booklore' user: 'booklore' host: 'booklore.booklore_default' (Got an error reading communication packets)
2026-08-18 16:44:42 340794 [Warning] Aborted connection 340794 to db: 'booklore' user: 'booklore' host: 'booklore.booklore_default' (Got an error reading communication packets)
2026-08-18 16:44:42 340795 [Warning] Aborted connection 340795 to db: 'booklore' user: 'booklore' host: 'booklore.booklore_default' (Got an error reading communication packets)
2026-08-18 16:44:42 340792 [Warning] Aborted connection 340792 to db: 'booklore' user: 'booklore' host: 'booklore.booklore_default' (Got an error reading communication packets)
2026-08-18 16:45:26 340813 [Warning] Aborted connection 340813 to db: 'booklore' user: 'booklore' host: 'booklore.booklore_default' (Got an error reading communication packets)
2026-08-18 16:45:26 340812 [Warning] Aborted connection 340812 to db: 'booklore' user: 'booklore' host: 'booklore.booklore_default' (Got an error reading communication packets)
2026-08-18 16:45:26 340810 [Warning] Aborted connection 340810 to db: 'booklore' user: 'booklore' host: 'booklore.booklore_default' (Got an error reading communication packets)
2026-08-18 16:45:26 340809 [Warning] Aborted connection 340809 to db: 'booklore' user: 'booklore' host: 'booklore.booklore_default' (Got an error reading communication packets)
2026-08-18 16:45:26 340811 [Warning] Aborted connection 340811 to db: 'booklore' user: 'booklore' host: 'booklore.booklore_default' (Got an error reading communication packets)
2026-08-18 16:45:26 340814 [Warning] Aborted connection 340814 to db: 'booklore' user: 'booklore' host: 'booklore.booklore_default' (Got an error reading communication packets)
2026-08-18 17:27:48 341227 [Warning] Aborted connection 341227 to db: 'booklore' user: 'booklore' host: 'booklore.booklore_default' (Got an error reading communication packets)
2026-08-18 17:27:48 341330 [Warning] Aborted connection 341330 to db: 'booklore' user: 'booklore' host: 'booklore.booklore_default' (Got an error reading communication packets)
2026-08-18 17:27:48 341260 [Warning] Aborted connection 341260 to db: 'booklore' user: 'booklore' host: 'booklore.booklore_default' (Got an error reading communication packets)
2026-08-18 17:27:48 341341 [Warning] Aborted connection 341341 to db: 'booklore' user: 'booklore' host: 'booklore.booklore_default' (Got an error reading communication packets)
2026-08-18 17:27:48 341252 [Warning] Aborted connection 341252 to db: 'booklore' user: 'booklore' host: 'booklore.booklore_default' (Got an error reading communication packets)
2026-08-18 17:30:03 341350 [Warning] Aborted connection 341350 to db: 'booklore' user: 'booklore' host: 'booklore.booklore_default' (Got an error reading communication packets)
2026-08-18 17:30:03 341351 [Warning] Aborted connection 341351 to db: 'booklore' user: 'booklore' host: 'booklore.booklore_default' (Got an error reading communication packets)
2026-08-18 17:30:03 341348 [Warning] Aborted connection 341348 to db: 'booklore' user: 'booklore' host: 'booklore.booklore_default' (Got an error reading communication packets)
2026-08-18 17:30:03 341347 [Warning] Aborted connection 341347 to db: 'booklore' user: 'booklore' host: 'booklore.booklore_default' (Got an error reading communication packets)
2026-08-18 17:30:03 341349 [Warning] Aborted connection 341349 to db: 'booklore' user: 'booklore' host: 'booklore.booklore_default' (Got an error reading communication packets)
2026-08-18 17:30:03 341352 [Warning] Aborted connection 341352 to db: 'booklore' user: 'booklore' host: 'booklore.booklore_default' (Got an error reading communication packets)
2026-08-18 17:31:14 341382 [Warning] Aborted connection 341382 to db: 'booklore' user: 'booklore' host: 'booklore.booklore_default' (Got an error reading communication packets)
2026-08-18 17:31:14 341383 [Warning] Aborted connection 341383 to db: 'booklore' user: 'booklore' host: 'booklore.booklore_default' (Got an error reading communication packets)
2026-08-18 17:31:14 341384 [Warning] Aborted connection 341384 to db: 'booklore' user: 'booklore' host: 'booklore.booklore_default' (Got an error reading communication packets)
2026-08-18 17:31:14 341379 [Warning] Aborted connection 341379 to db: 'booklore' user: 'booklore' host: 'booklore.booklore_default' (Got an error reading communication packets)
2026-08-18 17:31:14 341381 [Warning] Aborted connection 341381 to db: 'booklore' user: 'booklore' host: 'booklore.booklore_default' (Got an error reading communication packets)
2026-08-18 17:31:14 341380 [Warning] Aborted connection 341380 to db: 'booklore' user: 'booklore' host: 'booklore.booklore_default' (Got an error reading communication packets)
2026-08-18 17:32:22 341404 [Warning] Aborted connection 341404 to db: 'booklore' user: 'booklore' host: 'booklore.booklore_default' (Got an error reading communication packets)
2026-08-18 17:32:22 341403 [Warning] Aborted connection 341403 to db: 'booklore' user: 'booklore' host: 'booklore.booklore_default' (Got an error reading communication packets)
2026-08-18 17:32:22 341401 [Warning] Aborted connection 341401 to db: 'booklore' user: 'booklore' host: 'booklore.booklore_default' (Got an error reading communication packets)
2026-08-18 17:32:22 341399 [Warning] Aborted connection 341399 to db: 'booklore' user: 'booklore' host: 'booklore.booklore_default' (Got an error reading communication packets)
2026-08-18 17:32:22 341400 [Warning] Aborted connection 341400 to db: 'booklore' user: 'booklore' host: 'booklore.booklore_default' (Got an error reading communication packets)
2026-08-18 17:32:22 341402 [Warning] Aborted connection 341402 to db: 'booklore' user: 'booklore' host: 'booklore.booklore_default' (Got an error reading communication packets)
2026-08-18 17:34:35 341424 [Warning] Aborted connection 341424 to db: 'booklore' user: 'booklore' host: 'booklore.booklore_default' (Got an error reading communication packets)
2026-08-18 17:34:35 341422 [Warning] Aborted connection 341422 to db: 'booklore' user: 'booklore' host: 'booklore.booklore_default' (Got an error reading communication packets)
2026-08-18 17:34:35 341418 [Warning] Aborted connection 341418 to db: 'booklore' user: 'booklore' host: 'booklore.booklore_default' (Got an error reading communication packets)
2026-08-18 17:34:35 341423 [Warning] Aborted connection 341423 to db: 'booklore' user: 'booklore' host: 'booklore.booklore_default' (Got an error reading communication packets)
2026-08-18 17:34:35 341421 [Warning] Aborted connection 341421 to db: 'booklore' user: 'booklore' host: 'booklore.booklore_default' (Got an error reading communication packets)
2026-08-18 17:34:35 341420 [Warning] Aborted connection 341420 to db: 'booklore' user: 'booklore' host: 'booklore.booklore_default' (Got an error reading communication packets)
2026-08-18 17:35:29 341456 [Warning] Aborted connection 341456 to db: 'booklore' user: 'booklore' host: 'booklore.booklore_default' (Got an error reading communication packets)
2026-08-18 17:35:29 341454 [Warning] Aborted connection 341454 to db: 'booklore' user: 'booklore' host: 'booklore.booklore_default' (Got an error reading communication packets)
2026-08-18 17:35:29 341455 [Warning] Aborted connection 341455 to db: 'booklore' user: 'booklore' host: 'booklore.booklore_default' (Got an error reading communication packets)
2026-08-18 17:35:29 341451 [Warning] Aborted connection 341451 to db: 'booklore' user: 'booklore' host: 'booklore.booklore_default' (Got an error reading communication packets)
2026-08-18 17:35:29 341453 [Warning] Aborted connection 341453 to db: 'booklore' user: 'booklore' host: 'booklore.booklore_default' (Got an error reading communication packets)
2026-08-18 17:35:29 341452 [Warning] Aborted connection 341452 to db: 'booklore' user: 'booklore' host: 'booklore.booklore_default' (Got an error reading communication packets)
2026-08-18 17:36:09 341473 [Warning] Aborted connection 341473 to db: 'booklore' user: 'booklore' host: 'booklore.booklore_default' (Got an error reading communication packets)
2026-08-18 17:36:09 341471 [Warning] Aborted connection 341471 to db: 'booklore' user: 'booklore' host: 'booklore.booklore_default' (Got an error reading communication packets)
2026-08-18 17:36:09 341469 [Warning] Aborted connection 341469 to db: 'booklore' user: 'booklore' host: 'booklore.booklore_default' (Got an error reading communication packets)
2026-08-18 17:36:09 341472 [Warning] Aborted connection 341472 to db: 'booklore' user: 'booklore' host: 'booklore.booklore_default' (Got an error reading communication packets)
2026-08-18 17:36:09 341470 [Warning] Aborted connection 341470 to db: 'booklore' user: 'booklore' host: 'booklore.booklore_default' (Got an error reading communication packets)
2026-08-18 17:36:09 341468 [Warning] Aborted connection 341468 to db: 'booklore' user: 'booklore' host: 'booklore.booklore_default' (Got an error reading communication packets)
2026-08-18 17:36:55 341487 [Warning] Aborted connection 341487 to db: 'booklore' user: 'booklore' host: 'booklore.booklore_default' (Got an error reading communication packets)
2026-08-18 17:36:55 341485 [Warning] Aborted connection 341485 to db: 'booklore' user: 'booklore' host: 'booklore.booklore_default' (Got an error reading communication packets)
2026-08-18 17:36:55 341483 [Warning] Aborted connection 341483 to db: 'booklore' user: 'booklore' host: 'booklore.booklore_default' (Got an error reading communication packets)
2026-08-18 17:36:55 341484 [Warning] Aborted connection 341484 to db: 'booklore' user: 'booklore' host: 'booklore.booklore_default' (Got an error reading communication packets)
2026-08-18 17:36:55 341482 [Warning] Aborted connection 341482 to db: 'booklore' user: 'booklore' host: 'booklore.booklore_default' (Got an error reading communication packets)
2026-08-18 17:36:55 341486 [Warning] Aborted connection 341486 to db: 'booklore' user: 'booklore' host: 'booklore.booklore_default' (Got an error reading communication packets)
2026-08-18 17:37:45 341500 [Warning] Aborted connection 341500 to db: 'booklore' user: 'booklore' host: 'booklore.booklore_default' (Got an error reading communication packets)
2026-08-18 17:37:45 341501 [Warning] Aborted connection 341501 to db: 'booklore' user: 'booklore' host: 'booklore.booklore_default' (Got an error reading communication packets)
2026-08-18 17:37:45 341498 [Warning] Aborted connection 341498 to db: 'booklore' user: 'booklore' host: 'booklore.booklore_default' (Got an error reading communication packets)
2026-08-18 17:37:45 341497 [Warning] Aborted connection 341497 to db: 'booklore' user: 'booklore' host: 'booklore.booklore_default' (Got an error reading communication packets)
2026-08-18 17:37:45 341496 [Warning] Aborted connection 341496 to db: 'booklore' user: 'booklore' host: 'booklore.booklore_default' (Got an error reading communication packets)
2026-08-18 17:37:45 341499 [Warning] Aborted connection 341499 to db: 'booklore' user: 'booklore' host: 'booklore.booklore_default' (Got an error reading communication packets)
2026-08-18 17:38:52 341517 [Warning] Aborted connection 341517 to db: 'booklore' user: 'booklore' host: 'booklore.booklore_default' (Got an error reading communication packets)
2026-08-18 17:38:52 341516 [Warning] Aborted connection 341516 to db: 'booklore' user: 'booklore' host: 'booklore.booklore_default' (Got an error reading communication packets)
2026-08-18 17:38:52 341514 [Warning] Aborted connection 341514 to db: 'booklore' user: 'booklore' host: 'booklore.booklore_default' (Got an error reading communication packets)
2026-08-18 17:38:52 341513 [Warning] Aborted connection 341513 to db: 'booklore' user: 'booklore' host: 'booklore.booklore_default' (Got an error reading communication packets)
2026-08-18 17:38:52 341515 [Warning] Aborted connection 341515 to db: 'booklore' user: 'booklore' host: 'booklore.booklore_default' (Got an error reading communication packets)
2026-08-18 17:38:52 341512 [Warning] Aborted connection 341512 to db: 'booklore' user: 'booklore' host: 'booklore.booklore_default' (Got an error reading communication packets)
2026-08-18 17:39:47 341536 [Warning] Aborted connection 341536 to db: 'booklore' user: 'booklore' host: 'booklore.booklore_default' (Got an error reading communication packets)
2026-08-18 17:39:47 341534 [Warning] Aborted connection 341534 to db: 'booklore' user: 'booklore' host: 'booklore.booklore_default' (Got an error reading communication packets)
2026-08-18 17:39:47 341531 [Warning] Aborted connection 341531 to db: 'booklore' user: 'booklore' host: 'booklore.booklore_default' (Got an error reading communication packets)
2026-08-18 17:39:47 341533 [Warning] Aborted connection 341533 to db: 'booklore' user: 'booklore' host: 'booklore.booklore_default' (Got an error reading communication packets)
2026-08-18 17:39:47 341532 [Warning] Aborted connection 341532 to db: 'booklore' user: 'booklore' host: 'booklore.booklore_default' (Got an error reading communication packets)
2026-08-18 17:39:47 341535 [Warning] Aborted connection 341535 to db: 'booklore' user: 'booklore' host: 'booklore.booklore_default' (Got an error reading communication packets)
2026-08-18 18:10:49 341859 [Warning] Aborted connection 341859 to db: 'booklore' user: 'booklore' host: 'booklore.booklore_default' (Got an error reading communication packets)
2026-08-18 18:10:49 341847 [Warning] Aborted connection 341847 to db: 'booklore' user: 'booklore' host: 'booklore.booklore_default' (Got an error reading communication packets)
2026-08-18 18:10:49 341863 [Warning] Aborted connection 341863 to db: 'booklore' user: 'booklore' host: 'booklore.booklore_default' (Got an error reading communication packets)
2026-08-18 18:10:49 341871 [Warning] Aborted connection 341871 to db: 'booklore' user: 'booklore' host: 'booklore.booklore_default' (Got an error reading communication packets)
2026-08-18 18:10:49 341851 [Warning] Aborted connection 341851 to db: 'booklore' user: 'booklore' host: 'booklore.booklore_default' (Got an error reading communication packets)
2026-08-18 18:11:56 341936 [Warning] Aborted connection 341936 to db: 'booklore' user: 'booklore' host: 'booklore.booklore_default' (Got an error reading communication packets)
2026-08-18 18:11:56 341935 [Warning] Aborted connection 341935 to db: 'booklore' user: 'booklore' host: 'booklore.booklore_default' (Got an error reading communication packets)
2026-08-18 18:11:56 341934 [Warning] Aborted connection 341934 to db: 'booklore' user: 'booklore' host: 'booklore.booklore_default' (Got an error reading communication packets)
2026-08-18 18:11:56 341931 [Warning] Aborted connection 341931 to db: 'booklore' user: 'booklore' host: 'booklore.booklore_default' (Got an error reading communication packets)
2026-08-18 18:11:56 341932 [Warning] Aborted connection 341932 to db: 'booklore' user: 'booklore' host: 'booklore.booklore_default' (Got an error reading communication packets)
2026-08-18 18:11:56 341933 [Warning] Aborted connection 341933 to db: 'booklore' user: 'booklore' host: 'booklore.booklore_default' (Got an error reading communication packets)
2026-08-18 18:45:02 342296 [Warning] Aborted connection 342296 to db: 'booklore' user: 'booklore' host: 'booklore.booklore_default' (Got an error reading communication packets)
2026-08-18 18:45:02 342275 [Warning] Aborted connection 342275 to db: 'booklore' user: 'booklore' host: 'booklore.booklore_default' (Got an error reading communication packets)
2026-08-18 18:45:02 342276 [Warning] Aborted connection 342276 to db: 'booklore' user: 'booklore' host: 'booklore.booklore_default' (Got an error reading communication packets)
2026-08-18 18:45:02 342281 [Warning] Aborted connection 342281 to db: 'booklore' user: 'booklore' host: 'booklore.booklore_default' (Got an error reading communication packets)
2026-08-18 18:45:02 342345 [Warning] Aborted connection 342345 to db: 'booklore' user: 'booklore' host: 'booklore.booklore_default' (Got an error reading communication packets)
2026-08-18 18:46:03 342363 [Warning] Aborted connection 342363 to db: 'booklore' user: 'booklore' host: 'booklore.booklore_default' (Got an error reading communication packets)
2026-08-18 18:46:03 342365 [Warning] Aborted connection 342365 to db: 'booklore' user: 'booklore' host: 'booklore.booklore_default' (Got an error reading communication packets)
2026-08-18 18:46:03 342364 [Warning] Aborted connection 342364 to db: 'booklore' user: 'booklore' host: 'booklore.booklore_default' (Got an error reading communication packets)
2026-08-18 18:46:03 342362 [Warning] Aborted connection 342362 to db: 'booklore' user: 'booklore' host: 'booklore.booklore_default' (Got an error reading communication packets)
2026-08-18 18:46:03 342361 [Warning] Aborted connection 342361 to db: 'booklore' user: 'booklore' host: 'booklore.booklore_default' (Got an error reading communication packets)
2026-08-18 18:46:03 342360 [Warning] Aborted connection 342360 to db: 'booklore' user: 'booklore' host: 'booklore.booklore_default' (Got an error reading communication packets)
2026-08-18 18:46:39 342384 [Warning] Aborted connection 342384 to db: 'booklore' user: 'booklore' host: 'booklore.booklore_default' (Got an error reading communication packets)
2026-08-18 18:46:39 342383 [Warning] Aborted connection 342383 to db: 'booklore' user: 'booklore' host: 'booklore.booklore_default' (Got an error reading communication packets)
2026-08-18 18:46:39 342382 [Warning] Aborted connection 342382 to db: 'booklore' user: 'booklore' host: 'booklore.booklore_default' (Got an error reading communication packets)
2026-08-18 18:46:39 342380 [Warning] Aborted connection 342380 to db: 'booklore' user: 'booklore' host: 'booklore.booklore_default' (Got an error reading communication packets)
2026-08-18 18:46:39 342381 [Warning] Aborted connection 342381 to db: 'booklore' user: 'booklore' host: 'booklore.booklore_default' (Got an error reading communication packets)
2026-08-18 18:46:39 342379 [Warning] Aborted connection 342379 to db: 'booklore' user: 'booklore' host: 'booklore.booklore_default' (Got an error reading communication packets)
2026-08-18 18:47:20 342397 [Warning] Aborted connection 342397 to db: 'booklore' user: 'booklore' host: 'booklore.booklore_default' (Got an error reading communication packets)
2026-08-18 18:47:20 342392 [Warning] Aborted connection 342392 to db: 'booklore' user: 'booklore' host: 'booklore.booklore_default' (Got an error reading communication packets)
2026-08-18 18:47:20 342393 [Warning] Aborted connection 342393 to db: 'booklore' user: 'booklore' host: 'booklore.booklore_default' (Got an error reading communication packets)
2026-08-18 18:47:20 342396 [Warning] Aborted connection 342396 to db: 'booklore' user: 'booklore' host: 'booklore.booklore_default' (Got an error reading communication packets)
2026-08-18 18:47:20 342395 [Warning] Aborted connection 342395 to db: 'booklore' user: 'booklore' host: 'booklore.booklore_default' (Got an error reading communication packets)
2026-08-18 18:47:20 342394 [Warning] Aborted connection 342394 to db: 'booklore' user: 'booklore' host: 'booklore.booklore_default' (Got an error reading communication packets)
2026-08-18 18:48:01 342410 [Warning] Aborted connection 342410 to db: 'booklore' user: 'booklore' host: 'booklore.booklore_default' (Got an error reading communication packets)
2026-08-18 18:48:01 342411 [Warning] Aborted connection 342411 to db: 'booklore' user: 'booklore' host: 'booklore.booklore_default' (Got an error reading communication packets)
2026-08-18 18:48:01 342409 [Warning] Aborted connection 342409 to db: 'booklore' user: 'booklore' host: 'booklore.booklore_default' (Got an error reading communication packets)
2026-08-18 18:48:01 342408 [Warning] Aborted connection 342408 to db: 'booklore' user: 'booklore' host: 'booklore.booklore_default' (Got an error reading communication packets)
2026-08-18 18:48:01 342407 [Warning] Aborted connection 342407 to db: 'booklore' user: 'booklore' host: 'booklore.booklore_default' (Got an error reading communication packets)
2026-08-18 18:48:01 342406 [Warning] Aborted connection 342406 to db: 'booklore' user: 'booklore' host: 'booklore.booklore_default' (Got an error reading communication packets)
2026-08-18 18:48:37 342425 [Warning] Aborted connection 342425 to db: 'booklore' user: 'booklore' host: 'booklore.booklore_default' (Got an error reading communication packets)
2026-08-18 18:48:37 342424 [Warning] Aborted connection 342424 to db: 'booklore' user: 'booklore' host: 'booklore.booklore_default' (Got an error reading communication packets)
2026-08-18 18:48:37 342423 [Warning] Aborted connection 342423 to db: 'booklore' user: 'booklore' host: 'booklore.booklore_default' (Got an error reading communication packets)
2026-08-18 18:48:37 342421 [Warning] Aborted connection 342421 to db: 'booklore' user: 'booklore' host: 'booklore.booklore_default' (Got an error reading communication packets)
2026-08-18 18:48:37 342420 [Warning] Aborted connection 342420 to db: 'booklore' user: 'booklore' host: 'booklore.booklore_default' (Got an error reading communication packets)
2026-08-18 18:48:37 342422 [Warning] Aborted connection 342422 to db: 'booklore' user: 'booklore' host: 'booklore.booklore_default' (Got an error reading communication packets)
2026-08-18 18:49:17 342438 [Warning] Aborted connection 342438 to db: 'booklore' user: 'booklore' host: 'booklore.booklore_default' (Got an error reading communication packets)
2026-08-18 18:49:17 342437 [Warning] Aborted connection 342437 to db: 'booklore' user: 'booklore' host: 'booklore.booklore_default' (Got an error reading communication packets)
2026-08-18 18:49:17 342436 [Warning] Aborted connection 342436 to db: 'booklore' user: 'booklore' host: 'booklore.booklore_default' (Got an error reading communication packets)
2026-08-18 18:49:17 342435 [Warning] Aborted connection 342435 to db: 'booklore' user: 'booklore' host: 'booklore.booklore_default' (Got an error reading communication packets)
2026-08-18 18:49:17 342433 [Warning] Aborted connection 342433 to db: 'booklore' user: 'booklore' host: 'booklore.booklore_default' (Got an error reading communication packets)
2026-08-18 18:49:17 342434 [Warning] Aborted connection 342434 to db: 'booklore' user: 'booklore' host: 'booklore.booklore_default' (Got an error reading communication packets)
2026-08-18 18:50:10 342451 [Warning] Aborted connection 342451 to db: 'booklore' user: 'booklore' host: 'booklore.booklore_default' (Got an error reading communication packets)
2026-08-18 18:50:10 342447 [Warning] Aborted connection 342447 to db: 'booklore' user: 'booklore' host: 'booklore.booklore_default' (Got an error reading communication packets)
2026-08-18 18:50:10 342449 [Warning] Aborted connection 342449 to db: 'booklore' user: 'booklore' host: 'booklore.booklore_default' (Got an error reading communication packets)
2026-08-18 18:50:10 342448 [Warning] Aborted connection 342448 to db: 'booklore' user: 'booklore' host: 'booklore.booklore_default' (Got an error reading communication packets)
2026-08-18 18:50:10 342450 [Warning] Aborted connection 342450 to db: 'booklore' user: 'booklore' host: 'booklore.booklore_default' (Got an error reading communication packets)
2026-08-18 18:50:10 342452 [Warning] Aborted connection 342452 to db: 'booklore' user: 'booklore' host: 'booklore.booklore_default' (Got an error reading communication packets)
2026-08-18 18:50:42 342468 [Warning] Aborted connection 342468 to db: 'booklore' user: 'booklore' host: 'booklore.booklore_default' (Got an error reading communication packets)
2026-08-18 18:50:42 342467 [Warning] Aborted connection 342467 to db: 'booklore' user: 'booklore' host: 'booklore.booklore_default' (Got an error reading communication packets)
2026-08-18 18:50:42 342466 [Warning] Aborted connection 342466 to db: 'booklore' user: 'booklore' host: 'booklore.booklore_default' (Got an error reading communication packets)
2026-08-18 18:50:42 342463 [Warning] Aborted connection 342463 to db: 'booklore' user: 'booklore' host: 'booklore.booklore_default' (Got an error reading communication packets)
2026-08-18 18:50:42 342464 [Warning] Aborted connection 342464 to db: 'booklore' user: 'booklore' host: 'booklore.booklore_default' (Got an error reading communication packets)
2026-08-18 18:50:42 342465 [Warning] Aborted connection 342465 to db: 'booklore' user: 'booklore' host: 'booklore.booklore_default' (Got an error reading communication packets)
2026-08-18 18:51:33 342481 [Warning] Aborted connection 342481 to db: 'booklore' user: 'booklore' host: 'booklore.booklore_default' (Got an error reading communication packets)
2026-08-18 18:51:33 342477 [Warning] Aborted connection 342477 to db: 'booklore' user: 'booklore' host: 'booklore.booklore_default' (Got an error reading communication packets)
2026-08-18 18:51:33 342479 [Warning] Aborted connection 342479 to db: 'booklore' user: 'booklore' host: 'booklore.booklore_default' (Got an error reading communication packets)
2026-08-18 18:51:33 342476 [Warning] Aborted connection 342476 to db: 'booklore' user: 'booklore' host: 'booklore.booklore_default' (Got an error reading communication packets)
2026-08-18 18:51:33 342478 [Warning] Aborted connection 342478 to db: 'booklore' user: 'booklore' host: 'booklore.booklore_default' (Got an error reading communication packets)
2026-08-18 18:51:33 342475 [Warning] Aborted connection 342475 to db: 'booklore' user: 'booklore' host: 'booklore.booklore_default' (Got an error reading communication packets)
2026-08-18 18:52:12 342496 [Warning] Aborted connection 342496 to db: 'booklore' user: 'booklore' host: 'booklore.booklore_default' (Got an error reading communication packets)
2026-08-18 18:52:12 342493 [Warning] Aborted connection 342493 to db: 'booklore' user: 'booklore' host: 'booklore.booklore_default' (Got an error reading communication packets)
2026-08-18 18:52:12 342494 [Warning] Aborted connection 342494 to db: 'booklore' user: 'booklore' host: 'booklore.booklore_default' (Got an error reading communication packets)
2026-08-18 18:52:12 342495 [Warning] Aborted connection 342495 to db: 'booklore' user: 'booklore' host: 'booklore.booklore_default' (Got an error reading communication packets)
2026-08-18 18:52:12 342492 [Warning] Aborted connection 342492 to db: 'booklore' user: 'booklore' host: 'booklore.booklore_default' (Got an error reading communication packets)
2026-08-18 18:52:12 342491 [Warning] Aborted connection 342491 to db: 'booklore' user: 'booklore' host: 'booklore.booklore_default' (Got an error reading communication packets)
2026-08-18 18:52:55 342510 [Warning] Aborted connection 342510 to db: 'booklore' user: 'booklore' host: 'booklore.booklore_default' (Got an error reading communication packets)
2026-08-18 18:52:55 342509 [Warning] Aborted connection 342509 to db: 'booklore' user: 'booklore' host: 'booklore.booklore_default' (Got an error reading communication packets)
2026-08-18 18:52:55 342508 [Warning] Aborted connection 342508 to db: 'booklore' user: 'booklore' host: 'booklore.booklore_default' (Got an error reading communication packets)
2026-08-18 18:52:55 342507 [Warning] Aborted connection 342507 to db: 'booklore' user: 'booklore' host: 'booklore.booklore_default' (Got an error reading communication packets)
2026-08-18 18:52:55 342506 [Warning] Aborted connection 342506 to db: 'booklore' user: 'booklore' host: 'booklore.booklore_default' (Got an error reading communication packets)
2026-08-18 18:52:55 342505 [Warning] Aborted connection 342505 to db: 'booklore' user: 'booklore' host: 'booklore.booklore_default' (Got an error reading communication packets)
2026-08-18 18:53:38 342526 [Warning] Aborted connection 342526 to db: 'booklore' user: 'booklore' host: 'booklore.booklore_default' (Got an error reading communication packets)
2026-08-18 18:53:38 342524 [Warning] Aborted connection 342524 to db: 'booklore' user: 'booklore' host: 'booklore.booklore_default' (Got an error reading communication packets)
2026-08-18 18:53:38 342523 [Warning] Aborted connection 342523 to db: 'booklore' user: 'booklore' host: 'booklore.booklore_default' (Got an error reading communication packets)
2026-08-18 18:53:38 342525 [Warning] Aborted connection 342525 to db: 'booklore' user: 'booklore' host: 'booklore.booklore_default' (Got an error reading communication packets)
2026-08-18 18:53:38 342522 [Warning] Aborted connection 342522 to db: 'booklore' user: 'booklore' host: 'booklore.booklore_default' (Got an error reading communication packets)
2026-08-18 18:53:38 342521 [Warning] Aborted connection 342521 to db: 'booklore' user: 'booklore' host: 'booklore.booklore_default' (Got an error reading communication packets)
2026-08-18 18:54:30 342541 [Warning] Aborted connection 342541 to db: 'booklore' user: 'booklore' host: 'booklore.booklore_default' (Got an error reading communication packets)
2026-08-18 18:54:30 342540 [Warning] Aborted connection 342540 to db: 'booklore' user: 'booklore' host: 'booklore.booklore_default' (Got an error reading communication packets)
2026-08-18 18:54:30 342539 [Warning] Aborted connection 342539 to db: 'booklore' user: 'booklore' host: 'booklore.booklore_default' (Got an error reading communication packets)
2026-08-18 18:54:30 342538 [Warning] Aborted connection 342538 to db: 'booklore' user: 'booklore' host: 'booklore.booklore_default' (Got an error reading communication packets)
2026-08-18 18:54:30 342537 [Warning] Aborted connection 342537 to db: 'booklore' user: 'booklore' host: 'booklore.booklore_default' (Got an error reading communication packets)
2026-08-18 18:54:30 342536 [Warning] Aborted connection 342536 to db: 'booklore' user: 'booklore' host: 'booklore.booklore_default' (Got an error reading communication packets)
2026-08-18 18:54:54 342554 [Warning] Aborted connection 342554 to db: 'booklore' user: 'booklore' host: 'booklore.booklore_default' (Got an error reading communication packets)
2026-08-18 18:54:54 342552 [Warning] Aborted connection 342552 to db: 'booklore' user: 'booklore' host: 'booklore.booklore_default' (Got an error reading communication packets)
2026-08-18 18:54:54 342553 [Warning] Aborted connection 342553 to db: 'booklore' user: 'booklore' host: 'booklore.booklore_default' (Got an error reading communication packets)
2026-08-18 18:54:54 342551 [Warning] Aborted connection 342551 to db: 'booklore' user: 'booklore' host: 'booklore.booklore_default' (Got an error reading communication packets)
2026-08-18 18:54:54 342550 [Warning] Aborted connection 342550 to db: 'booklore' user: 'booklore' host: 'booklore.booklore_default' (Got an error reading communication packets)
2026-08-18 18:54:54 342549 [Warning] Aborted connection 342549 to db: 'booklore' user: 'booklore' host: 'booklore.booklore_default' (Got an error reading communication packets)
2026-08-18 18:55:38 342565 [Warning] Aborted connection 342565 to db: 'booklore' user: 'booklore' host: 'booklore.booklore_default' (Got an error reading communication packets)
2026-08-18 18:55:38 342564 [Warning] Aborted connection 342564 to db: 'booklore' user: 'booklore' host: 'booklore.booklore_default' (Got an error reading communication packets)
2026-08-18 18:55:38 342562 [Warning] Aborted connection 342562 to db: 'booklore' user: 'booklore' host: 'booklore.booklore_default' (Got an error reading communication packets)
2026-08-18 18:55:38 342563 [Warning] Aborted connection 342563 to db: 'booklore' user: 'booklore' host: 'booklore.booklore_default' (Got an error reading communication packets)
2026-08-18 18:55:38 342561 [Warning] Aborted connection 342561 to db: 'booklore' user: 'booklore' host: 'booklore.booklore_default' (Got an error reading communication packets)
2026-08-18 18:55:38 342560 [Warning] Aborted connection 342560 to db: 'booklore' user: 'booklore' host: 'booklore.booklore_default' (Got an error reading communication packets)
2026-08-18 18:56:08 342580 [Warning] Aborted connection 342580 to db: 'booklore' user: 'booklore' host: 'booklore.booklore_default' (Got an error reading communication packets)
2026-08-18 18:56:08 342579 [Warning] Aborted connection 342579 to db: 'booklore' user: 'booklore' host: 'booklore.booklore_default' (Got an error reading communication packets)
2026-08-18 18:56:08 342578 [Warning] Aborted connection 342578 to db: 'booklore' user: 'booklore' host: 'booklore.booklore_default' (Got an error reading communication packets)
2026-08-18 18:56:08 342576 [Warning] Aborted connection 342576 to db: 'booklore' user: 'booklore' host: 'booklore.booklore_default' (Got an error reading communication packets)
2026-08-18 18:56:08 342577 [Warning] Aborted connection 342577 to db: 'booklore' user: 'booklore' host: 'booklore.booklore_default' (Got an error reading communication packets)
2026-08-18 18:56:08 342575 [Warning] Aborted connection 342575 to db: 'booklore' user: 'booklore' host: 'booklore.booklore_default' (Got an error reading communication packets)
2026-08-18 18:56:57 342591 [Warning] Aborted connection 342591 to db: 'booklore' user: 'booklore' host: 'booklore.booklore_default' (Got an error reading communication packets)
2026-08-18 18:56:57 342589 [Warning] Aborted connection 342589 to db: 'booklore' user: 'booklore' host: 'booklore.booklore_default' (Got an error reading communication packets)
2026-08-18 18:56:57 342588 [Warning] Aborted connection 342588 to db: 'booklore' user: 'booklore' host: 'booklore.booklore_default' (Got an error reading communication packets)
2026-08-18 18:56:57 342586 [Warning] Aborted connection 342586 to db: 'booklore' user: 'booklore' host: 'booklore.booklore_default' (Got an error reading communication packets)
2026-08-18 18:56:57 342587 [Warning] Aborted connection 342587 to db: 'booklore' user: 'booklore' host: 'booklore.booklore_default' (Got an error reading communication packets)
2026-08-18 18:56:57 342590 [Warning] Aborted connection 342590 to db: 'booklore' user: 'booklore' host: 'booklore.booklore_default' (Got an error reading communication packets)
2026-08-20 11:45:59 372766 [Warning] Aborted connection 372766 to db: 'booklore' user: 'booklore' host: 'booklore.booklore_default' (Got an error reading communication packets)
2026-08-20 11:45:59 372765 [Warning] Aborted connection 372765 to db: 'booklore' user: 'booklore' host: 'booklore.booklore_default' (Got an error reading communication packets)
2026-08-20 11:45:59 372755 [Warning] Aborted connection 372755 to db: 'booklore' user: 'booklore' host: 'booklore.booklore_default' (Got an error reading communication packets)
2026-08-20 11:45:59 372753 [Warning] Aborted connection 372753 to db: 'booklore' user: 'booklore' host: 'booklore.booklore_default' (Got an error reading communication packets)
2026-08-20 11:45:59 372752 [Warning] Aborted connection 372752 to db: 'booklore' user: 'booklore' host: 'booklore.booklore_default' (Got an error reading communication packets)
2026-08-20 11:45:59 372749 [Warning] Aborted connection 372749 to db: 'booklore' user: 'booklore' host: 'booklore.booklore_default' (Got an error reading communication packets)
2026-08-20 11:45:59 372716 [Warning] Aborted connection 372716 to db: 'booklore' user: 'booklore' host: 'booklore.booklore_default' (Got an error reading communication packets)
2026-08-20 11:45:59 372703 [Warning] Aborted connection 372703 to db: 'booklore' user: 'booklore' host: 'booklore.booklore_default' (Got an error reading communication packets)
2026-08-20 11:45:59 372686 [Warning] Aborted connection 372686 to db: 'booklore' user: 'booklore' host: 'booklore.booklore_default' (Got an error reading communication packets)
2026-08-20 11:45:59 372751 [Warning] Aborted connection 372751 to db: 'booklore' user: 'booklore' host: 'booklore.booklore_default' (Got an error reading communication packets)
2026-08-20 11:45:59 372670 [Warning] Aborted connection 372670 to db: 'booklore' user: 'booklore' host: 'booklore.booklore_default' (Got an error reading communication packets)
2026-08-20 11:48:09 372798 [Warning] Aborted connection 372798 to db: 'booklore' user: 'booklore' host: 'booklore.booklore_default' (Got an error reading communication packets)
2026-08-20 11:48:09 372783 [Warning] Aborted connection 372783 to db: 'booklore' user: 'booklore' host: 'booklore.booklore_default' (Got an error reading communication packets)
2026-08-20 11:48:09 372776 [Warning] Aborted connection 372776 to db: 'booklore' user: 'booklore' host: 'booklore.booklore_default' (Got an error reading communication packets)
2026-08-20 11:48:09 372775 [Warning] Aborted connection 372775 to db: 'booklore' user: 'booklore' host: 'booklore.booklore_default' (Got an error reading communication packets)
2026-08-20 11:48:09 372774 [Warning] Aborted connection 372774 to db: 'booklore' user: 'booklore' host: 'booklore.booklore_default' (Got an error reading communication packets)
2026-08-20 11:48:09 372773 [Warning] Aborted connection 372773 to db: 'booklore' user: 'booklore' host: 'booklore.booklore_default' (Got an error reading communication packets)
2026-08-20 11:48:09 372771 [Warning] Aborted connection 372771 to db: 'booklore' user: 'booklore' host: 'booklore.booklore_default' (Got an error reading communication packets)
2026-08-20 11:48:09 372772 [Warning] Aborted connection 372772 to db: 'booklore' user: 'booklore' host: 'booklore.booklore_default' (Got an error reading communication packets)
2026-08-20 11:53:29 372822 [Warning] Aborted connection 372822 to db: 'booklore' user: 'booklore' host: 'booklore.booklore_default' (Got an error reading communication packets)
2026-08-20 11:53:29 372820 [Warning] Aborted connection 372820 to db: 'booklore' user: 'booklore' host: 'booklore.booklore_default' (Got an error reading communication packets)
2026-08-20 11:53:29 372809 [Warning] Aborted connection 372809 to db: 'booklore' user: 'booklore' host: 'booklore.booklore_default' (Got an error reading communication packets)
2026-08-20 11:53:29 372810 [Warning] Aborted connection 372810 to db: 'booklore' user: 'booklore' host: 'booklore.booklore_default' (Got an error reading communication packets)
2026-08-20 11:53:29 372807 [Warning] Aborted connection 372807 to db: 'booklore' user: 'booklore' host: 'booklore.booklore_default' (Got an error reading communication packets)
2026-08-20 11:53:29 372806 [Warning] Aborted connection 372806 to db: 'booklore' user: 'booklore' host: 'booklore.booklore_default' (Got an error reading communication packets)
2026-08-20 11:53:29 372808 [Warning] Aborted connection 372808 to db: 'booklore' user: 'booklore' host: 'booklore.booklore_default' (Got an error reading communication packets)
2026-08-20 11:53:29 372805 [Warning] Aborted connection 372805 to db: 'booklore' user: 'booklore' host: 'booklore.booklore_default' (Got an error reading communication packets)
2026-08-27 21:03:49 503791 [Warning] Aborted connection 503791 to db: 'booklore' user: 'booklore' host: 'booklore.booklore_default' (Got an error reading communication packets)
2026-08-27 21:03:49 503795 [Warning] Aborted connection 503795 to db: 'booklore' user: 'booklore' host: 'booklore.booklore_default' (Got an error reading communication packets)
2026-08-27 21:03:49 503721 [Warning] Aborted connection 503721 to db: 'booklore' user: 'booklore' host: 'booklore.booklore_default' (Got an error reading communication packets)
2026-08-27 21:03:49 503732 [Warning] Aborted connection 503732 to db: 'booklore' user: 'booklore' host: 'booklore.booklore_default' (Got an error reading communication packets)
2026-08-27 21:03:49 503793 [Warning] Aborted connection 503793 to db: 'booklore' user: 'booklore' host: 'booklore.booklore_default' (Got an error reading communication packets)
260901 00:21:36 mysqld_safe Starting mariadbd daemon with databases from /config/databases
2026-09-01  0:21:36 0 [Note] Starting MariaDB 11.4.5-MariaDB-log source revision 0771110266ff5c04216af4bf1243c65f8c67ccf4 server_uid D5/LXxvSS8ALDAYd1VPmHTIx5T0= as process 428
2026-09-01  0:21:37 0 [Note] InnoDB: Compressed tables use zlib 1.3.1
2026-09-01  0:21:37 0 [Note] InnoDB: Number of transaction pools: 1
2026-09-01  0:21:37 0 [Note] InnoDB: Using ARMv8 crc32 + pmull instructions
2026-09-01  0:21:37 0 [Note] InnoDB: Using Linux native AIO
2026-09-01  0:21:37 0 [Note] InnoDB: Initializing buffer pool, total size = 256.000MiB, chunk size = 4.000MiB
2026-09-01  0:21:37 0 [Note] InnoDB: Completed initialization of buffer pool
2026-09-01  0:21:37 0 [Note] InnoDB: File system buffers for log disabled (block size=512 bytes)
2026-09-01  0:21:37 0 [Note] InnoDB: Starting crash recovery from checkpoint LSN=31546121
2026-09-01  0:21:37 0 [Note] InnoDB: End of log at LSN=36477921
2026-09-01  0:21:37 0 [Note] InnoDB: To recover: 342 pages
2026-09-01  0:21:37 0 [Note] InnoDB: Last binlog file '/config/log/mysql/mariadb-bin.000002', position 5712800
2026-09-01  0:21:37 0 [Note] InnoDB: Opened 3 undo tablespaces
2026-09-01  0:21:37 0 [Note] InnoDB: 128 rollback segments in 3 undo tablespaces are active.
2026-09-01  0:21:37 0 [Note] InnoDB: Removed temporary tablespace data file: "./ibtmp1"
2026-09-01  0:21:37 0 [Note] InnoDB: Setting file './ibtmp1' size to 12.000MiB. Physically writing the file full; Please wait ...
2026-09-01  0:21:37 0 [Note] InnoDB: File './ibtmp1' size is now 12.000MiB.
2026-09-01  0:21:37 0 [Note] InnoDB: log sequence number 36477921; transaction id 18744
2026-09-01  0:21:37 0 [Note] Plugin 'FEEDBACK' is disabled.
2026-09-01  0:21:37 0 [Note] InnoDB: Loading buffer pool(s) from /config/databases/ib_buffer_pool
2026-09-01  0:21:37 0 [Note] Plugin 'wsrep-provider' is disabled.
2026-09-01  0:21:37 0 [Note] InnoDB: Buffer pool(s) load completed at 260901  0:21:37
2026-09-01  0:21:37 0 [Note] Recovering after a crash using /config/log/mysql/mariadb-bin
2026-09-01  0:21:37 0 [Note] Starting table crash recovery...
2026-09-01  0:21:37 0 [Note] Crash table recovery finished.
2026-09-01  0:21:38 0 [Note] Binary log 'mariadb-bin.000001' is not purged because less than 'slave_connections_needed_for_purge' slaves have processed it
2026-09-02 17:02:41 0 [Note] Server socket created on IP: '0.0.0.0'.
2026-09-02 17:02:41 0 [Note] Server socket created on IP: '::'.
2026-09-02 17:02:41 0 [Note] mariadbd: Event Scheduler: Loaded 0 events
2026-09-02 17:02:41 0 [Note] /usr/bin/mariadbd: ready for connections.
Version: '11.4.5-MariaDB-log'  socket: '/run/mysqld/mysqld.sock'  port: 3306  Alpine Linux
2026-09-02 17:02:41 4 [Warning] Aborted connection 4 to db: 'unconnected' user: 'unauthenticated' host: 'localhost' (This connection closed normally without authentication)
2026-09-02 17:02:42 6 [Warning] Access denied for user 'root'@'localhost' (using password: YES)
2026-09-14 22:15:17 216650 [Warning] Aborted connection 216650 to db: 'booklore' user: 'booklore' host: 'booklore.booklore_default' (Got an error reading communication packets)
2026-09-14 22:15:17 216560 [Warning] Aborted connection 216560 to db: 'booklore' user: 'booklore' host: 'booklore.booklore_default' (Got an error reading communication packets)
2026-09-14 22:15:17 216618 [Warning] Aborted connection 216618 to db: 'booklore' user: 'booklore' host: 'booklore.booklore_default' (Got an error reading communication packets)
2026-09-14 22:15:17 216595 [Warning] Aborted connection 216595 to db: 'booklore' user: 'booklore' host: 'booklore.booklore_default' (Got an error reading communication packets)
2026-09-14 22:15:17 216624 [Warning] Aborted connection 216624 to db: 'booklore' user: 'booklore' host: 'booklore.booklore_default' (Got an error reading communication packets)
2026-09-14 22:17:26 216669 [Warning] Aborted connection 216669 to db: 'booklore' user: 'booklore' host: 'booklore.booklore_default' (Got an error reading communication packets)
2026-09-14 22:17:26 216665 [Warning] Aborted connection 216665 to db: 'booklore' user: 'booklore' host: 'booklore.booklore_default' (Got an error reading communication packets)
2026-09-14 22:17:26 216668 [Warning] Aborted connection 216668 to db: 'booklore' user: 'booklore' host: 'booklore.booklore_default' (Got an error reading communication packets)
2026-09-14 22:17:26 216670 [Warning] Aborted connection 216670 to db: 'booklore' user: 'booklore' host: 'booklore.booklore_default' (Got an error reading communication packets)
2026-09-14 22:17:26 216667 [Warning] Aborted connection 216667 to db: 'booklore' user: 'booklore' host: 'booklore.booklore_default' (Got an error reading communication packets)
2026-09-14 22:17:26 216666 [Warning] Aborted connection 216666 to db: 'booklore' user: 'booklore' host: 'booklore.booklore_default' (Got an error reading communication packets)
2026-09-14 22:18:08 216702 [Warning] Aborted connection 216702 to db: 'booklore' user: 'booklore' host: 'booklore.booklore_default' (Got an error reading communication packets)
2026-09-14 22:18:08 216701 [Warning] Aborted connection 216701 to db: 'booklore' user: 'booklore' host: 'booklore.booklore_default' (Got an error reading communication packets)
2026-09-14 22:18:08 216698 [Warning] Aborted connection 216698 to db: 'booklore' user: 'booklore' host: 'booklore.booklore_default' (Got an error reading communication packets)
2026-09-14 22:18:08 216700 [Warning] Aborted connection 216700 to db: 'booklore' user: 'booklore' host: 'booklore.booklore_default' (Got an error reading communication packets)
2026-09-14 22:18:08 216699 [Warning] Aborted connection 216699 to db: 'booklore' user: 'booklore' host: 'booklore.booklore_default' (Got an error reading communication packets)
2026-09-14 22:18:08 216697 [Warning] Aborted connection 216697 to db: 'booklore' user: 'booklore' host: 'booklore.booklore_default' (Got an error reading communication packets)
2026-09-14 22:18:52 216716 [Warning] Aborted connection 216716 to db: 'booklore' user: 'booklore' host: 'booklore.booklore_default' (Got an error reading communication packets)
2026-09-14 22:18:52 216714 [Warning] Aborted connection 216714 to db: 'booklore' user: 'booklore' host: 'booklore.booklore_default' (Got an error reading communication packets)
2026-09-14 22:18:52 216711 [Warning] Aborted connection 216711 to db: 'booklore' user: 'booklore' host: 'booklore.booklore_default' (Got an error reading communication packets)
2026-09-14 22:18:52 216715 [Warning] Aborted connection 216715 to db: 'booklore' user: 'booklore' host: 'booklore.booklore_default' (Got an error reading communication packets)
2026-09-14 22:18:52 216712 [Warning] Aborted connection 216712 to db: 'booklore' user: 'booklore' host: 'booklore.booklore_default' (Got an error reading communication packets)
2026-09-14 22:18:52 216713 [Warning] Aborted connection 216713 to db: 'booklore' user: 'booklore' host: 'booklore.booklore_default' (Got an error reading communication packets)
2026-09-14 22:19:29 216731 [Warning] Aborted connection 216731 to db: 'booklore' user: 'booklore' host: 'booklore.booklore_default' (Got an error reading communication packets)
2026-09-14 22:19:29 216729 [Warning] Aborted connection 216729 to db: 'booklore' user: 'booklore' host: 'booklore.booklore_default' (Got an error reading communication packets)
2026-09-14 22:19:29 216730 [Warning] Aborted connection 216730 to db: 'booklore' user: 'booklore' host: 'booklore.booklore_default' (Got an error reading communication packets)
2026-09-14 22:19:29 216728 [Warning] Aborted connection 216728 to db: 'booklore' user: 'booklore' host: 'booklore.booklore_default' (Got an error reading communication packets)
2026-09-14 22:19:29 216727 [Warning] Aborted connection 216727 to db: 'booklore' user: 'booklore' host: 'booklore.booklore_default' (Got an error reading communication packets)
2026-09-14 22:19:29 216726 [Warning] Aborted connection 216726 to db: 'booklore' user: 'booklore' host: 'booklore.booklore_default' (Got an error reading communication packets)
2026-09-14 22:20:16 216744 [Warning] Aborted connection 216744 to db: 'booklore' user: 'booklore' host: 'booklore.booklore_default' (Got an error reading communication packets)
2026-09-14 22:20:16 216743 [Warning] Aborted connection 216743 to db: 'booklore' user: 'booklore' host: 'booklore.booklore_default' (Got an error reading communication packets)
2026-09-14 22:20:16 216742 [Warning] Aborted connection 216742 to db: 'booklore' user: 'booklore' host: 'booklore.booklore_default' (Got an error reading communication packets)
2026-09-14 22:20:16 216741 [Warning] Aborted connection 216741 to db: 'booklore' user: 'booklore' host: 'booklore.booklore_default' (Got an error reading communication packets)
2026-09-14 22:20:16 216740 [Warning] Aborted connection 216740 to db: 'booklore' user: 'booklore' host: 'booklore.booklore_default' (Got an error reading communication packets)
2026-09-14 22:20:16 216739 [Warning] Aborted connection 216739 to db: 'booklore' user: 'booklore' host: 'booklore.booklore_default' (Got an error reading communication packets)
2026-09-14 22:20:56 216759 [Warning] Aborted connection 216759 to db: 'booklore' user: 'booklore' host: 'booklore.booklore_default' (Got an error reading communication packets)
2026-09-14 22:20:56 216758 [Warning] Aborted connection 216758 to db: 'booklore' user: 'booklore' host: 'booklore.booklore_default' (Got an error reading communication packets)
2026-09-14 22:20:56 216757 [Warning] Aborted connection 216757 to db: 'booklore' user: 'booklore' host: 'booklore.booklore_default' (Got an error reading communication packets)
2026-09-14 22:20:56 216755 [Warning] Aborted connection 216755 to db: 'booklore' user: 'booklore' host: 'booklore.booklore_default' (Got an error reading communication packets)
2026-09-14 22:20:56 216754 [Warning] Aborted connection 216754 to db: 'booklore' user: 'booklore' host: 'booklore.booklore_default' (Got an error reading communication packets)
2026-09-14 22:20:56 216756 [Warning] Aborted connection 216756 to db: 'booklore' user: 'booklore' host: 'booklore.booklore_default' (Got an error reading communication packets)
2026-09-14 22:21:39 216773 [Warning] Aborted connection 216773 to db: 'booklore' user: 'booklore' host: 'booklore.booklore_default' (Got an error reading communication packets)
2026-09-14 22:21:39 216772 [Warning] Aborted connection 216772 to db: 'booklore' user: 'booklore' host: 'booklore.booklore_default' (Got an error reading communication packets)
2026-09-14 22:21:39 216771 [Warning] Aborted connection 216771 to db: 'booklore' user: 'booklore' host: 'booklore.booklore_default' (Got an error reading communication packets)
2026-09-14 22:21:39 216767 [Warning] Aborted connection 216767 to db: 'booklore' user: 'booklore' host: 'booklore.booklore_default' (Got an error reading communication packets)
2026-09-14 22:21:39 216769 [Warning] Aborted connection 216769 to db: 'booklore' user: 'booklore' host: 'booklore.booklore_default' (Got an error reading communication packets)
2026-09-14 22:21:39 216770 [Warning] Aborted connection 216770 to db: 'booklore' user: 'booklore' host: 'booklore.booklore_default' (Got an error reading communication packets)
2026-09-14 22:22:30 216787 [Warning] Aborted connection 216787 to db: 'booklore' user: 'booklore' host: 'booklore.booklore_default' (Got an error reading communication packets)
2026-09-14 22:22:30 216785 [Warning] Aborted connection 216785 to db: 'booklore' user: 'booklore' host: 'booklore.booklore_default' (Got an error reading communication packets)
2026-09-14 22:22:30 216784 [Warning] Aborted connection 216784 to db: 'booklore' user: 'booklore' host: 'booklore.booklore_default' (Got an error reading communication packets)
2026-09-14 22:22:30 216783 [Warning] Aborted connection 216783 to db: 'booklore' user: 'booklore' host: 'booklore.booklore_default' (Got an error reading communication packets)
2026-09-14 22:22:30 216786 [Warning] Aborted connection 216786 to db: 'booklore' user: 'booklore' host: 'booklore.booklore_default' (Got an error reading communication packets)
2026-09-14 22:22:30 216782 [Warning] Aborted connection 216782 to db: 'booklore' user: 'booklore' host: 'booklore.booklore_default' (Got an error reading communication packets)
2026-09-14 22:23:20 216803 [Warning] Aborted connection 216803 to db: 'booklore' user: 'booklore' host: 'booklore.booklore_default' (Got an error reading communication packets)
2026-09-14 22:23:20 216801 [Warning] Aborted connection 216801 to db: 'booklore' user: 'booklore' host: 'booklore.booklore_default' (Got an error reading communication packets)
2026-09-14 22:23:20 216800 [Warning] Aborted connection 216800 to db: 'booklore' user: 'booklore' host: 'booklore.booklore_default' (Got an error reading communication packets)
2026-09-14 22:23:20 216799 [Warning] Aborted connection 216799 to db: 'booklore' user: 'booklore' host: 'booklore.booklore_default' (Got an error reading communication packets)
2026-09-14 22:23:20 216798 [Warning] Aborted connection 216798 to db: 'booklore' user: 'booklore' host: 'booklore.booklore_default' (Got an error reading communication packets)
2026-09-14 22:23:20 216802 [Warning] Aborted connection 216802 to db: 'booklore' user: 'booklore' host: 'booklore.booklore_default' (Got an error reading communication packets)
2026-09-14 22:23:56 216818 [Warning] Aborted connection 216818 to db: 'booklore' user: 'booklore' host: 'booklore.booklore_default' (Got an error reading communication packets)
2026-09-14 22:23:56 216819 [Warning] Aborted connection 216819 to db: 'booklore' user: 'booklore' host: 'booklore.booklore_default' (Got an error reading communication packets)
2026-09-14 22:23:56 216817 [Warning] Aborted connection 216817 to db: 'booklore' user: 'booklore' host: 'booklore.booklore_default' (Got an error reading communication packets)
2026-09-14 22:23:56 216816 [Warning] Aborted connection 216816 to db: 'booklore' user: 'booklore' host: 'booklore.booklore_default' (Got an error reading communication packets)
2026-09-14 22:23:56 216814 [Warning] Aborted connection 216814 to db: 'booklore' user: 'booklore' host: 'booklore.booklore_default' (Got an error reading communication packets)
2026-09-14 22:23:56 216815 [Warning] Aborted connection 216815 to db: 'booklore' user: 'booklore' host: 'booklore.booklore_default' (Got an error reading communication packets)
2026-09-14 22:24:37 216829 [Warning] Aborted connection 216829 to db: 'booklore' user: 'booklore' host: 'booklore.booklore_default' (Got an error reading communication packets)
2026-09-14 22:24:37 216831 [Warning] Aborted connection 216831 to db: 'booklore' user: 'booklore' host: 'booklore.booklore_default' (Got an error reading communication packets)
2026-09-14 22:24:37 216830 [Warning] Aborted connection 216830 to db: 'booklore' user: 'booklore' host: 'booklore.booklore_default' (Got an error reading communication packets)
2026-09-14 22:24:37 216827 [Warning] Aborted connection 216827 to db: 'booklore' user: 'booklore' host: 'booklore.booklore_default' (Got an error reading communication packets)
2026-09-14 22:24:37 216828 [Warning] Aborted connection 216828 to db: 'booklore' user: 'booklore' host: 'booklore.booklore_default' (Got an error reading communication packets)
2026-09-14 22:24:37 216832 [Warning] Aborted connection 216832 to db: 'booklore' user: 'booklore' host: 'booklore.booklore_default' (Got an error reading communication packets)
2026-09-14 22:25:29 216845 [Warning] Aborted connection 216845 to db: 'booklore' user: 'booklore' host: 'booklore.booklore_default' (Got an error reading communication packets)
2026-09-14 22:25:29 216844 [Warning] Aborted connection 216844 to db: 'booklore' user: 'booklore' host: 'booklore.booklore_default' (Got an error reading communication packets)
2026-09-14 22:25:29 216843 [Warning] Aborted connection 216843 to db: 'booklore' user: 'booklore' host: 'booklore.booklore_default' (Got an error reading communication packets)
2026-09-14 22:25:29 216841 [Warning] Aborted connection 216841 to db: 'booklore' user: 'booklore' host: 'booklore.booklore_default' (Got an error reading communication packets)
2026-09-14 22:25:29 216840 [Warning] Aborted connection 216840 to db: 'booklore' user: 'booklore' host: 'booklore.booklore_default' (Got an error reading communication packets)
2026-09-14 22:25:29 216842 [Warning] Aborted connection 216842 to db: 'booklore' user: 'booklore' host: 'booklore.booklore_default' (Got an error reading communication packets)
2026-09-14 22:26:36 216860 [Warning] Aborted connection 216860 to db: 'booklore' user: 'booklore' host: 'booklore.booklore_default' (Got an error reading communication packets)
2026-09-14 22:26:36 216858 [Warning] Aborted connection 216858 to db: 'booklore' user: 'booklore' host: 'booklore.booklore_default' (Got an error reading communication packets)
2026-09-14 22:26:36 216856 [Warning] Aborted connection 216856 to db: 'booklore' user: 'booklore' host: 'booklore.booklore_default' (Got an error reading communication packets)
2026-09-14 22:26:36 216861 [Warning] Aborted connection 216861 to db: 'booklore' user: 'booklore' host: 'booklore.booklore_default' (Got an error reading communication packets)
2026-09-14 22:26:36 216859 [Warning] Aborted connection 216859 to db: 'booklore' user: 'booklore' host: 'booklore.booklore_default' (Got an error reading communication packets)
2026-09-14 22:26:36 216857 [Warning] Aborted connection 216857 to db: 'booklore' user: 'booklore' host: 'booklore.booklore_default' (Got an error reading communication packets)
2026-09-14 22:27:19 216879 [Warning] Aborted connection 216879 to db: 'booklore' user: 'booklore' host: 'booklore.booklore_default' (Got an error reading communication packets)
2026-09-14 22:27:19 216876 [Warning] Aborted connection 216876 to db: 'booklore' user: 'booklore' host: 'booklore.booklore_default' (Got an error reading communication packets)
2026-09-14 22:27:19 216877 [Warning] Aborted connection 216877 to db: 'booklore' user: 'booklore' host: 'booklore.booklore_default' (Got an error reading communication packets)
2026-09-14 22:27:19 216875 [Warning] Aborted connection 216875 to db: 'booklore' user: 'booklore' host: 'booklore.booklore_default' (Got an error reading communication packets)
2026-09-14 22:27:19 216878 [Warning] Aborted connection 216878 to db: 'booklore' user: 'booklore' host: 'booklore.booklore_default' (Got an error reading communication packets)
2026-09-14 22:27:19 216880 [Warning] Aborted connection 216880 to db: 'booklore' user: 'booklore' host: 'booklore.booklore_default' (Got an error reading communication packets)
2026-09-14 22:28:08 216895 [Warning] Aborted connection 216895 to db: 'booklore' user: 'booklore' host: 'booklore.booklore_default' (Got an error reading communication packets)
2026-09-14 22:28:08 216894 [Warning] Aborted connection 216894 to db: 'booklore' user: 'booklore' host: 'booklore.booklore_default' (Got an error reading communication packets)
2026-09-14 22:28:08 216892 [Warning] Aborted connection 216892 to db: 'booklore' user: 'booklore' host: 'booklore.booklore_default' (Got an error reading communication packets)
2026-09-14 22:28:08 216893 [Warning] Aborted connection 216893 to db: 'booklore' user: 'booklore' host: 'booklore.booklore_default' (Got an error reading communication packets)
2026-09-14 22:28:08 216891 [Warning] Aborted connection 216891 to db: 'booklore' user: 'booklore' host: 'booklore.booklore_default' (Got an error reading communication packets)
2026-09-14 22:28:08 216890 [Warning] Aborted connection 216890 to db: 'booklore' user: 'booklore' host: 'booklore.booklore_default' (Got an error reading communication packets)
2026-09-14 22:29:00 216909 [Warning] Aborted connection 216909 to db: 'booklore' user: 'booklore' host: 'booklore.booklore_default' (Got an error reading communication packets)
2026-09-14 22:29:00 216907 [Warning] Aborted connection 216907 to db: 'booklore' user: 'booklore' host: 'booklore.booklore_default' (Got an error reading communication packets)
2026-09-14 22:29:00 216908 [Warning] Aborted connection 216908 to db: 'booklore' user: 'booklore' host: 'booklore.booklore_default' (Got an error reading communication packets)
2026-09-14 22:29:00 216906 [Warning] Aborted connection 216906 to db: 'booklore' user: 'booklore' host: 'booklore.booklore_default' (Got an error reading communication packets)
2026-09-14 22:29:00 216905 [Warning] Aborted connection 216905 to db: 'booklore' user: 'booklore' host: 'booklore.booklore_default' (Got an error reading communication packets)
2026-09-14 22:29:00 216910 [Warning] Aborted connection 216910 to db: 'booklore' user: 'booklore' host: 'booklore.booklore_default' (Got an error reading communication packets)
2026-09-14 22:29:59 216925 [Warning] Aborted connection 216925 to db: 'booklore' user: 'booklore' host: 'booklore.booklore_default' (Got an error reading communication packets)
2026-09-14 22:29:59 216923 [Warning] Aborted connection 216923 to db: 'booklore' user: 'booklore' host: 'booklore.booklore_default' (Got an error reading communication packets)
2026-09-14 22:29:59 216926 [Warning] Aborted connection 216926 to db: 'booklore' user: 'booklore' host: 'booklore.booklore_default' (Got an error reading communication packets)
2026-09-14 22:29:59 216921 [Warning] Aborted connection 216921 to db: 'booklore' user: 'booklore' host: 'booklore.booklore_default' (Got an error reading communication packets)
2026-09-14 22:29:59 216922 [Warning] Aborted connection 216922 to db: 'booklore' user: 'booklore' host: 'booklore.booklore_default' (Got an error reading communication packets)
2026-09-14 22:29:59 216924 [Warning] Aborted connection 216924 to db: 'booklore' user: 'booklore' host: 'booklore.booklore_default' (Got an error reading communication packets)
2026-09-14 22:30:44 216944 [Warning] Aborted connection 216944 to db: 'booklore' user: 'booklore' host: 'booklore.booklore_default' (Got an error reading communication packets)
2026-09-14 22:30:44 216943 [Warning] Aborted connection 216943 to db: 'booklore' user: 'booklore' host: 'booklore.booklore_default' (Got an error reading communication packets)
2026-09-14 22:30:44 216941 [Warning] Aborted connection 216941 to db: 'booklore' user: 'booklore' host: 'booklore.booklore_default' (Got an error reading communication packets)
2026-09-14 22:30:44 216942 [Warning] Aborted connection 216942 to db: 'booklore' user: 'booklore' host: 'booklore.booklore_default' (Got an error reading communication packets)
2026-09-14 22:30:44 216939 [Warning] Aborted connection 216939 to db: 'booklore' user: 'booklore' host: 'booklore.booklore_default' (Got an error reading communication packets)
2026-09-14 22:30:44 216940 [Warning] Aborted connection 216940 to db: 'booklore' user: 'booklore' host: 'booklore.booklore_default' (Got an error reading communication packets)
2026-09-14 22:31:24 216957 [Warning] Aborted connection 216957 to db: 'booklore' user: 'booklore' host: 'booklore.booklore_default' (Got an error reading communication packets)
2026-09-14 22:31:24 216955 [Warning] Aborted connection 216955 to db: 'booklore' user: 'booklore' host: 'booklore.booklore_default' (Got an error reading communication packets)
2026-09-14 22:31:24 216956 [Warning] Aborted connection 216956 to db: 'booklore' user: 'booklore' host: 'booklore.booklore_default' (Got an error reading communication packets)
2026-09-14 22:31:24 216958 [Warning] Aborted connection 216958 to db: 'booklore' user: 'booklore' host: 'booklore.booklore_default' (Got an error reading communication packets)
2026-09-14 22:31:24 216954 [Warning] Aborted connection 216954 to db: 'booklore' user: 'booklore' host: 'booklore.booklore_default' (Got an error reading communication packets)
2026-09-14 22:31:24 216953 [Warning] Aborted connection 216953 to db: 'booklore' user: 'booklore' host: 'booklore.booklore_default' (Got an error reading communication packets)
2026-09-14 22:32:10 216972 [Warning] Aborted connection 216972 to db: 'booklore' user: 'booklore' host: 'booklore.booklore_default' (Got an error reading communication packets)
2026-09-14 22:32:10 216970 [Warning] Aborted connection 216970 to db: 'booklore' user: 'booklore' host: 'booklore.booklore_default' (Got an error reading communication packets)
2026-09-14 22:32:10 216969 [Warning] Aborted connection 216969 to db: 'booklore' user: 'booklore' host: 'booklore.booklore_default' (Got an error reading communication packets)
2026-09-14 22:32:10 216971 [Warning] Aborted connection 216971 to db: 'booklore' user: 'booklore' host: 'booklore.booklore_default' (Got an error reading communication packets)
2026-09-14 22:32:10 216968 [Warning] Aborted connection 216968 to db: 'booklore' user: 'booklore' host: 'booklore.booklore_default' (Got an error reading communication packets)
2026-09-14 22:32:10 216967 [Warning] Aborted connection 216967 to db: 'booklore' user: 'booklore' host: 'booklore.booklore_default' (Got an error reading communication packets)
2026-09-14 22:32:50 216987 [Warning] Aborted connection 216987 to db: 'booklore' user: 'booklore' host: 'booklore.booklore_default' (Got an error reading communication packets)
2026-09-14 22:32:50 216986 [Warning] Aborted connection 216986 to db: 'booklore' user: 'booklore' host: 'booklore.booklore_default' (Got an error reading communication packets)
2026-09-14 22:32:50 216984 [Warning] Aborted connection 216984 to db: 'booklore' user: 'booklore' host: 'booklore.booklore_default' (Got an error reading communication packets)
2026-09-14 22:32:50 216985 [Warning] Aborted connection 216985 to db: 'booklore' user: 'booklore' host: 'booklore.booklore_default' (Got an error reading communication packets)
2026-09-14 22:32:50 216983 [Warning] Aborted connection 216983 to db: 'booklore' user: 'booklore' host: 'booklore.booklore_default' (Got an error reading communication packets)
2026-09-14 22:32:50 216982 [Warning] Aborted connection 216982 to db: 'booklore' user: 'booklore' host: 'booklore.booklore_default' (Got an error reading communication packets)
2026-09-14 22:33:33 217001 [Warning] Aborted connection 217001 to db: 'booklore' user: 'booklore' host: 'booklore.booklore_default' (Got an error reading communication packets)
2026-09-14 22:33:33 217000 [Warning] Aborted connection 217000 to db: 'booklore' user: 'booklore' host: 'booklore.booklore_default' (Got an error reading communication packets)
2026-09-14 22:33:33 216998 [Warning] Aborted connection 216998 to db: 'booklore' user: 'booklore' host: 'booklore.booklore_default' (Got an error reading communication packets)
2026-09-14 22:33:33 216997 [Warning] Aborted connection 216997 to db: 'booklore' user: 'booklore' host: 'booklore.booklore_default' (Got an error reading communication packets)
2026-09-14 22:33:33 216999 [Warning] Aborted connection 216999 to db: 'booklore' user: 'booklore' host: 'booklore.booklore_default' (Got an error reading communication packets)
2026-09-14 22:33:33 216996 [Warning] Aborted connection 216996 to db: 'booklore' user: 'booklore' host: 'booklore.booklore_default' (Got an error reading communication packets)
2026-09-14 22:34:11 217012 [Warning] Aborted connection 217012 to db: 'booklore' user: 'booklore' host: 'booklore.booklore_default' (Got an error reading communication packets)
2026-09-14 22:34:11 217011 [Warning] Aborted connection 217011 to db: 'booklore' user: 'booklore' host: 'booklore.booklore_default' (Got an error reading communication packets)
2026-09-14 22:34:11 217013 [Warning] Aborted connection 217013 to db: 'booklore' user: 'booklore' host: 'booklore.booklore_default' (Got an error reading communication packets)
2026-09-14 22:34:11 217015 [Warning] Aborted connection 217015 to db: 'booklore' user: 'booklore' host: 'booklore.booklore_default' (Got an error reading communication packets)
2026-09-14 22:34:11 217010 [Warning] Aborted connection 217010 to db: 'booklore' user: 'booklore' host: 'booklore.booklore_default' (Got an error reading communication packets)
2026-09-14 22:34:11 217014 [Warning] Aborted connection 217014 to db: 'booklore' user: 'booklore' host: 'booklore.booklore_default' (Got an error reading communication packets)
2026-09-14 22:34:58 217027 [Warning] Aborted connection 217027 to db: 'booklore' user: 'booklore' host: 'booklore.booklore_default' (Got an error reading communication packets)
2026-09-14 22:34:58 217028 [Warning] Aborted connection 217028 to db: 'booklore' user: 'booklore' host: 'booklore.booklore_default' (Got an error reading communication packets)
2026-09-14 22:34:58 217026 [Warning] Aborted connection 217026 to db: 'booklore' user: 'booklore' host: 'booklore.booklore_default' (Got an error reading communication packets)
2026-09-14 22:34:58 217029 [Warning] Aborted connection 217029 to db: 'booklore' user: 'booklore' host: 'booklore.booklore_default' (Got an error reading communication packets)
2026-09-14 22:34:58 217025 [Warning] Aborted connection 217025 to db: 'booklore' user: 'booklore' host: 'booklore.booklore_default' (Got an error reading communication packets)
2026-09-14 22:34:58 217024 [Warning] Aborted connection 217024 to db: 'booklore' user: 'booklore' host: 'booklore.booklore_default' (Got an error reading communication packets)
2026-09-14 22:35:38 217044 [Warning] Aborted connection 217044 to db: 'booklore' user: 'booklore' host: 'booklore.booklore_default' (Got an error reading communication packets)
2026-09-14 22:35:38 217043 [Warning] Aborted connection 217043 to db: 'booklore' user: 'booklore' host: 'booklore.booklore_default' (Got an error reading communication packets)
2026-09-14 22:35:38 217042 [Warning] Aborted connection 217042 to db: 'booklore' user: 'booklore' host: 'booklore.booklore_default' (Got an error reading communication packets)
2026-09-14 22:35:38 217040 [Warning] Aborted connection 217040 to db: 'booklore' user: 'booklore' host: 'booklore.booklore_default' (Got an error reading communication packets)
2026-09-14 22:35:38 217039 [Warning] Aborted connection 217039 to db: 'booklore' user: 'booklore' host: 'booklore.booklore_default' (Got an error reading communication packets)
2026-09-14 22:35:38 217038 [Warning] Aborted connection 217038 to db: 'booklore' user: 'booklore' host: 'booklore.booklore_default' (Got an error reading communication packets)
2026-09-14 22:36:17 217055 [Warning] Aborted connection 217055 to db: 'booklore' user: 'booklore' host: 'booklore.booklore_default' (Got an error reading communication packets)
2026-09-14 22:36:17 217052 [Warning] Aborted connection 217052 to db: 'booklore' user: 'booklore' host: 'booklore.booklore_default' (Got an error reading communication packets)
2026-09-14 22:36:17 217053 [Warning] Aborted connection 217053 to db: 'booklore' user: 'booklore' host: 'booklore.booklore_default' (Got an error reading communication packets)
2026-09-14 22:36:17 217057 [Warning] Aborted connection 217057 to db: 'booklore' user: 'booklore' host: 'booklore.booklore_default' (Got an error reading communication packets)
2026-09-14 22:36:17 217056 [Warning] Aborted connection 217056 to db: 'booklore' user: 'booklore' host: 'booklore.booklore_default' (Got an error reading communication packets)
2026-09-14 22:36:17 217054 [Warning] Aborted connection 217054 to db: 'booklore' user: 'booklore' host: 'booklore.booklore_default' (Got an error reading communication packets)
2026-09-14 22:37:02 217071 [Warning] Aborted connection 217071 to db: 'booklore' user: 'booklore' host: 'booklore.booklore_default' (Got an error reading communication packets)
2026-09-14 22:37:02 217069 [Warning] Aborted connection 217069 to db: 'booklore' user: 'booklore' host: 'booklore.booklore_default' (Got an error reading communication packets)
2026-09-14 22:37:02 217070 [Warning] Aborted connection 217070 to db: 'booklore' user: 'booklore' host: 'booklore.booklore_default' (Got an error reading communication packets)
2026-09-14 22:37:02 217068 [Warning] Aborted connection 217068 to db: 'booklore' user: 'booklore' host: 'booklore.booklore_default' (Got an error reading communication packets)
2026-09-14 22:37:02 217067 [Warning] Aborted connection 217067 to db: 'booklore' user: 'booklore' host: 'booklore.booklore_default' (Got an error reading communication packets)
2026-09-14 22:37:02 217066 [Warning] Aborted connection 217066 to db: 'booklore' user: 'booklore' host: 'booklore.booklore_default' (Got an error reading communication packets)
2026-09-14 22:37:46 217085 [Warning] Aborted connection 217085 to db: 'booklore' user: 'booklore' host: 'booklore.booklore_default' (Got an error reading communication packets)
2026-09-14 22:37:46 217081 [Warning] Aborted connection 217081 to db: 'booklore' user: 'booklore' host: 'booklore.booklore_default' (Got an error reading communication packets)
2026-09-14 22:37:46 217086 [Warning] Aborted connection 217086 to db: 'booklore' user: 'booklore' host: 'booklore.booklore_default' (Got an error reading communication packets)
2026-09-14 22:37:46 217084 [Warning] Aborted connection 217084 to db: 'booklore' user: 'booklore' host: 'booklore.booklore_default' (Got an error reading communication packets)
2026-09-14 22:37:46 217083 [Warning] Aborted connection 217083 to db: 'booklore' user: 'booklore' host: 'booklore.booklore_default' (Got an error reading communication packets)
2026-09-14 22:37:46 217082 [Warning] Aborted connection 217082 to db: 'booklore' user: 'booklore' host: 'booklore.booklore_default' (Got an error reading communication packets)
2026-09-14 22:38:30 217099 [Warning] Aborted connection 217099 to db: 'booklore' user: 'booklore' host: 'booklore.booklore_default' (Got an error reading communication packets)
2026-09-14 22:38:30 217100 [Warning] Aborted connection 217100 to db: 'booklore' user: 'booklore' host: 'booklore.booklore_default' (Got an error reading communication packets)
2026-09-14 22:38:30 217098 [Warning] Aborted connection 217098 to db: 'booklore' user: 'booklore' host: 'booklore.booklore_default' (Got an error reading communication packets)
2026-09-14 22:38:30 217096 [Warning] Aborted connection 217096 to db: 'booklore' user: 'booklore' host: 'booklore.booklore_default' (Got an error reading communication packets)
2026-09-14 22:38:30 217097 [Warning] Aborted connection 217097 to db: 'booklore' user: 'booklore' host: 'booklore.booklore_default' (Got an error reading communication packets)
2026-09-14 22:38:30 217095 [Warning] Aborted connection 217095 to db: 'booklore' user: 'booklore' host: 'booklore.booklore_default' (Got an error reading communication packets)
2026-09-14 22:39:18 217116 [Warning] Aborted connection 217116 to db: 'booklore' user: 'booklore' host: 'booklore.booklore_default' (Got an error reading communication packets)
2026-09-14 22:39:18 217114 [Warning] Aborted connection 217114 to db: 'booklore' user: 'booklore' host: 'booklore.booklore_default' (Got an error reading communication packets)
2026-09-14 22:39:18 217115 [Warning] Aborted connection 217115 to db: 'booklore' user: 'booklore' host: 'booklore.booklore_default' (Got an error reading communication packets)
2026-09-14 22:39:18 217113 [Warning] Aborted connection 217113 to db: 'booklore' user: 'booklore' host: 'booklore.booklore_default' (Got an error reading communication packets)
2026-09-14 22:39:18 217112 [Warning] Aborted connection 217112 to db: 'booklore' user: 'booklore' host: 'booklore.booklore_default' (Got an error reading communication packets)
2026-09-14 22:39:18 217111 [Warning] Aborted connection 217111 to db: 'booklore' user: 'booklore' host: 'booklore.booklore_default' (Got an error reading communication packets)
2026-09-14 22:40:06 217129 [Warning] Aborted connection 217129 to db: 'booklore' user: 'booklore' host: 'booklore.booklore_default' (Got an error reading communication packets)
2026-09-14 22:40:06 217127 [Warning] Aborted connection 217127 to db: 'booklore' user: 'booklore' host: 'booklore.booklore_default' (Got an error reading communication packets)
2026-09-14 22:40:06 217125 [Warning] Aborted connection 217125 to db: 'booklore' user: 'booklore' host: 'booklore.booklore_default' (Got an error reading communication packets)
2026-09-14 22:40:06 217128 [Warning] Aborted connection 217128 to db: 'booklore' user: 'booklore' host: 'booklore.booklore_default' (Got an error reading communication packets)
2026-09-14 22:40:06 217126 [Warning] Aborted connection 217126 to db: 'booklore' user: 'booklore' host: 'booklore.booklore_default' (Got an error reading communication packets)
2026-09-14 22:40:06 217124 [Warning] Aborted connection 217124 to db: 'booklore' user: 'booklore' host: 'booklore.booklore_default' (Got an error reading communication packets)
2026-09-14 22:40:56 217145 [Warning] Aborted connection 217145 to db: 'booklore' user: 'booklore' host: 'booklore.booklore_default' (Got an error reading communication packets)
2026-09-14 22:40:56 217144 [Warning] Aborted connection 217144 to db: 'booklore' user: 'booklore' host: 'booklore.booklore_default' (Got an error reading communication packets)
2026-09-14 22:40:56 217140 [Warning] Aborted connection 217140 to db: 'booklore' user: 'booklore' host: 'booklore.booklore_default' (Got an error reading communication packets)
2026-09-14 22:40:56 217143 [Warning] Aborted connection 217143 to db: 'booklore' user: 'booklore' host: 'booklore.booklore_default' (Got an error reading communication packets)
2026-09-14 22:40:56 217142 [Warning] Aborted connection 217142 to db: 'booklore' user: 'booklore' host: 'booklore.booklore_default' (Got an error reading communication packets)
2026-09-14 22:40:56 217141 [Warning] Aborted connection 217141 to db: 'booklore' user: 'booklore' host: 'booklore.booklore_default' (Got an error reading communication packets)
2026-09-14 22:41:46 217160 [Warning] Aborted connection 217160 to db: 'booklore' user: 'booklore' host: 'booklore.booklore_default' (Got an error reading communication packets)
2026-09-14 22:41:46 217158 [Warning] Aborted connection 217158 to db: 'booklore' user: 'booklore' host: 'booklore.booklore_default' (Got an error reading communication packets)
2026-09-14 22:41:46 217155 [Warning] Aborted connection 217155 to db: 'booklore' user: 'booklore' host: 'booklore.booklore_default' (Got an error reading communication packets)
2026-09-14 22:41:46 217157 [Warning] Aborted connection 217157 to db: 'booklore' user: 'booklore' host: 'booklore.booklore_default' (Got an error reading communication packets)
2026-09-14 22:41:46 217156 [Warning] Aborted connection 217156 to db: 'booklore' user: 'booklore' host: 'booklore.booklore_default' (Got an error reading communication packets)
2026-09-14 22:41:46 217159 [Warning] Aborted connection 217159 to db: 'booklore' user: 'booklore' host: 'booklore.booklore_default' (Got an error reading communication packets)
2026-09-14 22:42:13 217176 [Warning] Aborted connection 217176 to db: 'booklore' user: 'booklore' host: 'booklore.booklore_default' (Got an error reading communication packets)
2026-09-14 22:42:13 217175 [Warning] Aborted connection 217175 to db: 'booklore' user: 'booklore' host: 'booklore.booklore_default' (Got an error reading communication packets)
2026-09-14 22:42:13 217174 [Warning] Aborted connection 217174 to db: 'booklore' user: 'booklore' host: 'booklore.booklore_default' (Got an error reading communication packets)
2026-09-14 22:42:13 217171 [Warning] Aborted connection 217171 to db: 'booklore' user: 'booklore' host: 'booklore.booklore_default' (Got an error reading communication packets)
2026-09-14 22:42:13 217172 [Warning] Aborted connection 217172 to db: 'booklore' user: 'booklore' host: 'booklore.booklore_default' (Got an error reading communication packets)
2026-09-14 22:42:13 217173 [Warning] Aborted connection 217173 to db: 'booklore' user: 'booklore' host: 'booklore.booklore_default' (Got an error reading communication packets)
2026-09-14 22:42:54 217188 [Warning] Aborted connection 217188 to db: 'booklore' user: 'booklore' host: 'booklore.booklore_default' (Got an error reading communication packets)
2026-09-14 22:42:54 217187 [Warning] Aborted connection 217187 to db: 'booklore' user: 'booklore' host: 'booklore.booklore_default' (Got an error reading communication packets)
2026-09-14 22:42:54 217183 [Warning] Aborted connection 217183 to db: 'booklore' user: 'booklore' host: 'booklore.booklore_default' (Got an error reading communication packets)
2026-09-14 22:42:54 217185 [Warning] Aborted connection 217185 to db: 'booklore' user: 'booklore' host: 'booklore.booklore_default' (Got an error reading communication packets)
2026-09-14 22:42:54 217186 [Warning] Aborted connection 217186 to db: 'booklore' user: 'booklore' host: 'booklore.booklore_default' (Got an error reading communication packets)
2026-09-14 22:42:54 217182 [Warning] Aborted connection 217182 to db: 'booklore' user: 'booklore' host: 'booklore.booklore_default' (Got an error reading communication packets)
2026-09-14 22:43:44 217202 [Warning] Aborted connection 217202 to db: 'booklore' user: 'booklore' host: 'booklore.booklore_default' (Got an error reading communication packets)
2026-09-14 22:43:44 217200 [Warning] Aborted connection 217200 to db: 'booklore' user: 'booklore' host: 'booklore.booklore_default' (Got an error reading communication packets)
2026-09-14 22:43:44 217196 [Warning] Aborted connection 217196 to db: 'booklore' user: 'booklore' host: 'booklore.booklore_default' (Got an error reading communication packets)
2026-09-14 22:43:44 217199 [Warning] Aborted connection 217199 to db: 'booklore' user: 'booklore' host: 'booklore.booklore_default' (Got an error reading communication packets)
2026-09-14 22:43:44 217197 [Warning] Aborted connection 217197 to db: 'booklore' user: 'booklore' host: 'booklore.booklore_default' (Got an error reading communication packets)
2026-09-14 22:43:44 217198 [Warning] Aborted connection 217198 to db: 'booklore' user: 'booklore' host: 'booklore.booklore_default' (Got an error reading communication packets)
2026-09-14 22:44:30 217217 [Warning] Aborted connection 217217 to db: 'booklore' user: 'booklore' host: 'booklore.booklore_default' (Got an error reading communication packets)
2026-09-14 22:44:30 217216 [Warning] Aborted connection 217216 to db: 'booklore' user: 'booklore' host: 'booklore.booklore_default' (Got an error reading communication packets)
2026-09-14 22:44:30 217215 [Warning] Aborted connection 217215 to db: 'booklore' user: 'booklore' host: 'booklore.booklore_default' (Got an error reading communication packets)
2026-09-14 22:44:30 217213 [Warning] Aborted connection 217213 to db: 'booklore' user: 'booklore' host: 'booklore.booklore_default' (Got an error reading communication packets)
2026-09-14 22:44:30 217214 [Warning] Aborted connection 217214 to db: 'booklore' user: 'booklore' host: 'booklore.booklore_default' (Got an error reading communication packets)
2026-09-14 22:44:30 217212 [Warning] Aborted connection 217212 to db: 'booklore' user: 'booklore' host: 'booklore.booklore_default' (Got an error reading communication packets)
2026-09-14 22:45:16 217232 [Warning] Aborted connection 217232 to db: 'booklore' user: 'booklore' host: 'booklore.booklore_default' (Got an error reading communication packets)
2026-09-14 22:45:16 217231 [Warning] Aborted connection 217231 to db: 'booklore' user: 'booklore' host: 'booklore.booklore_default' (Got an error reading communication packets)
2026-09-14 22:45:16 217230 [Warning] Aborted connection 217230 to db: 'booklore' user: 'booklore' host: 'booklore.booklore_default' (Got an error reading communication packets)
2026-09-14 22:45:16 217227 [Warning] Aborted connection 217227 to db: 'booklore' user: 'booklore' host: 'booklore.booklore_default' (Got an error reading communication packets)
2026-09-14 22:45:16 217228 [Warning] Aborted connection 217228 to db: 'booklore' user: 'booklore' host: 'booklore.booklore_default' (Got an error reading communication packets)
2026-09-14 22:45:16 217229 [Warning] Aborted connection 217229 to db: 'booklore' user: 'booklore' host: 'booklore.booklore_default' (Got an error reading communication packets)
2026-09-14 22:46:09 217247 [Warning] Aborted connection 217247 to db: 'booklore' user: 'booklore' host: 'booklore.booklore_default' (Got an error reading communication packets)
2026-09-14 22:46:09 217246 [Warning] Aborted connection 217246 to db: 'booklore' user: 'booklore' host: 'booklore.booklore_default' (Got an error reading communication packets)
2026-09-14 22:46:09 217245 [Warning] Aborted connection 217245 to db: 'booklore' user: 'booklore' host: 'booklore.booklore_default' (Got an error reading communication packets)
2026-09-14 22:46:09 217243 [Warning] Aborted connection 217243 to db: 'booklore' user: 'booklore' host: 'booklore.booklore_default' (Got an error reading communication packets)
2026-09-14 22:46:09 217244 [Warning] Aborted connection 217244 to db: 'booklore' user: 'booklore' host: 'booklore.booklore_default' (Got an error reading communication packets)
2026-09-14 22:46:09 217242 [Warning] Aborted connection 217242 to db: 'booklore' user: 'booklore' host: 'booklore.booklore_default' (Got an error reading communication packets)
2026-09-14 22:46:53 217262 [Warning] Aborted connection 217262 to db: 'booklore' user: 'booklore' host: 'booklore.booklore_default' (Got an error reading communication packets)
2026-09-14 22:46:53 217263 [Warning] Aborted connection 217263 to db: 'booklore' user: 'booklore' host: 'booklore.booklore_default' (Got an error reading communication packets)
2026-09-14 22:46:53 217261 [Warning] Aborted connection 217261 to db: 'booklore' user: 'booklore' host: 'booklore.booklore_default' (Got an error reading communication packets)
2026-09-14 22:46:53 217259 [Warning] Aborted connection 217259 to db: 'booklore' user: 'booklore' host: 'booklore.booklore_default' (Got an error reading communication packets)
2026-09-14 22:46:53 217258 [Warning] Aborted connection 217258 to db: 'booklore' user: 'booklore' host: 'booklore.booklore_default' (Got an error reading communication packets)
2026-09-14 22:46:53 217260 [Warning] Aborted connection 217260 to db: 'booklore' user: 'booklore' host: 'booklore.booklore_default' (Got an error reading communication packets)
2026-09-14 22:47:48 217277 [Warning] Aborted connection 217277 to db: 'booklore' user: 'booklore' host: 'booklore.booklore_default' (Got an error reading communication packets)
2026-09-14 22:47:48 217275 [Warning] Aborted connection 217275 to db: 'booklore' user: 'booklore' host: 'booklore.booklore_default' (Got an error reading communication packets)
2026-09-14 22:47:48 217276 [Warning] Aborted connection 217276 to db: 'booklore' user: 'booklore' host: 'booklore.booklore_default' (Got an error reading communication packets)
2026-09-14 22:47:48 217273 [Warning] Aborted connection 217273 to db: 'booklore' user: 'booklore' host: 'booklore.booklore_default' (Got an error reading communication packets)
2026-09-14 22:47:48 217274 [Warning] Aborted connection 217274 to db: 'booklore' user: 'booklore' host: 'booklore.booklore_default' (Got an error reading communication packets)
2026-09-14 22:47:48 217278 [Warning] Aborted connection 217278 to db: 'booklore' user: 'booklore' host: 'booklore.booklore_default' (Got an error reading communication packets)
2026-09-14 22:48:26 217294 [Warning] Aborted connection 217294 to db: 'booklore' user: 'booklore' host: 'booklore.booklore_default' (Got an error reading communication packets)
2026-09-14 22:48:26 217292 [Warning] Aborted connection 217292 to db: 'booklore' user: 'booklore' host: 'booklore.booklore_default' (Got an error reading communication packets)
2026-09-14 22:48:26 217293 [Warning] Aborted connection 217293 to db: 'booklore' user: 'booklore' host: 'booklore.booklore_default' (Got an error reading communication packets)
2026-09-14 22:48:26 217290 [Warning] Aborted connection 217290 to db: 'booklore' user: 'booklore' host: 'booklore.booklore_default' (Got an error reading communication packets)
2026-09-14 22:48:26 217289 [Warning] Aborted connection 217289 to db: 'booklore' user: 'booklore' host: 'booklore.booklore_default' (Got an error reading communication packets)
2026-09-14 22:48:26 217291 [Warning] Aborted connection 217291 to db: 'booklore' user: 'booklore' host: 'booklore.booklore_default' (Got an error reading communication packets)
2026-09-14 22:49:07 217308 [Warning] Aborted connection 217308 to db: 'booklore' user: 'booklore' host: 'booklore.booklore_default' (Got an error reading communication packets)
2026-09-14 22:49:07 217306 [Warning] Aborted connection 217306 to db: 'booklore' user: 'booklore' host: 'booklore.booklore_default' (Got an error reading communication packets)
2026-09-14 22:49:07 217305 [Warning] Aborted connection 217305 to db: 'booklore' user: 'booklore' host: 'booklore.booklore_default' (Got an error reading communication packets)
2026-09-14 22:49:07 217304 [Warning] Aborted connection 217304 to db: 'booklore' user: 'booklore' host: 'booklore.booklore_default' (Got an error reading communication packets)
2026-09-14 22:49:07 217303 [Warning] Aborted connection 217303 to db: 'booklore' user: 'booklore' host: 'booklore.booklore_default' (Got an error reading communication packets)
2026-09-14 22:49:07 217302 [Warning] Aborted connection 217302 to db: 'booklore' user: 'booklore' host: 'booklore.booklore_default' (Got an error reading communication packets)
2026-09-14 22:49:48 217321 [Warning] Aborted connection 217321 to db: 'booklore' user: 'booklore' host: 'booklore.booklore_default' (Got an error reading communication packets)
2026-09-14 22:49:48 217320 [Warning] Aborted connection 217320 to db: 'booklore' user: 'booklore' host: 'booklore.booklore_default' (Got an error reading communication packets)
2026-09-14 22:49:48 217318 [Warning] Aborted connection 217318 to db: 'booklore' user: 'booklore' host: 'booklore.booklore_default' (Got an error reading communication packets)
2026-09-14 22:49:48 217319 [Warning] Aborted connection 217319 to db: 'booklore' user: 'booklore' host: 'booklore.booklore_default' (Got an error reading communication packets)
2026-09-14 22:49:48 217316 [Warning] Aborted connection 217316 to db: 'booklore' user: 'booklore' host: 'booklore.booklore_default' (Got an error reading communication packets)
2026-09-14 22:49:48 217317 [Warning] Aborted connection 217317 to db: 'booklore' user: 'booklore' host: 'booklore.booklore_default' (Got an error reading communication packets)
2026-09-14 22:50:18 217335 [Warning] Aborted connection 217335 to db: 'booklore' user: 'booklore' host: 'booklore.booklore_default' (Got an error reading communication packets)
2026-09-14 22:50:18 217332 [Warning] Aborted connection 217332 to db: 'booklore' user: 'booklore' host: 'booklore.booklore_default' (Got an error reading communication packets)
2026-09-14 22:50:18 217333 [Warning] Aborted connection 217333 to db: 'booklore' user: 'booklore' host: 'booklore.booklore_default' (Got an error reading communication packets)
2026-09-14 22:50:18 217331 [Warning] Aborted connection 217331 to db: 'booklore' user: 'booklore' host: 'booklore.booklore_default' (Got an error reading communication packets)
2026-09-14 22:50:18 217330 [Warning] Aborted connection 217330 to db: 'booklore' user: 'booklore' host: 'booklore.booklore_default' (Got an error reading communication packets)
2026-09-14 22:50:18 217334 [Warning] Aborted connection 217334 to db: 'booklore' user: 'booklore' host: 'booklore.booklore_default' (Got an error reading communication packets)
2026-09-14 22:50:57 217347 [Warning] Aborted connection 217347 to db: 'booklore' user: 'booklore' host: 'booklore.booklore_default' (Got an error reading communication packets)
2026-09-14 22:50:57 217346 [Warning] Aborted connection 217346 to db: 'booklore' user: 'booklore' host: 'booklore.booklore_default' (Got an error reading communication packets)
2026-09-14 22:50:57 217343 [Warning] Aborted connection 217343 to db: 'booklore' user: 'booklore' host: 'booklore.booklore_default' (Got an error reading communication packets)
2026-09-14 22:50:57 217345 [Warning] Aborted connection 217345 to db: 'booklore' user: 'booklore' host: 'booklore.booklore_default' (Got an error reading communication packets)
2026-09-14 22:50:57 217344 [Warning] Aborted connection 217344 to db: 'booklore' user: 'booklore' host: 'booklore.booklore_default' (Got an error reading communication packets)
2026-09-14 22:50:57 217342 [Warning] Aborted connection 217342 to db: 'booklore' user: 'booklore' host: 'booklore.booklore_default' (Got an error reading communication packets)
2026-09-14 22:51:40 217361 [Warning] Aborted connection 217361 to db: 'booklore' user: 'booklore' host: 'booklore.booklore_default' (Got an error reading communication packets)
2026-09-14 22:51:40 217359 [Warning] Aborted connection 217359 to db: 'booklore' user: 'booklore' host: 'booklore.booklore_default' (Got an error reading communication packets)
2026-09-14 22:51:40 217360 [Warning] Aborted connection 217360 to db: 'booklore' user: 'booklore' host: 'booklore.booklore_default' (Got an error reading communication packets)
2026-09-14 22:51:40 217358 [Warning] Aborted connection 217358 to db: 'booklore' user: 'booklore' host: 'booklore.booklore_default' (Got an error reading communication packets)
2026-09-14 22:51:40 217357 [Warning] Aborted connection 217357 to db: 'booklore' user: 'booklore' host: 'booklore.booklore_default' (Got an error reading communication packets)
2026-09-14 22:51:40 217356 [Warning] Aborted connection 217356 to db: 'booklore' user: 'booklore' host: 'booklore.booklore_default' (Got an error reading communication packets)
2026-09-14 22:52:28 217375 [Warning] Aborted connection 217375 to db: 'booklore' user: 'booklore' host: 'booklore.booklore_default' (Got an error reading communication packets)
2026-09-14 22:52:28 217372 [Warning] Aborted connection 217372 to db: 'booklore' user: 'booklore' host: 'booklore.booklore_default' (Got an error reading communication packets)
2026-09-14 22:52:28 217374 [Warning] Aborted connection 217374 to db: 'booklore' user: 'booklore' host: 'booklore.booklore_default' (Got an error reading communication packets)
2026-09-14 22:52:28 217370 [Warning] Aborted connection 217370 to db: 'booklore' user: 'booklore' host: 'booklore.booklore_default' (Got an error reading communication packets)
2026-09-14 22:52:28 217373 [Warning] Aborted connection 217373 to db: 'booklore' user: 'booklore' host: 'booklore.booklore_default' (Got an error reading communication packets)
2026-09-14 22:52:28 217371 [Warning] Aborted connection 217371 to db: 'booklore' user: 'booklore' host: 'booklore.booklore_default' (Got an error reading communication packets)
2026-09-14 22:53:19 217390 [Warning] Aborted connection 217390 to db: 'booklore' user: 'booklore' host: 'booklore.booklore_default' (Got an error reading communication packets)
2026-09-14 22:53:19 217386 [Warning] Aborted connection 217386 to db: 'booklore' user: 'booklore' host: 'booklore.booklore_default' (Got an error reading communication packets)
2026-09-14 22:53:19 217385 [Warning] Aborted connection 217385 to db: 'booklore' user: 'booklore' host: 'booklore.booklore_default' (Got an error reading communication packets)
2026-09-14 22:53:19 217388 [Warning] Aborted connection 217388 to db: 'booklore' user: 'booklore' host: 'booklore.booklore_default' (Got an error reading communication packets)
2026-09-14 22:53:19 217387 [Warning] Aborted connection 217387 to db: 'booklore' user: 'booklore' host: 'booklore.booklore_default' (Got an error reading communication packets)
2026-09-14 22:53:19 217389 [Warning] Aborted connection 217389 to db: 'booklore' user: 'booklore' host: 'booklore.booklore_default' (Got an error reading communication packets)
2026-09-14 22:53:58 217405 [Warning] Aborted connection 217405 to db: 'booklore' user: 'booklore' host: 'booklore.booklore_default' (Got an error reading communication packets)
2026-09-14 22:53:58 217404 [Warning] Aborted connection 217404 to db: 'booklore' user: 'booklore' host: 'booklore.booklore_default' (Got an error reading communication packets)
2026-09-14 22:53:58 217406 [Warning] Aborted connection 217406 to db: 'booklore' user: 'booklore' host: 'booklore.booklore_default' (Got an error reading communication packets)
2026-09-14 22:53:58 217403 [Warning] Aborted connection 217403 to db: 'booklore' user: 'booklore' host: 'booklore.booklore_default' (Got an error reading communication packets)
2026-09-14 22:53:58 217402 [Warning] Aborted connection 217402 to db: 'booklore' user: 'booklore' host: 'booklore.booklore_default' (Got an error reading communication packets)
2026-09-14 22:53:58 217401 [Warning] Aborted connection 217401 to db: 'booklore' user: 'booklore' host: 'booklore.booklore_default' (Got an error reading communication packets)
2026-09-14 22:56:03 217420 [Warning] Aborted connection 217420 to db: 'booklore' user: 'booklore' host: 'booklore.booklore_default' (Got an error reading communication packets)
2026-09-14 22:56:03 217418 [Warning] Aborted connection 217418 to db: 'booklore' user: 'booklore' host: 'booklore.booklore_default' (Got an error reading communication packets)
2026-09-14 22:56:03 217419 [Warning] Aborted connection 217419 to db: 'booklore' user: 'booklore' host: 'booklore.booklore_default' (Got an error reading communication packets)
2026-09-14 22:56:03 217417 [Warning] Aborted connection 217417 to db: 'booklore' user: 'booklore' host: 'booklore.booklore_default' (Got an error reading communication packets)
2026-09-14 22:56:03 217416 [Warning] Aborted connection 217416 to db: 'booklore' user: 'booklore' host: 'booklore.booklore_default' (Got an error reading communication packets)
2026-09-14 22:56:03 217415 [Warning] Aborted connection 217415 to db: 'booklore' user: 'booklore' host: 'booklore.booklore_default' (Got an error reading communication packets)
2026-09-14 22:56:50 217445 [Warning] Aborted connection 217445 to db: 'booklore' user: 'booklore' host: 'booklore.booklore_default' (Got an error reading communication packets)
2026-09-14 22:56:50 217447 [Warning] Aborted connection 217447 to db: 'booklore' user: 'booklore' host: 'booklore.booklore_default' (Got an error reading communication packets)
2026-09-14 22:56:50 217446 [Warning] Aborted connection 217446 to db: 'booklore' user: 'booklore' host: 'booklore.booklore_default' (Got an error reading communication packets)
2026-09-14 22:56:50 217443 [Warning] Aborted connection 217443 to db: 'booklore' user: 'booklore' host: 'booklore.booklore_default' (Got an error reading communication packets)
2026-09-14 22:56:50 217448 [Warning] Aborted connection 217448 to db: 'booklore' user: 'booklore' host: 'booklore.booklore_default' (Got an error reading communication packets)
2026-09-14 22:56:50 217444 [Warning] Aborted connection 217444 to db: 'booklore' user: 'booklore' host: 'booklore.booklore_default' (Got an error reading communication packets)
2026-09-14 22:57:30 217465 [Warning] Aborted connection 217465 to db: 'booklore' user: 'booklore' host: 'booklore.booklore_default' (Got an error reading communication packets)
2026-09-14 22:57:30 217464 [Warning] Aborted connection 217464 to db: 'booklore' user: 'booklore' host: 'booklore.booklore_default' (Got an error reading communication packets)
2026-09-14 22:57:30 217461 [Warning] Aborted connection 217461 to db: 'booklore' user: 'booklore' host: 'booklore.booklore_default' (Got an error reading communication packets)
2026-09-14 22:57:30 217462 [Warning] Aborted connection 217462 to db: 'booklore' user: 'booklore' host: 'booklore.booklore_default' (Got an error reading communication packets)
2026-09-14 22:57:30 217460 [Warning] Aborted connection 217460 to db: 'booklore' user: 'booklore' host: 'booklore.booklore_default' (Got an error reading communication packets)
2026-09-14 22:57:30 217459 [Warning] Aborted connection 217459 to db: 'booklore' user: 'booklore' host: 'booklore.booklore_default' (Got an error reading communication packets)
2026-09-14 22:58:21 217478 [Warning] Aborted connection 217478 to db: 'booklore' user: 'booklore' host: 'booklore.booklore_default' (Got an error reading communication packets)
2026-09-14 22:58:21 217476 [Warning] Aborted connection 217476 to db: 'booklore' user: 'booklore' host: 'booklore.booklore_default' (Got an error reading communication packets)
2026-09-14 22:58:21 217479 [Warning] Aborted connection 217479 to db: 'booklore' user: 'booklore' host: 'booklore.booklore_default' (Got an error reading communication packets)
2026-09-14 22:58:21 217474 [Warning] Aborted connection 217474 to db: 'booklore' user: 'booklore' host: 'booklore.booklore_default' (Got an error reading communication packets)
2026-09-14 22:58:21 217475 [Warning] Aborted connection 217475 to db: 'booklore' user: 'booklore' host: 'booklore.booklore_default' (Got an error reading communication packets)
2026-09-14 22:58:21 217477 [Warning] Aborted connection 217477 to db: 'booklore' user: 'booklore' host: 'booklore.booklore_default' (Got an error reading communication packets)
2026-09-14 22:59:24 217496 [Warning] Aborted connection 217496 to db: 'booklore' user: 'booklore' host: 'booklore.booklore_default' (Got an error reading communication packets)
2026-09-14 22:59:24 217495 [Warning] Aborted connection 217495 to db: 'booklore' user: 'booklore' host: 'booklore.booklore_default' (Got an error reading communication packets)
2026-09-14 22:59:24 217494 [Warning] Aborted connection 217494 to db: 'booklore' user: 'booklore' host: 'booklore.booklore_default' (Got an error reading communication packets)
2026-09-14 22:59:24 217492 [Warning] Aborted connection 217492 to db: 'booklore' user: 'booklore' host: 'booklore.booklore_default' (Got an error reading communication packets)
2026-09-14 22:59:24 217493 [Warning] Aborted connection 217493 to db: 'booklore' user: 'booklore' host: 'booklore.booklore_default' (Got an error reading communication packets)
2026-09-14 22:59:24 217491 [Warning] Aborted connection 217491 to db: 'booklore' user: 'booklore' host: 'booklore.booklore_default' (Got an error reading communication packets)
2026-09-14 23:00:10 217511 [Warning] Aborted connection 217511 to db: 'booklore' user: 'booklore' host: 'booklore.booklore_default' (Got an error reading communication packets)
2026-09-14 23:00:10 217512 [Warning] Aborted connection 217512 to db: 'booklore' user: 'booklore' host: 'booklore.booklore_default' (Got an error reading communication packets)
2026-09-14 23:00:10 217510 [Warning] Aborted connection 217510 to db: 'booklore' user: 'booklore' host: 'booklore.booklore_default' (Got an error reading communication packets)
2026-09-14 23:00:10 217509 [Warning] Aborted connection 217509 to db: 'booklore' user: 'booklore' host: 'booklore.booklore_default' (Got an error reading communication packets)
2026-09-14 23:00:10 217508 [Warning] Aborted connection 217508 to db: 'booklore' user: 'booklore' host: 'booklore.booklore_default' (Got an error reading communication packets)
2026-09-14 23:00:10 217507 [Warning] Aborted connection 217507 to db: 'booklore' user: 'booklore' host: 'booklore.booklore_default' (Got an error reading communication packets)
2026-09-14 23:00:50 217526 [Warning] Aborted connection 217526 to db: 'booklore' user: 'booklore' host: 'booklore.booklore_default' (Got an error reading communication packets)
2026-09-14 23:00:50 217522 [Warning] Aborted connection 217522 to db: 'booklore' user: 'booklore' host: 'booklore.booklore_default' (Got an error reading communication packets)
2026-09-14 23:00:50 217524 [Warning] Aborted connection 217524 to db: 'booklore' user: 'booklore' host: 'booklore.booklore_default' (Got an error reading communication packets)
2026-09-14 23:00:50 217523 [Warning] Aborted connection 217523 to db: 'booklore' user: 'booklore' host: 'booklore.booklore_default' (Got an error reading communication packets)
2026-09-14 23:00:50 217525 [Warning] Aborted connection 217525 to db: 'booklore' user: 'booklore' host: 'booklore.booklore_default' (Got an error reading communication packets)
2026-09-14 23:00:50 217527 [Warning] Aborted connection 217527 to db: 'booklore' user: 'booklore' host: 'booklore.booklore_default' (Got an error reading communication packets)
2026-09-14 23:01:35 217541 [Warning] Aborted connection 217541 to db: 'booklore' user: 'booklore' host: 'booklore.booklore_default' (Got an error reading communication packets)
2026-09-14 23:01:35 217538 [Warning] Aborted connection 217538 to db: 'booklore' user: 'booklore' host: 'booklore.booklore_default' (Got an error reading communication packets)
2026-09-14 23:01:35 217540 [Warning] Aborted connection 217540 to db: 'booklore' user: 'booklore' host: 'booklore.booklore_default' (Got an error reading communication packets)
2026-09-14 23:01:35 217539 [Warning] Aborted connection 217539 to db: 'booklore' user: 'booklore' host: 'booklore.booklore_default' (Got an error reading communication packets)
2026-09-14 23:01:35 217537 [Warning] Aborted connection 217537 to db: 'booklore' user: 'booklore' host: 'booklore.booklore_default' (Got an error reading communication packets)
2026-09-14 23:01:35 217536 [Warning] Aborted connection 217536 to db: 'booklore' user: 'booklore' host: 'booklore.booklore_default' (Got an error reading communication packets)
2026-09-14 23:02:21 217556 [Warning] Aborted connection 217556 to db: 'booklore' user: 'booklore' host: 'booklore.booklore_default' (Got an error reading communication packets)
2026-09-14 23:02:21 217555 [Warning] Aborted connection 217555 to db: 'booklore' user: 'booklore' host: 'booklore.booklore_default' (Got an error reading communication packets)
2026-09-14 23:02:21 217554 [Warning] Aborted connection 217554 to db: 'booklore' user: 'booklore' host: 'booklore.booklore_default' (Got an error reading communication packets)
2026-09-14 23:02:21 217553 [Warning] Aborted connection 217553 to db: 'booklore' user: 'booklore' host: 'booklore.booklore_default' (Got an error reading communication packets)
2026-09-14 23:02:21 217552 [Warning] Aborted connection 217552 to db: 'booklore' user: 'booklore' host: 'booklore.booklore_default' (Got an error reading communication packets)
2026-09-14 23:02:21 217551 [Warning] Aborted connection 217551 to db: 'booklore' user: 'booklore' host: 'booklore.booklore_default' (Got an error reading communication packets)
2026-09-14 23:03:15 217570 [Warning] Aborted connection 217570 to db: 'booklore' user: 'booklore' host: 'booklore.booklore_default' (Got an error reading communication packets)
2026-09-14 23:03:15 217571 [Warning] Aborted connection 217571 to db: 'booklore' user: 'booklore' host: 'booklore.booklore_default' (Got an error reading communication packets)
2026-09-14 23:03:15 217569 [Warning] Aborted connection 217569 to db: 'booklore' user: 'booklore' host: 'booklore.booklore_default' (Got an error reading communication packets)
2026-09-14 23:03:15 217567 [Warning] Aborted connection 217567 to db: 'booklore' user: 'booklore' host: 'booklore.booklore_default' (Got an error reading communication packets)
2026-09-14 23:03:15 217566 [Warning] Aborted connection 217566 to db: 'booklore' user: 'booklore' host: 'booklore.booklore_default' (Got an error reading communication packets)
2026-09-14 23:03:15 217568 [Warning] Aborted connection 217568 to db: 'booklore' user: 'booklore' host: 'booklore.booklore_default' (Got an error reading communication packets)
2026-09-14 23:04:02 217586 [Warning] Aborted connection 217586 to db: 'booklore' user: 'booklore' host: 'booklore.booklore_default' (Got an error reading communication packets)
2026-09-14 23:04:02 217584 [Warning] Aborted connection 217584 to db: 'booklore' user: 'booklore' host: 'booklore.booklore_default' (Got an error reading communication packets)
2026-09-14 23:04:02 217587 [Warning] Aborted connection 217587 to db: 'booklore' user: 'booklore' host: 'booklore.booklore_default' (Got an error reading communication packets)
2026-09-14 23:04:02 217583 [Warning] Aborted connection 217583 to db: 'booklore' user: 'booklore' host: 'booklore.booklore_default' (Got an error reading communication packets)
2026-09-14 23:04:02 217582 [Warning] Aborted connection 217582 to db: 'booklore' user: 'booklore' host: 'booklore.booklore_default' (Got an error reading communication packets)
2026-09-14 23:04:02 217585 [Warning] Aborted connection 217585 to db: 'booklore' user: 'booklore' host: 'booklore.booklore_default' (Got an error reading communication packets)
2026-09-14 23:05:06 217604 [Warning] Aborted connection 217604 to db: 'booklore' user: 'booklore' host: 'booklore.booklore_default' (Got an error reading communication packets)
2026-09-14 23:05:06 217603 [Warning] Aborted connection 217603 to db: 'booklore' user: 'booklore' host: 'booklore.booklore_default' (Got an error reading communication packets)
2026-09-14 23:05:06 217602 [Warning] Aborted connection 217602 to db: 'booklore' user: 'booklore' host: 'booklore.booklore_default' (Got an error reading communication packets)
2026-09-14 23:05:06 217601 [Warning] Aborted connection 217601 to db: 'booklore' user: 'booklore' host: 'booklore.booklore_default' (Got an error reading communication packets)
2026-09-14 23:05:06 217599 [Warning] Aborted connection 217599 to db: 'booklore' user: 'booklore' host: 'booklore.booklore_default' (Got an error reading communication packets)
2026-09-14 23:05:06 217600 [Warning] Aborted connection 217600 to db: 'booklore' user: 'booklore' host: 'booklore.booklore_default' (Got an error reading communication packets)
2026-09-14 23:05:35 217621 [Warning] Aborted connection 217621 to db: 'booklore' user: 'booklore' host: 'booklore.booklore_default' (Got an error reading communication packets)
2026-09-14 23:05:35 217620 [Warning] Aborted connection 217620 to db: 'booklore' user: 'booklore' host: 'booklore.booklore_default' (Got an error reading communication packets)
2026-09-14 23:05:35 217617 [Warning] Aborted connection 217617 to db: 'booklore' user: 'booklore' host: 'booklore.booklore_default' (Got an error reading communication packets)
2026-09-14 23:05:35 217619 [Warning] Aborted connection 217619 to db: 'booklore' user: 'booklore' host: 'booklore.booklore_default' (Got an error reading communication packets)
2026-09-14 23:05:35 217618 [Warning] Aborted connection 217618 to db: 'booklore' user: 'booklore' host: 'booklore.booklore_default' (Got an error reading communication packets)
2026-09-14 23:05:35 217616 [Warning] Aborted connection 217616 to db: 'booklore' user: 'booklore' host: 'booklore.booklore_default' (Got an error reading communication packets)
2026-09-14 23:06:38 217634 [Warning] Aborted connection 217634 to db: 'booklore' user: 'booklore' host: 'booklore.booklore_default' (Got an error reading communication packets)
2026-09-14 23:06:38 217633 [Warning] Aborted connection 217633 to db: 'booklore' user: 'booklore' host: 'booklore.booklore_default' (Got an error reading communication packets)
2026-09-14 23:06:38 217632 [Warning] Aborted connection 217632 to db: 'booklore' user: 'booklore' host: 'booklore.booklore_default' (Got an error reading communication packets)
2026-09-14 23:06:38 217631 [Warning] Aborted connection 217631 to db: 'booklore' user: 'booklore' host: 'booklore.booklore_default' (Got an error reading communication packets)
2026-09-14 23:06:38 217630 [Warning] Aborted connection 217630 to db: 'booklore' user: 'booklore' host: 'booklore.booklore_default' (Got an error reading communication packets)
2026-09-14 23:06:38 217629 [Warning] Aborted connection 217629 to db: 'booklore' user: 'booklore' host: 'booklore.booklore_default' (Got an error reading communication packets)
2026-09-14 23:07:47 217651 [Warning] Aborted connection 217651 to db: 'booklore' user: 'booklore' host: 'booklore.booklore_default' (Got an error reading communication packets)
2026-09-14 23:07:47 217649 [Warning] Aborted connection 217649 to db: 'booklore' user: 'booklore' host: 'booklore.booklore_default' (Got an error reading communication packets)
2026-09-14 23:07:47 217647 [Warning] Aborted connection 217647 to db: 'booklore' user: 'booklore' host: 'booklore.booklore_default' (Got an error reading communication packets)
2026-09-14 23:07:47 217646 [Warning] Aborted connection 217646 to db: 'booklore' user: 'booklore' host: 'booklore.booklore_default' (Got an error reading communication packets)
2026-09-14 23:07:47 217650 [Warning] Aborted connection 217650 to db: 'booklore' user: 'booklore' host: 'booklore.booklore_default' (Got an error reading communication packets)
2026-09-14 23:07:47 217648 [Warning] Aborted connection 217648 to db: 'booklore' user: 'booklore' host: 'booklore.booklore_default' (Got an error reading communication packets)
2026-09-14 23:08:51 217670 [Warning] Aborted connection 217670 to db: 'booklore' user: 'booklore' host: 'booklore.booklore_default' (Got an error reading communication packets)
2026-09-14 23:08:51 217667 [Warning] Aborted connection 217667 to db: 'booklore' user: 'booklore' host: 'booklore.booklore_default' (Got an error reading communication packets)
2026-09-14 23:08:51 217671 [Warning] Aborted connection 217671 to db: 'booklore' user: 'booklore' host: 'booklore.booklore_default' (Got an error reading communication packets)
2026-09-14 23:08:51 217666 [Warning] Aborted connection 217666 to db: 'booklore' user: 'booklore' host: 'booklore.booklore_default' (Got an error reading communication packets)
2026-09-14 23:08:51 217668 [Warning] Aborted connection 217668 to db: 'booklore' user: 'booklore' host: 'booklore.booklore_default' (Got an error reading communication packets)
2026-09-14 23:08:51 217669 [Warning] Aborted connection 217669 to db: 'booklore' user: 'booklore' host: 'booklore.booklore_default' (Got an error reading communication packets)
2026-09-14 23:09:35 217688 [Warning] Aborted connection 217688 to db: 'booklore' user: 'booklore' host: 'booklore.booklore_default' (Got an error reading communication packets)
2026-09-14 23:09:35 217686 [Warning] Aborted connection 217686 to db: 'booklore' user: 'booklore' host: 'booklore.booklore_default' (Got an error reading communication packets)
2026-09-14 23:09:35 217684 [Warning] Aborted connection 217684 to db: 'booklore' user: 'booklore' host: 'booklore.booklore_default' (Got an error reading communication packets)
2026-09-14 23:09:35 217687 [Warning] Aborted connection 217687 to db: 'booklore' user: 'booklore' host: 'booklore.booklore_default' (Got an error reading communication packets)
2026-09-14 23:09:35 217683 [Warning] Aborted connection 217683 to db: 'booklore' user: 'booklore' host: 'booklore.booklore_default' (Got an error reading communication packets)
2026-09-14 23:09:35 217685 [Warning] Aborted connection 217685 to db: 'booklore' user: 'booklore' host: 'booklore.booklore_default' (Got an error reading communication packets)
2026-09-14 23:10:11 217698 [Warning] Aborted connection 217698 to db: 'booklore' user: 'booklore' host: 'booklore.booklore_default' (Got an error reading communication packets)
2026-09-14 23:10:11 217702 [Warning] Aborted connection 217702 to db: 'booklore' user: 'booklore' host: 'booklore.booklore_default' (Got an error reading communication packets)
2026-09-14 23:10:11 217700 [Warning] Aborted connection 217700 to db: 'booklore' user: 'booklore' host: 'booklore.booklore_default' (Got an error reading communication packets)
2026-09-14 23:10:11 217697 [Warning] Aborted connection 217697 to db: 'booklore' user: 'booklore' host: 'booklore.booklore_default' (Got an error reading communication packets)
2026-09-14 23:10:11 217701 [Warning] Aborted connection 217701 to db: 'booklore' user: 'booklore' host: 'booklore.booklore_default' (Got an error reading communication packets)
2026-09-14 23:10:11 217699 [Warning] Aborted connection 217699 to db: 'booklore' user: 'booklore' host: 'booklore.booklore_default' (Got an error reading communication packets)
2026-09-14 23:10:54 217713 [Warning] Aborted connection 217713 to db: 'booklore' user: 'booklore' host: 'booklore.booklore_default' (Got an error reading communication packets)
2026-09-14 23:10:54 217712 [Warning] Aborted connection 217712 to db: 'booklore' user: 'booklore' host: 'booklore.booklore_default' (Got an error reading communication packets)
2026-09-14 23:10:54 217711 [Warning] Aborted connection 217711 to db: 'booklore' user: 'booklore' host: 'booklore.booklore_default' (Got an error reading communication packets)
2026-09-14 23:10:54 217715 [Warning] Aborted connection 217715 to db: 'booklore' user: 'booklore' host: 'booklore.booklore_default' (Got an error reading communication packets)
2026-09-14 23:10:54 217714 [Warning] Aborted connection 217714 to db: 'booklore' user: 'booklore' host: 'booklore.booklore_default' (Got an error reading communication packets)
2026-09-14 23:10:54 217710 [Warning] Aborted connection 217710 to db: 'booklore' user: 'booklore' host: 'booklore.booklore_default' (Got an error reading communication packets)
2026-09-14 23:11:40 217729 [Warning] Aborted connection 217729 to db: 'booklore' user: 'booklore' host: 'booklore.booklore_default' (Got an error reading communication packets)
2026-09-14 23:11:40 217728 [Warning] Aborted connection 217728 to db: 'booklore' user: 'booklore' host: 'booklore.booklore_default' (Got an error reading communication packets)
2026-09-14 23:11:40 217727 [Warning] Aborted connection 217727 to db: 'booklore' user: 'booklore' host: 'booklore.booklore_default' (Got an error reading communication packets)
2026-09-14 23:11:40 217726 [Warning] Aborted connection 217726 to db: 'booklore' user: 'booklore' host: 'booklore.booklore_default' (Got an error reading communication packets)
2026-09-14 23:11:40 217725 [Warning] Aborted connection 217725 to db: 'booklore' user: 'booklore' host: 'booklore.booklore_default' (Got an error reading communication packets)
2026-09-14 23:11:40 217724 [Warning] Aborted connection 217724 to db: 'booklore' user: 'booklore' host: 'booklore.booklore_default' (Got an error reading communication packets)
2026-09-14 23:12:26 217742 [Warning] Aborted connection 217742 to db: 'booklore' user: 'booklore' host: 'booklore.booklore_default' (Got an error reading communication packets)
2026-09-14 23:12:26 217744 [Warning] Aborted connection 217744 to db: 'booklore' user: 'booklore' host: 'booklore.booklore_default' (Got an error reading communication packets)
2026-09-14 23:12:26 217743 [Warning] Aborted connection 217743 to db: 'booklore' user: 'booklore' host: 'booklore.booklore_default' (Got an error reading communication packets)
2026-09-14 23:12:26 217741 [Warning] Aborted connection 217741 to db: 'booklore' user: 'booklore' host: 'booklore.booklore_default' (Got an error reading communication packets)
2026-09-14 23:12:26 217739 [Warning] Aborted connection 217739 to db: 'booklore' user: 'booklore' host: 'booklore.booklore_default' (Got an error reading communication packets)
2026-09-14 23:12:26 217740 [Warning] Aborted connection 217740 to db: 'booklore' user: 'booklore' host: 'booklore.booklore_default' (Got an error reading communication packets)
2026-09-14 23:13:06 217759 [Warning] Aborted connection 217759 to db: 'booklore' user: 'booklore' host: 'booklore.booklore_default' (Got an error reading communication packets)
2026-09-14 23:13:06 217756 [Warning] Aborted connection 217756 to db: 'booklore' user: 'booklore' host: 'booklore.booklore_default' (Got an error reading communication packets)
2026-09-14 23:13:06 217755 [Warning] Aborted connection 217755 to db: 'booklore' user: 'booklore' host: 'booklore.booklore_default' (Got an error reading communication packets)
2026-09-14 23:13:06 217757 [Warning] Aborted connection 217757 to db: 'booklore' user: 'booklore' host: 'booklore.booklore_default' (Got an error reading communication packets)
2026-09-14 23:13:06 217758 [Warning] Aborted connection 217758 to db: 'booklore' user: 'booklore' host: 'booklore.booklore_default' (Got an error reading communication packets)
2026-09-14 23:13:06 217754 [Warning] Aborted connection 217754 to db: 'booklore' user: 'booklore' host: 'booklore.booklore_default' (Got an error reading communication packets)
2026-09-14 23:13:53 217773 [Warning] Aborted connection 217773 to db: 'booklore' user: 'booklore' host: 'booklore.booklore_default' (Got an error reading communication packets)
2026-09-14 23:13:53 217771 [Warning] Aborted connection 217771 to db: 'booklore' user: 'booklore' host: 'booklore.booklore_default' (Got an error reading communication packets)
2026-09-14 23:13:53 217770 [Warning] Aborted connection 217770 to db: 'booklore' user: 'booklore' host: 'booklore.booklore_default' (Got an error reading communication packets)
2026-09-14 23:13:53 217772 [Warning] Aborted connection 217772 to db: 'booklore' user: 'booklore' host: 'booklore.booklore_default' (Got an error reading communication packets)
2026-09-14 23:13:53 217769 [Warning] Aborted connection 217769 to db: 'booklore' user: 'booklore' host: 'booklore.booklore_default' (Got an error reading communication packets)
2026-09-14 23:13:53 217768 [Warning] Aborted connection 217768 to db: 'booklore' user: 'booklore' host: 'booklore.booklore_default' (Got an error reading communication packets)
2026-09-14 23:14:39 217788 [Warning] Aborted connection 217788 to db: 'booklore' user: 'booklore' host: 'booklore.booklore_default' (Got an error reading communication packets)
2026-09-14 23:14:39 217786 [Warning] Aborted connection 217786 to db: 'booklore' user: 'booklore' host: 'booklore.booklore_default' (Got an error reading communication packets)
2026-09-14 23:14:39 217784 [Warning] Aborted connection 217784 to db: 'booklore' user: 'booklore' host: 'booklore.booklore_default' (Got an error reading communication packets)
2026-09-14 23:14:39 217787 [Warning] Aborted connection 217787 to db: 'booklore' user: 'booklore' host: 'booklore.booklore_default' (Got an error reading communication packets)
2026-09-14 23:14:39 217783 [Warning] Aborted connection 217783 to db: 'booklore' user: 'booklore' host: 'booklore.booklore_default' (Got an error reading communication packets)
2026-09-14 23:14:39 217785 [Warning] Aborted connection 217785 to db: 'booklore' user: 'booklore' host: 'booklore.booklore_default' (Got an error reading communication packets)
2026-09-14 23:15:32 217803 [Warning] Aborted connection 217803 to db: 'booklore' user: 'booklore' host: 'booklore.booklore_default' (Got an error reading communication packets)
2026-09-14 23:15:32 217800 [Warning] Aborted connection 217800 to db: 'booklore' user: 'booklore' host: 'booklore.booklore_default' (Got an error reading communication packets)
2026-09-14 23:15:32 217799 [Warning] Aborted connection 217799 to db: 'booklore' user: 'booklore' host: 'booklore.booklore_default' (Got an error reading communication packets)
2026-09-14 23:15:32 217798 [Warning] Aborted connection 217798 to db: 'booklore' user: 'booklore' host: 'booklore.booklore_default' (Got an error reading communication packets)
2026-09-14 23:15:32 217801 [Warning] Aborted connection 217801 to db: 'booklore' user: 'booklore' host: 'booklore.booklore_default' (Got an error reading communication packets)
2026-09-14 23:15:32 217802 [Warning] Aborted connection 217802 to db: 'booklore' user: 'booklore' host: 'booklore.booklore_default' (Got an error reading communication packets)
2026-09-14 23:16:28 217821 [Warning] Aborted connection 217821 to db: 'booklore' user: 'booklore' host: 'booklore.booklore_default' (Got an error reading communication packets)
2026-09-14 23:16:28 217819 [Warning] Aborted connection 217819 to db: 'booklore' user: 'booklore' host: 'booklore.booklore_default' (Got an error reading communication packets)
2026-09-14 23:16:28 217820 [Warning] Aborted connection 217820 to db: 'booklore' user: 'booklore' host: 'booklore.booklore_default' (Got an error reading communication packets)
2026-09-14 23:16:28 217818 [Warning] Aborted connection 217818 to db: 'booklore' user: 'booklore' host: 'booklore.booklore_default' (Got an error reading communication packets)
2026-09-14 23:16:28 217816 [Warning] Aborted connection 217816 to db: 'booklore' user: 'booklore' host: 'booklore.booklore_default' (Got an error reading communication packets)
2026-09-14 23:16:28 217817 [Warning] Aborted connection 217817 to db: 'booklore' user: 'booklore' host: 'booklore.booklore_default' (Got an error reading communication packets)
2026-09-14 23:17:07 217836 [Warning] Aborted connection 217836 to db: 'booklore' user: 'booklore' host: 'booklore.booklore_default' (Got an error reading communication packets)
2026-09-14 23:17:07 217835 [Warning] Aborted connection 217835 to db: 'booklore' user: 'booklore' host: 'booklore.booklore_default' (Got an error reading communication packets)
2026-09-14 23:17:07 217834 [Warning] Aborted connection 217834 to db: 'booklore' user: 'booklore' host: 'booklore.booklore_default' (Got an error reading communication packets)
2026-09-14 23:17:07 217833 [Warning] Aborted connection 217833 to db: 'booklore' user: 'booklore' host: 'booklore.booklore_default' (Got an error reading communication packets)
2026-09-14 23:17:07 217832 [Warning] Aborted connection 217832 to db: 'booklore' user: 'booklore' host: 'booklore.booklore_default' (Got an error reading communication packets)
2026-09-14 23:17:07 217831 [Warning] Aborted connection 217831 to db: 'booklore' user: 'booklore' host: 'booklore.booklore_default' (Got an error reading communication packets)
2026-09-14 23:17:56 217849 [Warning] Aborted connection 217849 to db: 'booklore' user: 'booklore' host: 'booklore.booklore_default' (Got an error reading communication packets)
2026-09-14 23:17:56 217846 [Warning] Aborted connection 217846 to db: 'booklore' user: 'booklore' host: 'booklore.booklore_default' (Got an error reading communication packets)
2026-09-14 23:17:56 217848 [Warning] Aborted connection 217848 to db: 'booklore' user: 'booklore' host: 'booklore.booklore_default' (Got an error reading communication packets)
2026-09-14 23:17:56 217844 [Warning] Aborted connection 217844 to db: 'booklore' user: 'booklore' host: 'booklore.booklore_default' (Got an error reading communication packets)
2026-09-14 23:17:56 217847 [Warning] Aborted connection 217847 to db: 'booklore' user: 'booklore' host: 'booklore.booklore_default' (Got an error reading communication packets)
2026-09-14 23:17:56 217845 [Warning] Aborted connection 217845 to db: 'booklore' user: 'booklore' host: 'booklore.booklore_default' (Got an error reading communication packets)
2026-09-14 23:18:57 217865 [Warning] Aborted connection 217865 to db: 'booklore' user: 'booklore' host: 'booklore.booklore_default' (Got an error reading communication packets)
2026-09-14 23:18:57 217860 [Warning] Aborted connection 217860 to db: 'booklore' user: 'booklore' host: 'booklore.booklore_default' (Got an error reading communication packets)
2026-09-14 23:18:57 217862 [Warning] Aborted connection 217862 to db: 'booklore' user: 'booklore' host: 'booklore.booklore_default' (Got an error reading communication packets)
2026-09-14 23:18:57 217864 [Warning] Aborted connection 217864 to db: 'booklore' user: 'booklore' host: 'booklore.booklore_default' (Got an error reading communication packets)
2026-09-14 23:18:57 217863 [Warning] Aborted connection 217863 to db: 'booklore' user: 'booklore' host: 'booklore.booklore_default' (Got an error reading communication packets)
2026-09-14 23:18:57 217861 [Warning] Aborted connection 217861 to db: 'booklore' user: 'booklore' host: 'booklore.booklore_default' (Got an error reading communication packets)
2026-09-14 23:19:41 217883 [Warning] Aborted connection 217883 to db: 'booklore' user: 'booklore' host: 'booklore.booklore_default' (Got an error reading communication packets)
2026-09-14 23:19:41 217881 [Warning] Aborted connection 217881 to db: 'booklore' user: 'booklore' host: 'booklore.booklore_default' (Got an error reading communication packets)
2026-09-14 23:19:41 217878 [Warning] Aborted connection 217878 to db: 'booklore' user: 'booklore' host: 'booklore.booklore_default' (Got an error reading communication packets)
2026-09-14 23:19:41 217882 [Warning] Aborted connection 217882 to db: 'booklore' user: 'booklore' host: 'booklore.booklore_default' (Got an error reading communication packets)
2026-09-14 23:19:41 217880 [Warning] Aborted connection 217880 to db: 'booklore' user: 'booklore' host: 'booklore.booklore_default' (Got an error reading communication packets)
2026-09-14 23:19:41 217879 [Warning] Aborted connection 217879 to db: 'booklore' user: 'booklore' host: 'booklore.booklore_default' (Got an error reading communication packets)
2026-09-14 23:20:20 217894 [Warning] Aborted connection 217894 to db: 'booklore' user: 'booklore' host: 'booklore.booklore_default' (Got an error reading communication packets)
2026-09-14 23:20:20 217896 [Warning] Aborted connection 217896 to db: 'booklore' user: 'booklore' host: 'booklore.booklore_default' (Got an error reading communication packets)
2026-09-14 23:20:20 217897 [Warning] Aborted connection 217897 to db: 'booklore' user: 'booklore' host: 'booklore.booklore_default' (Got an error reading communication packets)
2026-09-14 23:20:20 217892 [Warning] Aborted connection 217892 to db: 'booklore' user: 'booklore' host: 'booklore.booklore_default' (Got an error reading communication packets)
2026-09-14 23:20:20 217895 [Warning] Aborted connection 217895 to db: 'booklore' user: 'booklore' host: 'booklore.booklore_default' (Got an error reading communication packets)
2026-09-14 23:20:20 217893 [Warning] Aborted connection 217893 to db: 'booklore' user: 'booklore' host: 'booklore.booklore_default' (Got an error reading communication packets)
2026-09-14 23:21:01 217910 [Warning] Aborted connection 217910 to db: 'booklore' user: 'booklore' host: 'booklore.booklore_default' (Got an error reading communication packets)
2026-09-14 23:21:01 217907 [Warning] Aborted connection 217907 to db: 'booklore' user: 'booklore' host: 'booklore.booklore_default' (Got an error reading communication packets)
2026-09-14 23:21:01 217908 [Warning] Aborted connection 217908 to db: 'booklore' user: 'booklore' host: 'booklore.booklore_default' (Got an error reading communication packets)
2026-09-14 23:21:01 217906 [Warning] Aborted connection 217906 to db: 'booklore' user: 'booklore' host: 'booklore.booklore_default' (Got an error reading communication packets)
2026-09-14 23:21:01 217909 [Warning] Aborted connection 217909 to db: 'booklore' user: 'booklore' host: 'booklore.booklore_default' (Got an error reading communication packets)
2026-09-14 23:21:01 217911 [Warning] Aborted connection 217911 to db: 'booklore' user: 'booklore' host: 'booklore.booklore_default' (Got an error reading communication packets)
2026-09-14 23:21:46 217925 [Warning] Aborted connection 217925 to db: 'booklore' user: 'booklore' host: 'booklore.booklore_default' (Got an error reading communication packets)
2026-09-14 23:21:46 217922 [Warning] Aborted connection 217922 to db: 'booklore' user: 'booklore' host: 'booklore.booklore_default' (Got an error reading communication packets)
2026-09-14 23:21:46 217923 [Warning] Aborted connection 217923 to db: 'booklore' user: 'booklore' host: 'booklore.booklore_default' (Got an error reading communication packets)
2026-09-14 23:21:46 217924 [Warning] Aborted connection 217924 to db: 'booklore' user: 'booklore' host: 'booklore.booklore_default' (Got an error reading communication packets)
2026-09-14 23:21:46 217921 [Warning] Aborted connection 217921 to db: 'booklore' user: 'booklore' host: 'booklore.booklore_default' (Got an error reading communication packets)
2026-09-14 23:21:46 217920 [Warning] Aborted connection 217920 to db: 'booklore' user: 'booklore' host: 'booklore.booklore_default' (Got an error reading communication packets)
2026-09-14 23:22:26 217939 [Warning] Aborted connection 217939 to db: 'booklore' user: 'booklore' host: 'booklore.booklore_default' (Got an error reading communication packets)
2026-09-14 23:22:26 217938 [Warning] Aborted connection 217938 to db: 'booklore' user: 'booklore' host: 'booklore.booklore_default' (Got an error reading communication packets)
2026-09-14 23:22:26 217936 [Warning] Aborted connection 217936 to db: 'booklore' user: 'booklore' host: 'booklore.booklore_default' (Got an error reading communication packets)
2026-09-14 23:22:26 217934 [Warning] Aborted connection 217934 to db: 'booklore' user: 'booklore' host: 'booklore.booklore_default' (Got an error reading communication packets)
2026-09-14 23:22:26 217935 [Warning] Aborted connection 217935 to db: 'booklore' user: 'booklore' host: 'booklore.booklore_default' (Got an error reading communication packets)
2026-09-14 23:22:26 217937 [Warning] Aborted connection 217937 to db: 'booklore' user: 'booklore' host: 'booklore.booklore_default' (Got an error reading communication packets)
2026-09-14 23:24:05 217953 [Warning] Aborted connection 217953 to db: 'booklore' user: 'booklore' host: 'booklore.booklore_default' (Got an error reading communication packets)
2026-09-14 23:24:05 217951 [Warning] Aborted connection 217951 to db: 'booklore' user: 'booklore' host: 'booklore.booklore_default' (Got an error reading communication packets)
2026-09-14 23:24:05 217952 [Warning] Aborted connection 217952 to db: 'booklore' user: 'booklore' host: 'booklore.booklore_default' (Got an error reading communication packets)
2026-09-14 23:24:05 217949 [Warning] Aborted connection 217949 to db: 'booklore' user: 'booklore' host: 'booklore.booklore_default' (Got an error reading communication packets)
2026-09-14 23:24:05 217950 [Warning] Aborted connection 217950 to db: 'booklore' user: 'booklore' host: 'booklore.booklore_default' (Got an error reading communication packets)
2026-09-14 23:24:05 217948 [Warning] Aborted connection 217948 to db: 'booklore' user: 'booklore' host: 'booklore.booklore_default' (Got an error reading communication packets)
2026-09-14 23:24:58 217977 [Warning] Aborted connection 217977 to db: 'booklore' user: 'booklore' host: 'booklore.booklore_default' (Got an error reading communication packets)
2026-09-14 23:24:58 217974 [Warning] Aborted connection 217974 to db: 'booklore' user: 'booklore' host: 'booklore.booklore_default' (Got an error reading communication packets)
2026-09-14 23:24:58 217978 [Warning] Aborted connection 217978 to db: 'booklore' user: 'booklore' host: 'booklore.booklore_default' (Got an error reading communication packets)
2026-09-14 23:24:58 217976 [Warning] Aborted connection 217976 to db: 'booklore' user: 'booklore' host: 'booklore.booklore_default' (Got an error reading communication packets)
2026-09-14 23:24:58 217975 [Warning] Aborted connection 217975 to db: 'booklore' user: 'booklore' host: 'booklore.booklore_default' (Got an error reading communication packets)
2026-09-14 23:24:58 217973 [Warning] Aborted connection 217973 to db: 'booklore' user: 'booklore' host: 'booklore.booklore_default' (Got an error reading communication packets)
2026-09-14 23:25:43 217995 [Warning] Aborted connection 217995 to db: 'booklore' user: 'booklore' host: 'booklore.booklore_default' (Got an error reading communication packets)
2026-09-14 23:25:43 217992 [Warning] Aborted connection 217992 to db: 'booklore' user: 'booklore' host: 'booklore.booklore_default' (Got an error reading communication packets)
2026-09-14 23:25:43 217991 [Warning] Aborted connection 217991 to db: 'booklore' user: 'booklore' host: 'booklore.booklore_default' (Got an error reading communication packets)
2026-09-14 23:25:43 217994 [Warning] Aborted connection 217994 to db: 'booklore' user: 'booklore' host: 'booklore.booklore_default' (Got an error reading communication packets)
2026-09-14 23:25:43 217993 [Warning] Aborted connection 217993 to db: 'booklore' user: 'booklore' host: 'booklore.booklore_default' (Got an error reading communication packets)
2026-09-14 23:25:43 217990 [Warning] Aborted connection 217990 to db: 'booklore' user: 'booklore' host: 'booklore.booklore_default' (Got an error reading communication packets)
2026-09-14 23:26:24 218009 [Warning] Aborted connection 218009 to db: 'booklore' user: 'booklore' host: 'booklore.booklore_default' (Got an error reading communication packets)
2026-09-14 23:26:24 218004 [Warning] Aborted connection 218004 to db: 'booklore' user: 'booklore' host: 'booklore.booklore_default' (Got an error reading communication packets)
2026-09-14 23:26:24 218008 [Warning] Aborted connection 218008 to db: 'booklore' user: 'booklore' host: 'booklore.booklore_default' (Got an error reading communication packets)
2026-09-14 23:26:24 218005 [Warning] Aborted connection 218005 to db: 'booklore' user: 'booklore' host: 'booklore.booklore_default' (Got an error reading communication packets)
2026-09-14 23:26:24 218007 [Warning] Aborted connection 218007 to db: 'booklore' user: 'booklore' host: 'booklore.booklore_default' (Got an error reading communication packets)
2026-09-14 23:26:24 218006 [Warning] Aborted connection 218006 to db: 'booklore' user: 'booklore' host: 'booklore.booklore_default' (Got an error reading communication packets)
2026-09-14 23:27:11 218022 [Warning] Aborted connection 218022 to db: 'booklore' user: 'booklore' host: 'booklore.booklore_default' (Got an error reading communication packets)
2026-09-14 23:27:11 218019 [Warning] Aborted connection 218019 to db: 'booklore' user: 'booklore' host: 'booklore.booklore_default' (Got an error reading communication packets)
2026-09-14 23:27:11 218021 [Warning] Aborted connection 218021 to db: 'booklore' user: 'booklore' host: 'booklore.booklore_default' (Got an error reading communication packets)
2026-09-14 23:27:11 218020 [Warning] Aborted connection 218020 to db: 'booklore' user: 'booklore' host: 'booklore.booklore_default' (Got an error reading communication packets)
2026-09-14 23:27:11 218023 [Warning] Aborted connection 218023 to db: 'booklore' user: 'booklore' host: 'booklore.booklore_default' (Got an error reading communication packets)
2026-09-14 23:27:11 218018 [Warning] Aborted connection 218018 to db: 'booklore' user: 'booklore' host: 'booklore.booklore_default' (Got an error reading communication packets)
2026-09-14 23:28:01 218037 [Warning] Aborted connection 218037 to db: 'booklore' user: 'booklore' host: 'booklore.booklore_default' (Got an error reading communication packets)
2026-09-14 23:28:01 218034 [Warning] Aborted connection 218034 to db: 'booklore' user: 'booklore' host: 'booklore.booklore_default' (Got an error reading communication packets)
2026-09-14 23:28:01 218036 [Warning] Aborted connection 218036 to db: 'booklore' user: 'booklore' host: 'booklore.booklore_default' (Got an error reading communication packets)
2026-09-14 23:28:01 218038 [Warning] Aborted connection 218038 to db: 'booklore' user: 'booklore' host: 'booklore.booklore_default' (Got an error reading communication packets)
2026-09-14 23:28:01 218033 [Warning] Aborted connection 218033 to db: 'booklore' user: 'booklore' host: 'booklore.booklore_default' (Got an error reading communication packets)
2026-09-14 23:28:01 218035 [Warning] Aborted connection 218035 to db: 'booklore' user: 'booklore' host: 'booklore.booklore_default' (Got an error reading communication packets)
2026-09-14 23:28:38 218054 [Warning] Aborted connection 218054 to db: 'booklore' user: 'booklore' host: 'booklore.booklore_default' (Got an error reading communication packets)
2026-09-14 23:28:38 218049 [Warning] Aborted connection 218049 to db: 'booklore' user: 'booklore' host: 'booklore.booklore_default' (Got an error reading communication packets)
2026-09-14 23:28:38 218053 [Warning] Aborted connection 218053 to db: 'booklore' user: 'booklore' host: 'booklore.booklore_default' (Got an error reading communication packets)
2026-09-14 23:28:38 218051 [Warning] Aborted connection 218051 to db: 'booklore' user: 'booklore' host: 'booklore.booklore_default' (Got an error reading communication packets)
2026-09-14 23:28:38 218052 [Warning] Aborted connection 218052 to db: 'booklore' user: 'booklore' host: 'booklore.booklore_default' (Got an error reading communication packets)
2026-09-14 23:28:38 218050 [Warning] Aborted connection 218050 to db: 'booklore' user: 'booklore' host: 'booklore.booklore_default' (Got an error reading communication packets)
2026-09-14 23:29:20 218066 [Warning] Aborted connection 218066 to db: 'booklore' user: 'booklore' host: 'booklore.booklore_default' (Got an error reading communication packets)
2026-09-14 23:29:20 218067 [Warning] Aborted connection 218067 to db: 'booklore' user: 'booklore' host: 'booklore.booklore_default' (Got an error reading communication packets)
2026-09-14 23:29:20 218065 [Warning] Aborted connection 218065 to db: 'booklore' user: 'booklore' host: 'booklore.booklore_default' (Got an error reading communication packets)
2026-09-14 23:29:20 218063 [Warning] Aborted connection 218063 to db: 'booklore' user: 'booklore' host: 'booklore.booklore_default' (Got an error reading communication packets)
2026-09-14 23:29:20 218064 [Warning] Aborted connection 218064 to db: 'booklore' user: 'booklore' host: 'booklore.booklore_default' (Got an error reading communication packets)
2026-09-14 23:29:20 218062 [Warning] Aborted connection 218062 to db: 'booklore' user: 'booklore' host: 'booklore.booklore_default' (Got an error reading communication packets)
2026-09-14 23:29:59 218081 [Warning] Aborted connection 218081 to db: 'booklore' user: 'booklore' host: 'booklore.booklore_default' (Got an error reading communication packets)
2026-09-14 23:29:59 218080 [Warning] Aborted connection 218080 to db: 'booklore' user: 'booklore' host: 'booklore.booklore_default' (Got an error reading communication packets)
2026-09-14 23:29:59 218078 [Warning] Aborted connection 218078 to db: 'booklore' user: 'booklore' host: 'booklore.booklore_default' (Got an error reading communication packets)
2026-09-14 23:29:59 218076 [Warning] Aborted connection 218076 to db: 'booklore' user: 'booklore' host: 'booklore.booklore_default' (Got an error reading communication packets)
2026-09-14 23:29:59 218079 [Warning] Aborted connection 218079 to db: 'booklore' user: 'booklore' host: 'booklore.booklore_default' (Got an error reading communication packets)
2026-09-14 23:29:59 218077 [Warning] Aborted connection 218077 to db: 'booklore' user: 'booklore' host: 'booklore.booklore_default' (Got an error reading communication packets)
2026-09-14 23:30:40 218093 [Warning] Aborted connection 218093 to db: 'booklore' user: 'booklore' host: 'booklore.booklore_default' (Got an error reading communication packets)
2026-09-14 23:30:40 218094 [Warning] Aborted connection 218094 to db: 'booklore' user: 'booklore' host: 'booklore.booklore_default' (Got an error reading communication packets)
2026-09-14 23:30:40 218091 [Warning] Aborted connection 218091 to db: 'booklore' user: 'booklore' host: 'booklore.booklore_default' (Got an error reading communication packets)
2026-09-14 23:30:40 218090 [Warning] Aborted connection 218090 to db: 'booklore' user: 'booklore' host: 'booklore.booklore_default' (Got an error reading communication packets)
2026-09-14 23:30:40 218092 [Warning] Aborted connection 218092 to db: 'booklore' user: 'booklore' host: 'booklore.booklore_default' (Got an error reading communication packets)
2026-09-14 23:30:40 218095 [Warning] Aborted connection 218095 to db: 'booklore' user: 'booklore' host: 'booklore.booklore_default' (Got an error reading communication packets)
2026-09-14 23:31:21 218109 [Warning] Aborted connection 218109 to db: 'booklore' user: 'booklore' host: 'booklore.booklore_default' (Got an error reading communication packets)
2026-09-14 23:31:21 218106 [Warning] Aborted connection 218106 to db: 'booklore' user: 'booklore' host: 'booklore.booklore_default' (Got an error reading communication packets)
2026-09-14 23:31:21 218104 [Warning] Aborted connection 218104 to db: 'booklore' user: 'booklore' host: 'booklore.booklore_default' (Got an error reading communication packets)
2026-09-14 23:31:21 218108 [Warning] Aborted connection 218108 to db: 'booklore' user: 'booklore' host: 'booklore.booklore_default' (Got an error reading communication packets)
2026-09-14 23:31:21 218107 [Warning] Aborted connection 218107 to db: 'booklore' user: 'booklore' host: 'booklore.booklore_default' (Got an error reading communication packets)
2026-09-14 23:31:21 218105 [Warning] Aborted connection 218105 to db: 'booklore' user: 'booklore' host: 'booklore.booklore_default' (Got an error reading communication packets)
2026-09-14 23:32:02 218123 [Warning] Aborted connection 218123 to db: 'booklore' user: 'booklore' host: 'booklore.booklore_default' (Got an error reading communication packets)
2026-09-14 23:32:02 218122 [Warning] Aborted connection 218122 to db: 'booklore' user: 'booklore' host: 'booklore.booklore_default' (Got an error reading communication packets)
2026-09-14 23:32:02 218120 [Warning] Aborted connection 218120 to db: 'booklore' user: 'booklore' host: 'booklore.booklore_default' (Got an error reading communication packets)
2026-09-14 23:32:02 218121 [Warning] Aborted connection 218121 to db: 'booklore' user: 'booklore' host: 'booklore.booklore_default' (Got an error reading communication packets)
2026-09-14 23:32:02 218118 [Warning] Aborted connection 218118 to db: 'booklore' user: 'booklore' host: 'booklore.booklore_default' (Got an error reading communication packets)
2026-09-14 23:32:02 218119 [Warning] Aborted connection 218119 to db: 'booklore' user: 'booklore' host: 'booklore.booklore_default' (Got an error reading communication packets)
2026-09-14 23:32:46 218137 [Warning] Aborted connection 218137 to db: 'booklore' user: 'booklore' host: 'booklore.booklore_default' (Got an error reading communication packets)
2026-09-14 23:32:46 218134 [Warning] Aborted connection 218134 to db: 'booklore' user: 'booklore' host: 'booklore.booklore_default' (Got an error reading communication packets)
2026-09-14 23:32:46 218135 [Warning] Aborted connection 218135 to db: 'booklore' user: 'booklore' host: 'booklore.booklore_default' (Got an error reading communication packets)
2026-09-14 23:32:46 218136 [Warning] Aborted connection 218136 to db: 'booklore' user: 'booklore' host: 'booklore.booklore_default' (Got an error reading communication packets)
2026-09-14 23:32:46 218133 [Warning] Aborted connection 218133 to db: 'booklore' user: 'booklore' host: 'booklore.booklore_default' (Got an error reading communication packets)
2026-09-14 23:32:46 218132 [Warning] Aborted connection 218132 to db: 'booklore' user: 'booklore' host: 'booklore.booklore_default' (Got an error reading communication packets)
2026-09-14 23:33:34 218150 [Warning] Aborted connection 218150 to db: 'booklore' user: 'booklore' host: 'booklore.booklore_default' (Got an error reading communication packets)
2026-09-14 23:33:34 218147 [Warning] Aborted connection 218147 to db: 'booklore' user: 'booklore' host: 'booklore.booklore_default' (Got an error reading communication packets)
2026-09-14 23:33:34 218148 [Warning] Aborted connection 218148 to db: 'booklore' user: 'booklore' host: 'booklore.booklore_default' (Got an error reading communication packets)
2026-09-14 23:33:34 218146 [Warning] Aborted connection 218146 to db: 'booklore' user: 'booklore' host: 'booklore.booklore_default' (Got an error reading communication packets)
2026-09-14 23:33:34 218151 [Warning] Aborted connection 218151 to db: 'booklore' user: 'booklore' host: 'booklore.booklore_default' (Got an error reading communication packets)
2026-09-14 23:33:34 218149 [Warning] Aborted connection 218149 to db: 'booklore' user: 'booklore' host: 'booklore.booklore_default' (Got an error reading communication packets)
2026-09-14 23:34:26 218166 [Warning] Aborted connection 218166 to db: 'booklore' user: 'booklore' host: 'booklore.booklore_default' (Got an error reading communication packets)
2026-09-14 23:34:26 218165 [Warning] Aborted connection 218165 to db: 'booklore' user: 'booklore' host: 'booklore.booklore_default' (Got an error reading communication packets)
2026-09-14 23:34:26 218162 [Warning] Aborted connection 218162 to db: 'booklore' user: 'booklore' host: 'booklore.booklore_default' (Got an error reading communication packets)
2026-09-14 23:34:26 218161 [Warning] Aborted connection 218161 to db: 'booklore' user: 'booklore' host: 'booklore.booklore_default' (Got an error reading communication packets)
2026-09-14 23:34:26 218164 [Warning] Aborted connection 218164 to db: 'booklore' user: 'booklore' host: 'booklore.booklore_default' (Got an error reading communication packets)
2026-09-14 23:34:26 218163 [Warning] Aborted connection 218163 to db: 'booklore' user: 'booklore' host: 'booklore.booklore_default' (Got an error reading communication packets)
2026-09-14 23:35:10 218183 [Warning] Aborted connection 218183 to db: 'booklore' user: 'booklore' host: 'booklore.booklore_default' (Got an error reading communication packets)
2026-09-14 23:35:10 218180 [Warning] Aborted connection 218180 to db: 'booklore' user: 'booklore' host: 'booklore.booklore_default' (Got an error reading communication packets)
2026-09-14 23:35:10 218181 [Warning] Aborted connection 218181 to db: 'booklore' user: 'booklore' host: 'booklore.booklore_default' (Got an error reading communication packets)
2026-09-14 23:35:10 218179 [Warning] Aborted connection 218179 to db: 'booklore' user: 'booklore' host: 'booklore.booklore_default' (Got an error reading communication packets)
2026-09-14 23:35:10 218177 [Warning] Aborted connection 218177 to db: 'booklore' user: 'booklore' host: 'booklore.booklore_default' (Got an error reading communication packets)
2026-09-14 23:35:10 218178 [Warning] Aborted connection 218178 to db: 'booklore' user: 'booklore' host: 'booklore.booklore_default' (Got an error reading communication packets)
2026-09-14 23:35:53 218197 [Warning] Aborted connection 218197 to db: 'booklore' user: 'booklore' host: 'booklore.booklore_default' (Got an error reading communication packets)
2026-09-14 23:35:53 218196 [Warning] Aborted connection 218196 to db: 'booklore' user: 'booklore' host: 'booklore.booklore_default' (Got an error reading communication packets)
2026-09-14 23:35:53 218195 [Warning] Aborted connection 218195 to db: 'booklore' user: 'booklore' host: 'booklore.booklore_default' (Got an error reading communication packets)
2026-09-14 23:35:53 218194 [Warning] Aborted connection 218194 to db: 'booklore' user: 'booklore' host: 'booklore.booklore_default' (Got an error reading communication packets)
2026-09-14 23:35:53 218192 [Warning] Aborted connection 218192 to db: 'booklore' user: 'booklore' host: 'booklore.booklore_default' (Got an error reading communication packets)
2026-09-14 23:35:53 218193 [Warning] Aborted connection 218193 to db: 'booklore' user: 'booklore' host: 'booklore.booklore_default' (Got an error reading communication packets)
2026-09-14 23:36:46 218213 [Warning] Aborted connection 218213 to db: 'booklore' user: 'booklore' host: 'booklore.booklore_default' (Got an error reading communication packets)
2026-09-14 23:36:46 218211 [Warning] Aborted connection 218211 to db: 'booklore' user: 'booklore' host: 'booklore.booklore_default' (Got an error reading communication packets)
2026-09-14 23:36:46 218209 [Warning] Aborted connection 218209 to db: 'booklore' user: 'booklore' host: 'booklore.booklore_default' (Got an error reading communication packets)
2026-09-14 23:36:46 218212 [Warning] Aborted connection 218212 to db: 'booklore' user: 'booklore' host: 'booklore.booklore_default' (Got an error reading communication packets)
2026-09-14 23:36:46 218210 [Warning] Aborted connection 218210 to db: 'booklore' user: 'booklore' host: 'booklore.booklore_default' (Got an error reading communication packets)
2026-09-14 23:36:46 218208 [Warning] Aborted connection 218208 to db: 'booklore' user: 'booklore' host: 'booklore.booklore_default' (Got an error reading communication packets)
2026-09-14 23:37:32 218227 [Warning] Aborted connection 218227 to db: 'booklore' user: 'booklore' host: 'booklore.booklore_default' (Got an error reading communication packets)
2026-09-14 23:37:32 218224 [Warning] Aborted connection 218224 to db: 'booklore' user: 'booklore' host: 'booklore.booklore_default' (Got an error reading communication packets)
2026-09-14 23:37:32 218225 [Warning] Aborted connection 218225 to db: 'booklore' user: 'booklore' host: 'booklore.booklore_default' (Got an error reading communication packets)
2026-09-14 23:37:32 218223 [Warning] Aborted connection 218223 to db: 'booklore' user: 'booklore' host: 'booklore.booklore_default' (Got an error reading communication packets)
2026-09-14 23:37:32 218226 [Warning] Aborted connection 218226 to db: 'booklore' user: 'booklore' host: 'booklore.booklore_default' (Got an error reading communication packets)
2026-09-14 23:37:32 218222 [Warning] Aborted connection 218222 to db: 'booklore' user: 'booklore' host: 'booklore.booklore_default' (Got an error reading communication packets)
2026-09-14 23:38:21 218242 [Warning] Aborted connection 218242 to db: 'booklore' user: 'booklore' host: 'booklore.booklore_default' (Got an error reading communication packets)
2026-09-14 23:38:21 218241 [Warning] Aborted connection 218241 to db: 'booklore' user: 'booklore' host: 'booklore.booklore_default' (Got an error reading communication packets)
2026-09-14 23:38:21 218240 [Warning] Aborted connection 218240 to db: 'booklore' user: 'booklore' host: 'booklore.booklore_default' (Got an error reading communication packets)
2026-09-14 23:38:21 218239 [Warning] Aborted connection 218239 to db: 'booklore' user: 'booklore' host: 'booklore.booklore_default' (Got an error reading communication packets)
2026-09-14 23:38:21 218238 [Warning] Aborted connection 218238 to db: 'booklore' user: 'booklore' host: 'booklore.booklore_default' (Got an error reading communication packets)
2026-09-14 23:38:21 218237 [Warning] Aborted connection 218237 to db: 'booklore' user: 'booklore' host: 'booklore.booklore_default' (Got an error reading communication packets)
2026-09-14 23:39:21 218258 [Warning] Aborted connection 218258 to db: 'booklore' user: 'booklore' host: 'booklore.booklore_default' (Got an error reading communication packets)
2026-09-14 23:39:21 218255 [Warning] Aborted connection 218255 to db: 'booklore' user: 'booklore' host: 'booklore.booklore_default' (Got an error reading communication packets)
2026-09-14 23:39:21 218254 [Warning] Aborted connection 218254 to db: 'booklore' user: 'booklore' host: 'booklore.booklore_default' (Got an error reading communication packets)
2026-09-14 23:39:21 218256 [Warning] Aborted connection 218256 to db: 'booklore' user: 'booklore' host: 'booklore.booklore_default' (Got an error reading communication packets)
2026-09-14 23:39:21 218257 [Warning] Aborted connection 218257 to db: 'booklore' user: 'booklore' host: 'booklore.booklore_default' (Got an error reading communication packets)
2026-09-14 23:39:21 218253 [Warning] Aborted connection 218253 to db: 'booklore' user: 'booklore' host: 'booklore.booklore_default' (Got an error reading communication packets)
2026-09-14 23:40:03 218275 [Warning] Aborted connection 218275 to db: 'booklore' user: 'booklore' host: 'booklore.booklore_default' (Got an error reading communication packets)
2026-09-14 23:40:03 218272 [Warning] Aborted connection 218272 to db: 'booklore' user: 'booklore' host: 'booklore.booklore_default' (Got an error reading communication packets)
2026-09-14 23:40:03 218270 [Warning] Aborted connection 218270 to db: 'booklore' user: 'booklore' host: 'booklore.booklore_default' (Got an error reading communication packets)
2026-09-14 23:40:03 218271 [Warning] Aborted connection 218271 to db: 'booklore' user: 'booklore' host: 'booklore.booklore_default' (Got an error reading communication packets)
2026-09-14 23:40:03 218273 [Warning] Aborted connection 218273 to db: 'booklore' user: 'booklore' host: 'booklore.booklore_default' (Got an error reading communication packets)
2026-09-14 23:40:03 218274 [Warning] Aborted connection 218274 to db: 'booklore' user: 'booklore' host: 'booklore.booklore_default' (Got an error reading communication packets)
2026-09-14 23:41:09 218292 [Warning] Aborted connection 218292 to db: 'booklore' user: 'booklore' host: 'booklore.booklore_default' (Got an error reading communication packets)
2026-09-14 23:41:09 218291 [Warning] Aborted connection 218291 to db: 'booklore' user: 'booklore' host: 'booklore.booklore_default' (Got an error reading communication packets)
2026-09-14 23:41:09 218290 [Warning] Aborted connection 218290 to db: 'booklore' user: 'booklore' host: 'booklore.booklore_default' (Got an error reading communication packets)
2026-09-14 23:41:09 218289 [Warning] Aborted connection 218289 to db: 'booklore' user: 'booklore' host: 'booklore.booklore_default' (Got an error reading communication packets)
2026-09-14 23:41:09 218288 [Warning] Aborted connection 218288 to db: 'booklore' user: 'booklore' host: 'booklore.booklore_default' (Got an error reading communication packets)
2026-09-14 23:41:09 218287 [Warning] Aborted connection 218287 to db: 'booklore' user: 'booklore' host: 'booklore.booklore_default' (Got an error reading communication packets)
2026-09-14 23:41:46 218308 [Warning] Aborted connection 218308 to db: 'booklore' user: 'booklore' host: 'booklore.booklore_default' (Got an error reading communication packets)
2026-09-14 23:41:46 218307 [Warning] Aborted connection 218307 to db: 'booklore' user: 'booklore' host: 'booklore.booklore_default' (Got an error reading communication packets)
2026-09-14 23:41:46 218304 [Warning] Aborted connection 218304 to db: 'booklore' user: 'booklore' host: 'booklore.booklore_default' (Got an error reading communication packets)
2026-09-14 23:41:46 218305 [Warning] Aborted connection 218305 to db: 'booklore' user: 'booklore' host: 'booklore.booklore_default' (Got an error reading communication packets)
2026-09-14 23:41:46 218306 [Warning] Aborted connection 218306 to db: 'booklore' user: 'booklore' host: 'booklore.booklore_default' (Got an error reading communication packets)
2026-09-14 23:41:46 218303 [Warning] Aborted connection 218303 to db: 'booklore' user: 'booklore' host: 'booklore.booklore_default' (Got an error reading communication packets)
2026-09-14 23:42:43 218322 [Warning] Aborted connection 218322 to db: 'booklore' user: 'booklore' host: 'booklore.booklore_default' (Got an error reading communication packets)
2026-09-14 23:42:43 218321 [Warning] Aborted connection 218321 to db: 'booklore' user: 'booklore' host: 'booklore.booklore_default' (Got an error reading communication packets)
2026-09-14 23:42:43 218320 [Warning] Aborted connection 218320 to db: 'booklore' user: 'booklore' host: 'booklore.booklore_default' (Got an error reading communication packets)
2026-09-14 23:42:43 218318 [Warning] Aborted connection 218318 to db: 'booklore' user: 'booklore' host: 'booklore.booklore_default' (Got an error reading communication packets)
2026-09-14 23:42:43 218319 [Warning] Aborted connection 218319 to db: 'booklore' user: 'booklore' host: 'booklore.booklore_default' (Got an error reading communication packets)
2026-09-14 23:42:43 218317 [Warning] Aborted connection 218317 to db: 'booklore' user: 'booklore' host: 'booklore.booklore_default' (Got an error reading communication packets)
2026-09-14 23:43:30 218338 [Warning] Aborted connection 218338 to db: 'booklore' user: 'booklore' host: 'booklore.booklore_default' (Got an error reading communication packets)
2026-09-14 23:43:30 218337 [Warning] Aborted connection 218337 to db: 'booklore' user: 'booklore' host: 'booklore.booklore_default' (Got an error reading communication packets)
2026-09-14 23:43:30 218335 [Warning] Aborted connection 218335 to db: 'booklore' user: 'booklore' host: 'booklore.booklore_default' (Got an error reading communication packets)
2026-09-14 23:43:30 218334 [Warning] Aborted connection 218334 to db: 'booklore' user: 'booklore' host: 'booklore.booklore_default' (Got an error reading communication packets)
2026-09-14 23:43:30 218333 [Warning] Aborted connection 218333 to db: 'booklore' user: 'booklore' host: 'booklore.booklore_default' (Got an error reading communication packets)
2026-09-14 23:43:30 218336 [Warning] Aborted connection 218336 to db: 'booklore' user: 'booklore' host: 'booklore.booklore_default' (Got an error reading communication packets)
2026-09-14 23:44:15 218355 [Warning] Aborted connection 218355 to db: 'booklore' user: 'booklore' host: 'booklore.booklore_default' (Got an error reading communication packets)
2026-09-14 23:44:15 218351 [Warning] Aborted connection 218351 to db: 'booklore' user: 'booklore' host: 'booklore.booklore_default' (Got an error reading communication packets)
2026-09-14 23:44:15 218353 [Warning] Aborted connection 218353 to db: 'booklore' user: 'booklore' host: 'booklore.booklore_default' (Got an error reading communication packets)
2026-09-14 23:44:15 218354 [Warning] Aborted connection 218354 to db: 'booklore' user: 'booklore' host: 'booklore.booklore_default' (Got an error reading communication packets)
2026-09-14 23:44:15 218350 [Warning] Aborted connection 218350 to db: 'booklore' user: 'booklore' host: 'booklore.booklore_default' (Got an error reading communication packets)
2026-09-14 23:44:15 218349 [Warning] Aborted connection 218349 to db: 'booklore' user: 'booklore' host: 'booklore.booklore_default' (Got an error reading communication packets)
2026-09-14 23:45:16 218369 [Warning] Aborted connection 218369 to db: 'booklore' user: 'booklore' host: 'booklore.booklore_default' (Got an error reading communication packets)
2026-09-14 23:45:16 218367 [Warning] Aborted connection 218367 to db: 'booklore' user: 'booklore' host: 'booklore.booklore_default' (Got an error reading communication packets)
2026-09-14 23:45:16 218366 [Warning] Aborted connection 218366 to db: 'booklore' user: 'booklore' host: 'booklore.booklore_default' (Got an error reading communication packets)
2026-09-14 23:45:16 218368 [Warning] Aborted connection 218368 to db: 'booklore' user: 'booklore' host: 'booklore.booklore_default' (Got an error reading communication packets)
2026-09-14 23:45:16 218365 [Warning] Aborted connection 218365 to db: 'booklore' user: 'booklore' host: 'booklore.booklore_default' (Got an error reading communication packets)
2026-09-14 23:45:16 218364 [Warning] Aborted connection 218364 to db: 'booklore' user: 'booklore' host: 'booklore.booklore_default' (Got an error reading communication packets)
2026-09-14 23:45:59 218385 [Warning] Aborted connection 218385 to db: 'booklore' user: 'booklore' host: 'booklore.booklore_default' (Got an error reading communication packets)
2026-09-14 23:45:59 218386 [Warning] Aborted connection 218386 to db: 'booklore' user: 'booklore' host: 'booklore.booklore_default' (Got an error reading communication packets)
2026-09-14 23:45:59 218384 [Warning] Aborted connection 218384 to db: 'booklore' user: 'booklore' host: 'booklore.booklore_default' (Got an error reading communication packets)
2026-09-14 23:45:59 218382 [Warning] Aborted connection 218382 to db: 'booklore' user: 'booklore' host: 'booklore.booklore_default' (Got an error reading communication packets)
2026-09-14 23:45:59 218383 [Warning] Aborted connection 218383 to db: 'booklore' user: 'booklore' host: 'booklore.booklore_default' (Got an error reading communication packets)
2026-09-14 23:45:59 218381 [Warning] Aborted connection 218381 to db: 'booklore' user: 'booklore' host: 'booklore.booklore_default' (Got an error reading communication packets)
2026-09-14 23:46:42 218399 [Warning] Aborted connection 218399 to db: 'booklore' user: 'booklore' host: 'booklore.booklore_default' (Got an error reading communication packets)
2026-09-14 23:46:42 218400 [Warning] Aborted connection 218400 to db: 'booklore' user: 'booklore' host: 'booklore.booklore_default' (Got an error reading communication packets)
2026-09-14 23:46:42 218397 [Warning] Aborted connection 218397 to db: 'booklore' user: 'booklore' host: 'booklore.booklore_default' (Got an error reading communication packets)
2026-09-14 23:46:42 218398 [Warning] Aborted connection 218398 to db: 'booklore' user: 'booklore' host: 'booklore.booklore_default' (Got an error reading communication packets)
2026-09-14 23:46:42 218395 [Warning] Aborted connection 218395 to db: 'booklore' user: 'booklore' host: 'booklore.booklore_default' (Got an error reading communication packets)
2026-09-14 23:46:42 218396 [Warning] Aborted connection 218396 to db: 'booklore' user: 'booklore' host: 'booklore.booklore_default' (Got an error reading communication packets)
2026-09-14 23:47:49 218416 [Warning] Aborted connection 218416 to db: 'booklore' user: 'booklore' host: 'booklore.booklore_default' (Got an error reading communication packets)
2026-09-14 23:47:49 218411 [Warning] Aborted connection 218411 to db: 'booklore' user: 'booklore' host: 'booklore.booklore_default' (Got an error reading communication packets)
2026-09-14 23:47:49 218413 [Warning] Aborted connection 218413 to db: 'booklore' user: 'booklore' host: 'booklore.booklore_default' (Got an error reading communication packets)
2026-09-14 23:47:49 218412 [Warning] Aborted connection 218412 to db: 'booklore' user: 'booklore' host: 'booklore.booklore_default' (Got an error reading communication packets)
2026-09-14 23:47:49 218414 [Warning] Aborted connection 218414 to db: 'booklore' user: 'booklore' host: 'booklore.booklore_default' (Got an error reading communication packets)
2026-09-14 23:47:49 218415 [Warning] Aborted connection 218415 to db: 'booklore' user: 'booklore' host: 'booklore.booklore_default' (Got an error reading communication packets)
2026-09-14 23:48:47 218433 [Warning] Aborted connection 218433 to db: 'booklore' user: 'booklore' host: 'booklore.booklore_default' (Got an error reading communication packets)
2026-09-14 23:48:47 218431 [Warning] Aborted connection 218431 to db: 'booklore' user: 'booklore' host: 'booklore.booklore_default' (Got an error reading communication packets)
2026-09-14 23:48:47 218428 [Warning] Aborted connection 218428 to db: 'booklore' user: 'booklore' host: 'booklore.booklore_default' (Got an error reading communication packets)
2026-09-14 23:48:47 218429 [Warning] Aborted connection 218429 to db: 'booklore' user: 'booklore' host: 'booklore.booklore_default' (Got an error reading communication packets)
2026-09-14 23:48:47 218430 [Warning] Aborted connection 218430 to db: 'booklore' user: 'booklore' host: 'booklore.booklore_default' (Got an error reading communication packets)
2026-09-14 23:48:47 218432 [Warning] Aborted connection 218432 to db: 'booklore' user: 'booklore' host: 'booklore.booklore_default' (Got an error reading communication packets)
2026-09-14 23:49:37 218450 [Warning] Aborted connection 218450 to db: 'booklore' user: 'booklore' host: 'booklore.booklore_default' (Got an error reading communication packets)
2026-09-14 23:49:37 218447 [Warning] Aborted connection 218447 to db: 'booklore' user: 'booklore' host: 'booklore.booklore_default' (Got an error reading communication packets)
2026-09-14 23:49:37 218448 [Warning] Aborted connection 218448 to db: 'booklore' user: 'booklore' host: 'booklore.booklore_default' (Got an error reading communication packets)
2026-09-14 23:49:37 218449 [Warning] Aborted connection 218449 to db: 'booklore' user: 'booklore' host: 'booklore.booklore_default' (Got an error reading communication packets)
2026-09-14 23:49:37 218445 [Warning] Aborted connection 218445 to db: 'booklore' user: 'booklore' host: 'booklore.booklore_default' (Got an error reading communication packets)
2026-09-14 23:49:37 218446 [Warning] Aborted connection 218446 to db: 'booklore' user: 'booklore' host: 'booklore.booklore_default' (Got an error reading communication packets)
2026-09-14 23:50:21 218466 [Warning] Aborted connection 218466 to db: 'booklore' user: 'booklore' host: 'booklore.booklore_default' (Got an error reading communication packets)
2026-09-14 23:50:21 218464 [Warning] Aborted connection 218464 to db: 'booklore' user: 'booklore' host: 'booklore.booklore_default' (Got an error reading communication packets)
2026-09-14 23:50:21 218465 [Warning] Aborted connection 218465 to db: 'booklore' user: 'booklore' host: 'booklore.booklore_default' (Got an error reading communication packets)
2026-09-14 23:50:21 218463 [Warning] Aborted connection 218463 to db: 'booklore' user: 'booklore' host: 'booklore.booklore_default' (Got an error reading communication packets)
2026-09-14 23:50:21 218462 [Warning] Aborted connection 218462 to db: 'booklore' user: 'booklore' host: 'booklore.booklore_default' (Got an error reading communication packets)
2026-09-14 23:50:21 218461 [Warning] Aborted connection 218461 to db: 'booklore' user: 'booklore' host: 'booklore.booklore_default' (Got an error reading communication packets)
2026-09-14 23:51:01 218480 [Warning] Aborted connection 218480 to db: 'booklore' user: 'booklore' host: 'booklore.booklore_default' (Got an error reading communication packets)
2026-09-14 23:51:01 218477 [Warning] Aborted connection 218477 to db: 'booklore' user: 'booklore' host: 'booklore.booklore_default' (Got an error reading communication packets)
2026-09-14 23:51:01 218478 [Warning] Aborted connection 218478 to db: 'booklore' user: 'booklore' host: 'booklore.booklore_default' (Got an error reading communication packets)
2026-09-14 23:51:01 218476 [Warning] Aborted connection 218476 to db: 'booklore' user: 'booklore' host: 'booklore.booklore_default' (Got an error reading communication packets)
2026-09-14 23:51:01 218475 [Warning] Aborted connection 218475 to db: 'booklore' user: 'booklore' host: 'booklore.booklore_default' (Got an error reading communication packets)
2026-09-14 23:51:01 218479 [Warning] Aborted connection 218479 to db: 'booklore' user: 'booklore' host: 'booklore.booklore_default' (Got an error reading communication packets)
2026-09-14 23:51:41 218493 [Warning] Aborted connection 218493 to db: 'booklore' user: 'booklore' host: 'booklore.booklore_default' (Got an error reading communication packets)
2026-09-14 23:51:41 218492 [Warning] Aborted connection 218492 to db: 'booklore' user: 'booklore' host: 'booklore.booklore_default' (Got an error reading communication packets)
2026-09-14 23:51:41 218494 [Warning] Aborted connection 218494 to db: 'booklore' user: 'booklore' host: 'booklore.booklore_default' (Got an error reading communication packets)
2026-09-14 23:51:41 218491 [Warning] Aborted connection 218491 to db: 'booklore' user: 'booklore' host: 'booklore.booklore_default' (Got an error reading communication packets)
2026-09-14 23:51:41 218489 [Warning] Aborted connection 218489 to db: 'booklore' user: 'booklore' host: 'booklore.booklore_default' (Got an error reading communication packets)
2026-09-14 23:51:41 218490 [Warning] Aborted connection 218490 to db: 'booklore' user: 'booklore' host: 'booklore.booklore_default' (Got an error reading communication packets)
2026-09-14 23:52:21 218508 [Warning] Aborted connection 218508 to db: 'booklore' user: 'booklore' host: 'booklore.booklore_default' (Got an error reading communication packets)
2026-09-14 23:52:21 218507 [Warning] Aborted connection 218507 to db: 'booklore' user: 'booklore' host: 'booklore.booklore_default' (Got an error reading communication packets)
2026-09-14 23:52:21 218506 [Warning] Aborted connection 218506 to db: 'booklore' user: 'booklore' host: 'booklore.booklore_default' (Got an error reading communication packets)
2026-09-14 23:52:21 218505 [Warning] Aborted connection 218505 to db: 'booklore' user: 'booklore' host: 'booklore.booklore_default' (Got an error reading communication packets)
2026-09-14 23:52:21 218504 [Warning] Aborted connection 218504 to db: 'booklore' user: 'booklore' host: 'booklore.booklore_default' (Got an error reading communication packets)
2026-09-14 23:52:21 218503 [Warning] Aborted connection 218503 to db: 'booklore' user: 'booklore' host: 'booklore.booklore_default' (Got an error reading communication packets)
2026-09-14 23:53:03 218522 [Warning] Aborted connection 218522 to db: 'booklore' user: 'booklore' host: 'booklore.booklore_default' (Got an error reading communication packets)
2026-09-14 23:53:03 218519 [Warning] Aborted connection 218519 to db: 'booklore' user: 'booklore' host: 'booklore.booklore_default' (Got an error reading communication packets)
2026-09-14 23:53:03 218520 [Warning] Aborted connection 218520 to db: 'booklore' user: 'booklore' host: 'booklore.booklore_default' (Got an error reading communication packets)
2026-09-14 23:53:03 218518 [Warning] Aborted connection 218518 to db: 'booklore' user: 'booklore' host: 'booklore.booklore_default' (Got an error reading communication packets)
2026-09-14 23:53:03 218521 [Warning] Aborted connection 218521 to db: 'booklore' user: 'booklore' host: 'booklore.booklore_default' (Got an error reading communication packets)
2026-09-14 23:53:03 218517 [Warning] Aborted connection 218517 to db: 'booklore' user: 'booklore' host: 'booklore.booklore_default' (Got an error reading communication packets)
2026-09-14 23:53:49 218536 [Warning] Aborted connection 218536 to db: 'booklore' user: 'booklore' host: 'booklore.booklore_default' (Got an error reading communication packets)
2026-09-14 23:53:49 218535 [Warning] Aborted connection 218535 to db: 'booklore' user: 'booklore' host: 'booklore.booklore_default' (Got an error reading communication packets)
2026-09-14 23:53:49 218531 [Warning] Aborted connection 218531 to db: 'booklore' user: 'booklore' host: 'booklore.booklore_default' (Got an error reading communication packets)
2026-09-14 23:53:49 218532 [Warning] Aborted connection 218532 to db: 'booklore' user: 'booklore' host: 'booklore.booklore_default' (Got an error reading communication packets)
2026-09-14 23:53:49 218534 [Warning] Aborted connection 218534 to db: 'booklore' user: 'booklore' host: 'booklore.booklore_default' (Got an error reading communication packets)
2026-09-14 23:53:49 218533 [Warning] Aborted connection 218533 to db: 'booklore' user: 'booklore' host: 'booklore.booklore_default' (Got an error reading communication packets)
2026-09-14 23:55:10 218557 [Warning] Aborted connection 218557 to db: 'booklore' user: 'booklore' host: 'booklore.booklore_default' (Got an error reading communication packets)
2026-09-14 23:55:10 218554 [Warning] Aborted connection 218554 to db: 'booklore' user: 'booklore' host: 'booklore.booklore_default' (Got an error reading communication packets)
2026-09-14 23:55:10 218555 [Warning] Aborted connection 218555 to db: 'booklore' user: 'booklore' host: 'booklore.booklore_default' (Got an error reading communication packets)
2026-09-14 23:55:10 218553 [Warning] Aborted connection 218553 to db: 'booklore' user: 'booklore' host: 'booklore.booklore_default' (Got an error reading communication packets)
2026-09-14 23:55:10 218552 [Warning] Aborted connection 218552 to db: 'booklore' user: 'booklore' host: 'booklore.booklore_default' (Got an error reading communication packets)
2026-09-14 23:55:10 218551 [Warning] Aborted connection 218551 to db: 'booklore' user: 'booklore' host: 'booklore.booklore_default' (Got an error reading communication packets)
2026-09-14 23:56:43 218576 [Warning] Aborted connection 218576 to db: 'booklore' user: 'booklore' host: 'booklore.booklore_default' (Got an error reading communication packets)
2026-09-14 23:56:43 218571 [Warning] Aborted connection 218571 to db: 'booklore' user: 'booklore' host: 'booklore.booklore_default' (Got an error reading communication packets)
2026-09-14 23:56:43 218572 [Warning] Aborted connection 218572 to db: 'booklore' user: 'booklore' host: 'booklore.booklore_default' (Got an error reading communication packets)
2026-09-14 23:56:43 218575 [Warning] Aborted connection 218575 to db: 'booklore' user: 'booklore' host: 'booklore.booklore_default' (Got an error reading communication packets)
2026-09-14 23:56:43 218574 [Warning] Aborted connection 218574 to db: 'booklore' user: 'booklore' host: 'booklore.booklore_default' (Got an error reading communication packets)
2026-09-14 23:56:43 218573 [Warning] Aborted connection 218573 to db: 'booklore' user: 'booklore' host: 'booklore.booklore_default' (Got an error reading communication packets)
2026-09-14 23:58:03 218602 [Warning] Aborted connection 218602 to db: 'booklore' user: 'booklore' host: 'booklore.booklore_default' (Got an error reading communication packets)
2026-09-14 23:58:03 218601 [Warning] Aborted connection 218601 to db: 'booklore' user: 'booklore' host: 'booklore.booklore_default' (Got an error reading communication packets)
2026-09-14 23:58:03 218599 [Warning] Aborted connection 218599 to db: 'booklore' user: 'booklore' host: 'booklore.booklore_default' (Got an error reading communication packets)
2026-09-14 23:58:03 218598 [Warning] Aborted connection 218598 to db: 'booklore' user: 'booklore' host: 'booklore.booklore_default' (Got an error reading communication packets)
2026-09-14 23:58:03 218597 [Warning] Aborted connection 218597 to db: 'booklore' user: 'booklore' host: 'booklore.booklore_default' (Got an error reading communication packets)
2026-09-14 23:58:03 218600 [Warning] Aborted connection 218600 to db: 'booklore' user: 'booklore' host: 'booklore.booklore_default' (Got an error reading communication packets)
2026-09-14 23:59:24 218622 [Warning] Aborted connection 218622 to db: 'booklore' user: 'booklore' host: 'booklore.booklore_default' (Got an error reading communication packets)
2026-09-14 23:59:24 218621 [Warning] Aborted connection 218621 to db: 'booklore' user: 'booklore' host: 'booklore.booklore_default' (Got an error reading communication packets)
2026-09-14 23:59:24 218618 [Warning] Aborted connection 218618 to db: 'booklore' user: 'booklore' host: 'booklore.booklore_default' (Got an error reading communication packets)
2026-09-14 23:59:24 218620 [Warning] Aborted connection 218620 to db: 'booklore' user: 'booklore' host: 'booklore.booklore_default' (Got an error reading communication packets)
2026-09-14 23:59:24 218619 [Warning] Aborted connection 218619 to db: 'booklore' user: 'booklore' host: 'booklore.booklore_default' (Got an error reading communication packets)
2026-09-14 23:59:24 218623 [Warning] Aborted connection 218623 to db: 'booklore' user: 'booklore' host: 'booklore.booklore_default' (Got an error reading communication packets)
2026-09-15  0:00:15 218643 [Warning] Aborted connection 218643 to db: 'booklore' user: 'booklore' host: 'booklore.booklore_default' (Got an error reading communication packets)
2026-09-15  0:00:15 218642 [Warning] Aborted connection 218642 to db: 'booklore' user: 'booklore' host: 'booklore.booklore_default' (Got an error reading communication packets)
2026-09-15  0:00:15 218641 [Warning] Aborted connection 218641 to db: 'booklore' user: 'booklore' host: 'booklore.booklore_default' (Got an error reading communication packets)
2026-09-15  0:00:15 218640 [Warning] Aborted connection 218640 to db: 'booklore' user: 'booklore' host: 'booklore.booklore_default' (Got an error reading communication packets)
2026-09-15  0:00:15 218639 [Warning] Aborted connection 218639 to db: 'booklore' user: 'booklore' host: 'booklore.booklore_default' (Got an error reading communication packets)
2026-09-15  0:00:15 218638 [Warning] Aborted connection 218638 to db: 'booklore' user: 'booklore' host: 'booklore.booklore_default' (Got an error reading communication packets)
2026-09-15  0:01:45 218663 [Warning] Aborted connection 218663 to db: 'booklore' user: 'booklore' host: 'booklore.booklore_default' (Got an error reading communication packets)
2026-09-15  0:01:45 218662 [Warning] Aborted connection 218662 to db: 'booklore' user: 'booklore' host: 'booklore.booklore_default' (Got an error reading communication packets)
2026-09-15  0:01:45 218659 [Warning] Aborted connection 218659 to db: 'booklore' user: 'booklore' host: 'booklore.booklore_default' (Got an error reading communication packets)
2026-09-15  0:01:45 218658 [Warning] Aborted connection 218658 to db: 'booklore' user: 'booklore' host: 'booklore.booklore_default' (Got an error reading communication packets)
2026-09-15  0:01:45 218661 [Warning] Aborted connection 218661 to db: 'booklore' user: 'booklore' host: 'booklore.booklore_default' (Got an error reading communication packets)
2026-09-15  0:01:45 218660 [Warning] Aborted connection 218660 to db: 'booklore' user: 'booklore' host: 'booklore.booklore_default' (Got an error reading communication packets)
2026-09-15  0:03:01 218682 [Warning] Aborted connection 218682 to db: 'booklore' user: 'booklore' host: 'booklore.booklore_default' (Got an error reading communication packets)
2026-09-15  0:03:01 218684 [Warning] Aborted connection 218684 to db: 'booklore' user: 'booklore' host: 'booklore.booklore_default' (Got an error reading communication packets)
2026-09-15  0:03:01 218681 [Warning] Aborted connection 218681 to db: 'booklore' user: 'booklore' host: 'booklore.booklore_default' (Got an error reading communication packets)
2026-09-15  0:03:01 218679 [Warning] Aborted connection 218679 to db: 'booklore' user: 'booklore' host: 'booklore.booklore_default' (Got an error reading communication packets)
2026-09-15  0:03:01 218680 [Warning] Aborted connection 218680 to db: 'booklore' user: 'booklore' host: 'booklore.booklore_default' (Got an error reading communication packets)
2026-09-15  0:03:01 218683 [Warning] Aborted connection 218683 to db: 'booklore' user: 'booklore' host: 'booklore.booklore_default' (Got an error reading communication packets)
2026-09-15  0:04:17 218703 [Warning] Aborted connection 218703 to db: 'booklore' user: 'booklore' host: 'booklore.booklore_default' (Got an error reading communication packets)
2026-09-15  0:04:17 218702 [Warning] Aborted connection 218702 to db: 'booklore' user: 'booklore' host: 'booklore.booklore_default' (Got an error reading communication packets)
2026-09-15  0:04:17 218700 [Warning] Aborted connection 218700 to db: 'booklore' user: 'booklore' host: 'booklore.booklore_default' (Got an error reading communication packets)
2026-09-15  0:04:17 218701 [Warning] Aborted connection 218701 to db: 'booklore' user: 'booklore' host: 'booklore.booklore_default' (Got an error reading communication packets)
2026-09-15  0:04:17 218699 [Warning] Aborted connection 218699 to db: 'booklore' user: 'booklore' host: 'booklore.booklore_default' (Got an error reading communication packets)
2026-09-15  0:04:17 218698 [Warning] Aborted connection 218698 to db: 'booklore' user: 'booklore' host: 'booklore.booklore_default' (Got an error reading communication packets)
2026-09-15  0:05:12 218724 [Warning] Aborted connection 218724 to db: 'booklore' user: 'booklore' host: 'booklore.booklore_default' (Got an error reading communication packets)
2026-09-15  0:05:12 218722 [Warning] Aborted connection 218722 to db: 'booklore' user: 'booklore' host: 'booklore.booklore_default' (Got an error reading communication packets)
2026-09-15  0:05:12 218723 [Warning] Aborted connection 218723 to db: 'booklore' user: 'booklore' host: 'booklore.booklore_default' (Got an error reading communication packets)
2026-09-15  0:05:12 218721 [Warning] Aborted connection 218721 to db: 'booklore' user: 'booklore' host: 'booklore.booklore_default' (Got an error reading communication packets)
2026-09-15  0:05:12 218719 [Warning] Aborted connection 218719 to db: 'booklore' user: 'booklore' host: 'booklore.booklore_default' (Got an error reading communication packets)
2026-09-15  0:05:12 218720 [Warning] Aborted connection 218720 to db: 'booklore' user: 'booklore' host: 'booklore.booklore_default' (Got an error reading communication packets)
2026-09-15  0:07:00 218747 [Warning] Aborted connection 218747 to db: 'booklore' user: 'booklore' host: 'booklore.booklore_default' (Got an error reading communication packets)
2026-09-15  0:07:00 218749 [Warning] Aborted connection 218749 to db: 'booklore' user: 'booklore' host: 'booklore.booklore_default' (Got an error reading communication packets)
2026-09-15  0:07:00 218748 [Warning] Aborted connection 218748 to db: 'booklore' user: 'booklore' host: 'booklore.booklore_default' (Got an error reading communication packets)
2026-09-15  0:07:00 218750 [Warning] Aborted connection 218750 to db: 'unconnected' user: 'unauthenticated' host: 'booklore.booklore_default' (This connection closed normally without authentication)
2026-09-15  0:07:00 218746 [Warning] Aborted connection 218746 to db: 'booklore' user: 'booklore' host: 'booklore.booklore_default' (Got an error reading communication packets)
2026-09-15  0:10:16 218788 [Warning] Aborted connection 218788 to db: 'booklore' user: 'booklore' host: 'booklore.booklore_default' (Got an error reading communication packets)
2026-09-15  0:10:16 218783 [Warning] Aborted connection 218783 to db: 'booklore' user: 'booklore' host: 'booklore.booklore_default' (Got an error reading communication packets)
2026-09-15  0:10:16 218784 [Warning] Aborted connection 218784 to db: 'booklore' user: 'booklore' host: 'booklore.booklore_default' (Got an error reading communication packets)
2026-09-15  0:10:16 218785 [Warning] Aborted connection 218785 to db: 'booklore' user: 'booklore' host: 'booklore.booklore_default' (Got an error reading communication packets)
2026-09-15  0:10:16 218786 [Warning] Aborted connection 218786 to db: 'booklore' user: 'booklore' host: 'booklore.booklore_default' (Got an error reading communication packets)
2026-09-15  0:10:16 218787 [Warning] Aborted connection 218787 to db: 'booklore' user: 'booklore' host: 'booklore.booklore_default' (Got an error reading communication packets)
2026-09-15  0:12:44 218821 [Warning] Aborted connection 218821 to db: 'booklore' user: 'booklore' host: 'booklore.booklore_default' (Got an error reading communication packets)
2026-09-15  0:12:44 218819 [Warning] Aborted connection 218819 to db: 'booklore' user: 'booklore' host: 'booklore.booklore_default' (Got an error reading communication packets)
2026-09-15  0:12:44 218820 [Warning] Aborted connection 218820 to db: 'booklore' user: 'booklore' host: 'booklore.booklore_default' (Got an error reading communication packets)
2026-09-15  0:12:44 218823 [Warning] Aborted connection 218823 to db: 'booklore' user: 'booklore' host: 'booklore.booklore_default' (Got an error reading communication packets)
2026-09-15  0:12:44 218822 [Warning] Aborted connection 218822 to db: 'booklore' user: 'booklore' host: 'booklore.booklore_default' (Got an error reading communication packets)
2026-09-15  0:12:44 218818 [Warning] Aborted connection 218818 to db: 'booklore' user: 'booklore' host: 'booklore.booklore_default' (Got an error reading communication packets)
2026-09-15  0:14:36 218850 [Warning] Aborted connection 218850 to db: 'booklore' user: 'booklore' host: 'booklore.booklore_default' (Got an error reading communication packets)
2026-09-15  0:14:36 218849 [Warning] Aborted connection 218849 to db: 'booklore' user: 'booklore' host: 'booklore.booklore_default' (Got an error reading communication packets)
2026-09-15  0:14:36 218847 [Warning] Aborted connection 218847 to db: 'booklore' user: 'booklore' host: 'booklore.booklore_default' (Got an error reading communication packets)
2026-09-15  0:14:36 218846 [Warning] Aborted connection 218846 to db: 'booklore' user: 'booklore' host: 'booklore.booklore_default' (Got an error reading communication packets)
2026-09-15  0:14:36 218845 [Warning] Aborted connection 218845 to db: 'booklore' user: 'booklore' host: 'booklore.booklore_default' (Got an error reading communication packets)
2026-09-15  0:14:36 218848 [Warning] Aborted connection 218848 to db: 'booklore' user: 'booklore' host: 'booklore.booklore_default' (Got an error reading communication packets)
2026-09-15  0:16:51 218878 [Warning] Aborted connection 218878 to db: 'booklore' user: 'booklore' host: 'booklore.booklore_default' (Got an error reading communication packets)
2026-09-15  0:16:51 218876 [Warning] Aborted connection 218876 to db: 'booklore' user: 'booklore' host: 'booklore.booklore_default' (Got an error reading communication packets)
2026-09-15  0:16:51 218877 [Warning] Aborted connection 218877 to db: 'booklore' user: 'booklore' host: 'booklore.booklore_default' (Got an error reading communication packets)
2026-09-15  0:16:51 218875 [Warning] Aborted connection 218875 to db: 'booklore' user: 'booklore' host: 'booklore.booklore_default' (Got an error reading communication packets)
2026-09-15  0:16:51 218874 [Warning] Aborted connection 218874 to db: 'booklore' user: 'booklore' host: 'booklore.booklore_default' (Got an error reading communication packets)
2026-09-15  0:16:51 218873 [Warning] Aborted connection 218873 to db: 'booklore' user: 'booklore' host: 'booklore.booklore_default' (Got an error reading communication packets)
2026-09-15 15:46:32 230224 [Warning] Aborted connection 230224 to db: 'booklore' user: 'booklore' host: 'booklore.booklore_default' (Got an error reading communication packets)
2026-09-15 15:46:32 230308 [Warning] Aborted connection 230308 to db: 'booklore' user: 'booklore' host: 'booklore.booklore_default' (Got an error reading communication packets)
2026-09-15 15:46:32 230264 [Warning] Aborted connection 230264 to db: 'booklore' user: 'booklore' host: 'booklore.booklore_default' (Got an error reading communication packets)
2026-09-15 15:46:32 230300 [Warning] Aborted connection 230300 to db: 'booklore' user: 'booklore' host: 'booklore.booklore_default' (Got an error reading communication packets)
2026-09-15 15:46:32 230265 [Warning] Aborted connection 230265 to db: 'booklore' user: 'booklore' host: 'booklore.booklore_default' (Got an error reading communication packets)
2026-09-15 15:47:45 230343 [Warning] Aborted connection 230343 to db: 'booklore' user: 'booklore' host: 'booklore.booklore_default' (Got an error reading communication packets)
2026-09-15 15:47:45 230340 [Warning] Aborted connection 230340 to db: 'booklore' user: 'booklore' host: 'booklore.booklore_default' (Got an error reading communication packets)
2026-09-15 15:47:45 230338 [Warning] Aborted connection 230338 to db: 'booklore' user: 'booklore' host: 'booklore.booklore_default' (Got an error reading communication packets)
2026-09-15 15:47:45 230339 [Warning] Aborted connection 230339 to db: 'booklore' user: 'booklore' host: 'booklore.booklore_default' (Got an error reading communication packets)
2026-09-15 15:47:45 230342 [Warning] Aborted connection 230342 to db: 'booklore' user: 'booklore' host: 'booklore.booklore_default' (Got an error reading communication packets)
2026-09-15 15:47:45 230341 [Warning] Aborted connection 230341 to db: 'booklore' user: 'booklore' host: 'booklore.booklore_default' (Got an error reading communication packets)
2026-09-15 15:48:55 230362 [Warning] Aborted connection 230362 to db: 'booklore' user: 'booklore' host: 'booklore.booklore_default' (Got an error reading communication packets)
2026-09-15 15:48:55 230360 [Warning] Aborted connection 230360 to db: 'booklore' user: 'booklore' host: 'booklore.booklore_default' (Got an error reading communication packets)
2026-09-15 15:48:55 230358 [Warning] Aborted connection 230358 to db: 'booklore' user: 'booklore' host: 'booklore.booklore_default' (Got an error reading communication packets)
2026-09-15 15:48:55 230361 [Warning] Aborted connection 230361 to db: 'booklore' user: 'booklore' host: 'booklore.booklore_default' (Got an error reading communication packets)
2026-09-15 15:48:55 230359 [Warning] Aborted connection 230359 to db: 'booklore' user: 'booklore' host: 'booklore.booklore_default' (Got an error reading communication packets)
2026-09-15 15:48:55 230357 [Warning] Aborted connection 230357 to db: 'booklore' user: 'booklore' host: 'booklore.booklore_default' (Got an error reading communication packets)
2026-09-15 15:50:09 230382 [Warning] Aborted connection 230382 to db: 'booklore' user: 'booklore' host: 'booklore.booklore_default' (Got an error reading communication packets)
2026-09-15 15:50:09 230379 [Warning] Aborted connection 230379 to db: 'booklore' user: 'booklore' host: 'booklore.booklore_default' (Got an error reading communication packets)
2026-09-15 15:50:09 230377 [Warning] Aborted connection 230377 to db: 'booklore' user: 'booklore' host: 'booklore.booklore_default' (Got an error reading communication packets)
2026-09-15 15:50:09 230378 [Warning] Aborted connection 230378 to db: 'booklore' user: 'booklore' host: 'booklore.booklore_default' (Got an error reading communication packets)
2026-09-15 15:50:09 230381 [Warning] Aborted connection 230381 to db: 'booklore' user: 'booklore' host: 'booklore.booklore_default' (Got an error reading communication packets)
2026-09-15 15:50:09 230380 [Warning] Aborted connection 230380 to db: 'booklore' user: 'booklore' host: 'booklore.booklore_default' (Got an error reading communication packets)
2026-09-15 15:51:17 230401 [Warning] Aborted connection 230401 to db: 'booklore' user: 'booklore' host: 'booklore.booklore_default' (Got an error reading communication packets)
2026-09-15 15:51:17 230397 [Warning] Aborted connection 230397 to db: 'booklore' user: 'booklore' host: 'booklore.booklore_default' (Got an error reading communication packets)
2026-09-15 15:51:17 230400 [Warning] Aborted connection 230400 to db: 'booklore' user: 'booklore' host: 'booklore.booklore_default' (Got an error reading communication packets)
2026-09-15 15:51:17 230398 [Warning] Aborted connection 230398 to db: 'booklore' user: 'booklore' host: 'booklore.booklore_default' (Got an error reading communication packets)
2026-09-15 15:51:17 230399 [Warning] Aborted connection 230399 to db: 'booklore' user: 'booklore' host: 'booklore.booklore_default' (Got an error reading communication packets)
2026-09-15 15:51:17 230402 [Warning] Aborted connection 230402 to db: 'booklore' user: 'booklore' host: 'booklore.booklore_default' (Got an error reading communication packets)
2026-09-15 15:52:39 230419 [Warning] Aborted connection 230419 to db: 'booklore' user: 'booklore' host: 'booklore.booklore_default' (Got an error reading communication packets)
2026-09-15 15:52:39 230421 [Warning] Aborted connection 230421 to db: 'booklore' user: 'booklore' host: 'booklore.booklore_default' (Got an error reading communication packets)
2026-09-15 15:52:39 230420 [Warning] Aborted connection 230420 to db: 'booklore' user: 'booklore' host: 'booklore.booklore_default' (Got an error reading communication packets)
2026-09-15 15:52:39 230417 [Warning] Aborted connection 230417 to db: 'booklore' user: 'booklore' host: 'booklore.booklore_default' (Got an error reading communication packets)
2026-09-15 15:52:39 230418 [Warning] Aborted connection 230418 to db: 'booklore' user: 'booklore' host: 'booklore.booklore_default' (Got an error reading communication packets)
2026-09-15 15:52:39 230416 [Warning] Aborted connection 230416 to db: 'booklore' user: 'booklore' host: 'booklore.booklore_default' (Got an error reading communication packets)
2026-09-15 15:53:57 230442 [Warning] Aborted connection 230442 to db: 'booklore' user: 'booklore' host: 'booklore.booklore_default' (Got an error reading communication packets)
2026-09-15 15:53:57 230438 [Warning] Aborted connection 230438 to db: 'booklore' user: 'booklore' host: 'booklore.booklore_default' (Got an error reading communication packets)
2026-09-15 15:53:57 230439 [Warning] Aborted connection 230439 to db: 'booklore' user: 'booklore' host: 'booklore.booklore_default' (Got an error reading communication packets)
2026-09-15 15:53:57 230441 [Warning] Aborted connection 230441 to db: 'booklore' user: 'booklore' host: 'booklore.booklore_default' (Got an error reading communication packets)
2026-09-15 15:53:57 230440 [Warning] Aborted connection 230440 to db: 'booklore' user: 'booklore' host: 'booklore.booklore_default' (Got an error reading communication packets)
2026-09-15 15:53:57 230443 [Warning] Aborted connection 230443 to db: 'booklore' user: 'booklore' host: 'booklore.booklore_default' (Got an error reading communication packets)
2026-09-15 15:55:10 230462 [Warning] Aborted connection 230462 to db: 'booklore' user: 'booklore' host: 'booklore.booklore_default' (Got an error reading communication packets)
2026-09-15 15:55:10 230460 [Warning] Aborted connection 230460 to db: 'booklore' user: 'booklore' host: 'booklore.booklore_default' (Got an error reading communication packets)
2026-09-15 15:55:10 230459 [Warning] Aborted connection 230459 to db: 'booklore' user: 'booklore' host: 'booklore.booklore_default' (Got an error reading communication packets)
2026-09-15 15:55:10 230464 [Warning] Aborted connection 230464 to db: 'booklore' user: 'booklore' host: 'booklore.booklore_default' (Got an error reading communication packets)
2026-09-15 15:55:10 230463 [Warning] Aborted connection 230463 to db: 'booklore' user: 'booklore' host: 'booklore.booklore_default' (Got an error reading communication packets)
2026-09-15 15:55:10 230461 [Warning] Aborted connection 230461 to db: 'booklore' user: 'booklore' host: 'booklore.booklore_default' (Got an error reading communication packets)
2026-09-15 15:56:24 230484 [Warning] Aborted connection 230484 to db: 'booklore' user: 'booklore' host: 'booklore.booklore_default' (Got an error reading communication packets)
2026-09-15 15:56:24 230481 [Warning] Aborted connection 230481 to db: 'booklore' user: 'booklore' host: 'booklore.booklore_default' (Got an error reading communication packets)
2026-09-15 15:56:24 230482 [Warning] Aborted connection 230482 to db: 'booklore' user: 'booklore' host: 'booklore.booklore_default' (Got an error reading communication packets)
2026-09-15 15:56:24 230479 [Warning] Aborted connection 230479 to db: 'booklore' user: 'booklore' host: 'booklore.booklore_default' (Got an error reading communication packets)
2026-09-15 15:56:24 230483 [Warning] Aborted connection 230483 to db: 'booklore' user: 'booklore' host: 'booklore.booklore_default' (Got an error reading communication packets)
2026-09-15 15:56:24 230480 [Warning] Aborted connection 230480 to db: 'booklore' user: 'booklore' host: 'booklore.booklore_default' (Got an error reading communication packets)
2026-09-15 15:57:25 230503 [Warning] Aborted connection 230503 to db: 'booklore' user: 'booklore' host: 'booklore.booklore_default' (Got an error reading communication packets)
2026-09-15 15:57:25 230502 [Warning] Aborted connection 230502 to db: 'booklore' user: 'booklore' host: 'booklore.booklore_default' (Got an error reading communication packets)
2026-09-15 15:57:25 230504 [Warning] Aborted connection 230504 to db: 'booklore' user: 'booklore' host: 'booklore.booklore_default' (Got an error reading communication packets)
2026-09-15 15:57:25 230501 [Warning] Aborted connection 230501 to db: 'booklore' user: 'booklore' host: 'booklore.booklore_default' (Got an error reading communication packets)
2026-09-15 15:57:25 230500 [Warning] Aborted connection 230500 to db: 'booklore' user: 'booklore' host: 'booklore.booklore_default' (Got an error reading communication packets)
2026-09-15 15:57:25 230499 [Warning] Aborted connection 230499 to db: 'booklore' user: 'booklore' host: 'booklore.booklore_default' (Got an error reading communication packets)
2026-09-15 15:58:18 230522 [Warning] Aborted connection 230522 to db: 'booklore' user: 'booklore' host: 'booklore.booklore_default' (Got an error reading communication packets)
2026-09-15 15:58:18 230520 [Warning] Aborted connection 230520 to db: 'booklore' user: 'booklore' host: 'booklore.booklore_default' (Got an error reading communication packets)
2026-09-15 15:58:18 230521 [Warning] Aborted connection 230521 to db: 'booklore' user: 'booklore' host: 'booklore.booklore_default' (Got an error reading communication packets)
2026-09-15 15:58:18 230519 [Warning] Aborted connection 230519 to db: 'booklore' user: 'booklore' host: 'booklore.booklore_default' (Got an error reading communication packets)
2026-09-15 15:58:18 230518 [Warning] Aborted connection 230518 to db: 'booklore' user: 'booklore' host: 'booklore.booklore_default' (Got an error reading communication packets)
2026-09-15 15:58:18 230517 [Warning] Aborted connection 230517 to db: 'booklore' user: 'booklore' host: 'booklore.booklore_default' (Got an error reading communication packets)
2026-09-15 15:59:06 230536 [Warning] Aborted connection 230536 to db: 'booklore' user: 'booklore' host: 'booklore.booklore_default' (Got an error reading communication packets)
2026-09-15 15:59:06 230533 [Warning] Aborted connection 230533 to db: 'booklore' user: 'booklore' host: 'booklore.booklore_default' (Got an error reading communication packets)
2026-09-15 15:59:06 230534 [Warning] Aborted connection 230534 to db: 'booklore' user: 'booklore' host: 'booklore.booklore_default' (Got an error reading communication packets)
2026-09-15 15:59:06 230531 [Warning] Aborted connection 230531 to db: 'booklore' user: 'booklore' host: 'booklore.booklore_default' (Got an error reading communication packets)
2026-09-15 15:59:06 230535 [Warning] Aborted connection 230535 to db: 'booklore' user: 'booklore' host: 'booklore.booklore_default' (Got an error reading communication packets)
2026-09-15 15:59:06 230532 [Warning] Aborted connection 230532 to db: 'booklore' user: 'booklore' host: 'booklore.booklore_default' (Got an error reading communication packets)
2026-09-15 15:59:43 230552 [Warning] Aborted connection 230552 to db: 'booklore' user: 'booklore' host: 'booklore.booklore_default' (Got an error reading communication packets)
2026-09-15 15:59:43 230547 [Warning] Aborted connection 230547 to db: 'booklore' user: 'booklore' host: 'booklore.booklore_default' (Got an error reading communication packets)
2026-09-15 15:59:43 230549 [Warning] Aborted connection 230549 to db: 'booklore' user: 'booklore' host: 'booklore.booklore_default' (Got an error reading communication packets)
2026-09-15 15:59:43 230548 [Warning] Aborted connection 230548 to db: 'booklore' user: 'booklore' host: 'booklore.booklore_default' (Got an error reading communication packets)
2026-09-15 15:59:43 230550 [Warning] Aborted connection 230550 to db: 'booklore' user: 'booklore' host: 'booklore.booklore_default' (Got an error reading communication packets)
2026-09-15 15:59:43 230551 [Warning] Aborted connection 230551 to db: 'booklore' user: 'booklore' host: 'booklore.booklore_default' (Got an error reading communication packets)
2026-09-15 16:00:16 230563 [Warning] Aborted connection 230563 to db: 'booklore' user: 'booklore' host: 'booklore.booklore_default' (Got an error reading communication packets)
2026-09-15 16:00:16 230560 [Warning] Aborted connection 230560 to db: 'booklore' user: 'booklore' host: 'booklore.booklore_default' (Got an error reading communication packets)
2026-09-15 16:00:16 230558 [Warning] Aborted connection 230558 to db: 'booklore' user: 'booklore' host: 'booklore.booklore_default' (Got an error reading communication packets)
2026-09-15 16:00:16 230559 [Warning] Aborted connection 230559 to db: 'booklore' user: 'booklore' host: 'booklore.booklore_default' (Got an error reading communication packets)
2026-09-15 16:00:16 230562 [Warning] Aborted connection 230562 to db: 'booklore' user: 'booklore' host: 'booklore.booklore_default' (Got an error reading communication packets)
2026-09-15 16:00:16 230561 [Warning] Aborted connection 230561 to db: 'booklore' user: 'booklore' host: 'booklore.booklore_default' (Got an error reading communication packets)
2026-09-15 16:01:04 230576 [Warning] Aborted connection 230576 to db: 'booklore' user: 'booklore' host: 'booklore.booklore_default' (Got an error reading communication packets)
2026-09-15 16:01:04 230574 [Warning] Aborted connection 230574 to db: 'booklore' user: 'booklore' host: 'booklore.booklore_default' (Got an error reading communication packets)
2026-09-15 16:01:04 230575 [Warning] Aborted connection 230575 to db: 'booklore' user: 'booklore' host: 'booklore.booklore_default' (Got an error reading communication packets)
2026-09-15 16:01:04 230573 [Warning] Aborted connection 230573 to db: 'booklore' user: 'booklore' host: 'booklore.booklore_default' (Got an error reading communication packets)
2026-09-15 16:01:04 230571 [Warning] Aborted connection 230571 to db: 'booklore' user: 'booklore' host: 'booklore.booklore_default' (Got an error reading communication packets)
2026-09-15 16:01:04 230572 [Warning] Aborted connection 230572 to db: 'booklore' user: 'booklore' host: 'booklore.booklore_default' (Got an error reading communication packets)
2026-09-15 16:01:40 230593 [Warning] Aborted connection 230593 to db: 'booklore' user: 'booklore' host: 'booklore.booklore_default' (Got an error reading communication packets)
2026-09-15 16:01:40 230588 [Warning] Aborted connection 230588 to db: 'booklore' user: 'booklore' host: 'booklore.booklore_default' (Got an error reading communication packets)
2026-09-15 16:01:40 230592 [Warning] Aborted connection 230592 to db: 'booklore' user: 'booklore' host: 'booklore.booklore_default' (Got an error reading communication packets)
2026-09-15 16:01:40 230589 [Warning] Aborted connection 230589 to db: 'booklore' user: 'booklore' host: 'booklore.booklore_default' (Got an error reading communication packets)
2026-09-15 16:01:40 230590 [Warning] Aborted connection 230590 to db: 'booklore' user: 'booklore' host: 'booklore.booklore_default' (Got an error reading communication packets)
2026-09-15 16:01:40 230591 [Warning] Aborted connection 230591 to db: 'booklore' user: 'booklore' host: 'booklore.booklore_default' (Got an error reading communication packets)
2026-09-15 16:02:26 230600 [Warning] Aborted connection 230600 to db: 'booklore' user: 'booklore' host: 'booklore.booklore_default' (Got an error reading communication packets)
2026-09-15 16:02:26 230601 [Warning] Aborted connection 230601 to db: 'booklore' user: 'booklore' host: 'booklore.booklore_default' (Got an error reading communication packets)
2026-09-15 16:02:26 230603 [Warning] Aborted connection 230603 to db: 'booklore' user: 'booklore' host: 'booklore.booklore_default' (Got an error reading communication packets)
2026-09-15 16:02:26 230602 [Warning] Aborted connection 230602 to db: 'booklore' user: 'booklore' host: 'booklore.booklore_default' (Got an error reading communication packets)
2026-09-15 16:02:26 230599 [Warning] Aborted connection 230599 to db: 'booklore' user: 'booklore' host: 'booklore.booklore_default' (Got an error reading communication packets)
2026-09-15 16:02:26 230604 [Warning] Aborted connection 230604 to db: 'booklore' user: 'booklore' host: 'booklore.booklore_default' (Got an error reading communication packets)
2026-09-15 16:03:50 230625 [Warning] Aborted connection 230625 to db: 'booklore' user: 'booklore' host: 'booklore.booklore_default' (Got an error reading communication packets)
2026-09-15 16:03:50 230621 [Warning] Aborted connection 230621 to db: 'booklore' user: 'booklore' host: 'booklore.booklore_default' (Got an error reading communication packets)
2026-09-15 16:03:50 230622 [Warning] Aborted connection 230622 to db: 'booklore' user: 'booklore' host: 'booklore.booklore_default' (Got an error reading communication packets)
2026-09-15 16:03:50 230624 [Warning] Aborted connection 230624 to db: 'booklore' user: 'booklore' host: 'booklore.booklore_default' (Got an error reading communication packets)
2026-09-15 16:03:50 230623 [Warning] Aborted connection 230623 to db: 'booklore' user: 'booklore' host: 'booklore.booklore_default' (Got an error reading communication packets)
2026-09-15 16:03:50 230620 [Warning] Aborted connection 230620 to db: 'booklore' user: 'booklore' host: 'booklore.booklore_default' (Got an error reading communication packets)
2026-09-15 16:04:53 230648 [Warning] Aborted connection 230648 to db: 'booklore' user: 'booklore' host: 'booklore.booklore_default' (Got an error reading communication packets)
2026-09-15 16:04:53 230649 [Warning] Aborted connection 230649 to db: 'booklore' user: 'booklore' host: 'booklore.booklore_default' (Got an error reading communication packets)
2026-09-15 16:04:53 230647 [Warning] Aborted connection 230647 to db: 'booklore' user: 'booklore' host: 'booklore.booklore_default' (Got an error reading communication packets)
2026-09-15 16:04:53 230645 [Warning] Aborted connection 230645 to db: 'booklore' user: 'booklore' host: 'booklore.booklore_default' (Got an error reading communication packets)
2026-09-15 16:04:53 230646 [Warning] Aborted connection 230646 to db: 'booklore' user: 'booklore' host: 'booklore.booklore_default' (Got an error reading communication packets)
2026-09-15 16:04:53 230644 [Warning] Aborted connection 230644 to db: 'booklore' user: 'booklore' host: 'booklore.booklore_default' (Got an error reading communication packets)
2026-09-15 16:05:39 230661 [Warning] Aborted connection 230661 to db: 'booklore' user: 'booklore' host: 'booklore.booklore_default' (Got an error reading communication packets)
2026-09-15 16:05:39 230657 [Warning] Aborted connection 230657 to db: 'booklore' user: 'booklore' host: 'booklore.booklore_default' (Got an error reading communication packets)
2026-09-15 16:05:39 230658 [Warning] Aborted connection 230658 to db: 'booklore' user: 'booklore' host: 'booklore.booklore_default' (Got an error reading communication packets)
2026-09-15 16:05:39 230662 [Warning] Aborted connection 230662 to db: 'booklore' user: 'booklore' host: 'booklore.booklore_default' (Got an error reading communication packets)
2026-09-15 16:05:39 230659 [Warning] Aborted connection 230659 to db: 'booklore' user: 'booklore' host: 'booklore.booklore_default' (Got an error reading communication packets)
2026-09-15 16:05:39 230660 [Warning] Aborted connection 230660 to db: 'booklore' user: 'booklore' host: 'booklore.booklore_default' (Got an error reading communication packets)
2026-09-16  0:59:39 237227 [Warning] Aborted connection 237227 to db: 'booklore' user: 'booklore' host: 'booklore.booklore_default' (Got an error reading communication packets)
2026-09-16  0:59:39 237206 [Warning] Aborted connection 237206 to db: 'booklore' user: 'booklore' host: 'booklore.booklore_default' (Got an error reading communication packets)
2026-09-16  0:59:39 237184 [Warning] Aborted connection 237184 to db: 'booklore' user: 'booklore' host: 'booklore.booklore_default' (Got an error reading communication packets)
2026-09-16  0:59:39 237167 [Warning] Aborted connection 237167 to db: 'booklore' user: 'booklore' host: 'booklore.booklore_default' (Got an error reading communication packets)
2026-09-16  0:59:39 237156 [Warning] Aborted connection 237156 to db: 'booklore' user: 'booklore' host: 'booklore.booklore_default' (Got an error reading communication packets)
2026-09-16 23:18:56 253672 [Warning] Aborted connection 253672 to db: 'booklore' user: 'booklore' host: 'booklore.booklore_default' (Got an error reading communication packets)
2026-09-16 23:18:56 253692 [Warning] Aborted connection 253692 to db: 'booklore' user: 'booklore' host: 'booklore.booklore_default' (Got an error reading communication packets)
2026-09-16 23:18:56 253695 [Warning] Aborted connection 253695 to db: 'booklore' user: 'booklore' host: 'booklore.booklore_default' (Got an error reading communication packets)
2026-09-16 23:18:56 253659 [Warning] Aborted connection 253659 to db: 'booklore' user: 'booklore' host: 'booklore.booklore_default' (Got an error reading communication packets)
2026-09-16 23:18:56 253668 [Warning] Aborted connection 253668 to db: 'booklore' user: 'booklore' host: 'booklore.booklore_default' (Got an error reading communication packets)
2026-09-16 23:19:36 253738 [Warning] Aborted connection 253738 to db: 'booklore' user: 'booklore' host: 'booklore.booklore_default' (Got an error reading communication packets)
2026-09-16 23:19:36 253737 [Warning] Aborted connection 253737 to db: 'booklore' user: 'booklore' host: 'booklore.booklore_default' (Got an error reading communication packets)
2026-09-16 23:19:36 253735 [Warning] Aborted connection 253735 to db: 'booklore' user: 'booklore' host: 'booklore.booklore_default' (Got an error reading communication packets)
2026-09-16 23:19:36 253736 [Warning] Aborted connection 253736 to db: 'booklore' user: 'booklore' host: 'booklore.booklore_default' (Got an error reading communication packets)
2026-09-16 23:19:36 253734 [Warning] Aborted connection 253734 to db: 'booklore' user: 'booklore' host: 'booklore.booklore_default' (Got an error reading communication packets)
2026-09-16 23:19:36 253733 [Warning] Aborted connection 253733 to db: 'booklore' user: 'booklore' host: 'booklore.booklore_default' (Got an error reading communication packets)
2026-09-16 23:20:45 253751 [Warning] Aborted connection 253751 to db: 'booklore' user: 'booklore' host: 'booklore.booklore_default' (Got an error reading communication packets)
2026-09-16 23:20:45 253750 [Warning] Aborted connection 253750 to db: 'booklore' user: 'booklore' host: 'booklore.booklore_default' (Got an error reading communication packets)
2026-09-16 23:20:45 253748 [Warning] Aborted connection 253748 to db: 'booklore' user: 'booklore' host: 'booklore.booklore_default' (Got an error reading communication packets)
2026-09-16 23:20:45 253747 [Warning] Aborted connection 253747 to db: 'booklore' user: 'booklore' host: 'booklore.booklore_default' (Got an error reading communication packets)
2026-09-16 23:20:45 253752 [Warning] Aborted connection 253752 to db: 'booklore' user: 'booklore' host: 'booklore.booklore_default' (Got an error reading communication packets)
2026-09-16 23:20:45 253749 [Warning] Aborted connection 253749 to db: 'booklore' user: 'booklore' host: 'booklore.booklore_default' (Got an error reading communication packets)
2026-09-16 23:21:56 253769 [Warning] Aborted connection 253769 to db: 'booklore' user: 'booklore' host: 'booklore.booklore_default' (Got an error reading communication packets)
2026-09-16 23:21:56 253771 [Warning] Aborted connection 253771 to db: 'booklore' user: 'booklore' host: 'booklore.booklore_default' (Got an error reading communication packets)
2026-09-16 23:21:56 253772 [Warning] Aborted connection 253772 to db: 'booklore' user: 'booklore' host: 'booklore.booklore_default' (Got an error reading communication packets)
2026-09-16 23:21:56 253773 [Warning] Aborted connection 253773 to db: 'booklore' user: 'booklore' host: 'booklore.booklore_default' (Got an error reading communication packets)
2026-09-16 23:21:56 253774 [Warning] Aborted connection 253774 to db: 'booklore' user: 'booklore' host: 'booklore.booklore_default' (Got an error reading communication packets)
2026-09-16 23:21:56 253770 [Warning] Aborted connection 253770 to db: 'booklore' user: 'booklore' host: 'booklore.booklore_default' (Got an error reading communication packets)
2026-09-16 23:23:15 253795 [Warning] Aborted connection 253795 to db: 'booklore' user: 'booklore' host: 'booklore.booklore_default' (Got an error reading communication packets)
2026-09-16 23:23:15 253794 [Warning] Aborted connection 253794 to db: 'booklore' user: 'booklore' host: 'booklore.booklore_default' (Got an error reading communication packets)
2026-09-16 23:23:15 253793 [Warning] Aborted connection 253793 to db: 'booklore' user: 'booklore' host: 'booklore.booklore_default' (Got an error reading communication packets)
2026-09-16 23:23:15 253792 [Warning] Aborted connection 253792 to db: 'booklore' user: 'booklore' host: 'booklore.booklore_default' (Got an error reading communication packets)
2026-09-16 23:23:15 253790 [Warning] Aborted connection 253790 to db: 'booklore' user: 'booklore' host: 'booklore.booklore_default' (Got an error reading communication packets)
2026-09-16 23:23:15 253791 [Warning] Aborted connection 253791 to db: 'booklore' user: 'booklore' host: 'booklore.booklore_default' (Got an error reading communication packets)
2026-09-16 23:24:13 253814 [Warning] Aborted connection 253814 to db: 'booklore' user: 'booklore' host: 'booklore.booklore_default' (Got an error reading communication packets)
2026-09-16 23:24:13 253815 [Warning] Aborted connection 253815 to db: 'booklore' user: 'booklore' host: 'booklore.booklore_default' (Got an error reading communication packets)
2026-09-16 23:24:13 253813 [Warning] Aborted connection 253813 to db: 'booklore' user: 'booklore' host: 'booklore.booklore_default' (Got an error reading communication packets)
2026-09-16 23:24:13 253812 [Warning] Aborted connection 253812 to db: 'booklore' user: 'booklore' host: 'booklore.booklore_default' (Got an error reading communication packets)
2026-09-16 23:24:13 253811 [Warning] Aborted connection 253811 to db: 'booklore' user: 'booklore' host: 'booklore.booklore_default' (Got an error reading communication packets)
2026-09-16 23:24:13 253810 [Warning] Aborted connection 253810 to db: 'booklore' user: 'booklore' host: 'booklore.booklore_default' (Got an error reading communication packets)
2026-09-16 23:25:10 253832 [Warning] Aborted connection 253832 to db: 'booklore' user: 'booklore' host: 'booklore.booklore_default' (Got an error reading communication packets)
2026-09-16 23:25:10 253829 [Warning] Aborted connection 253829 to db: 'booklore' user: 'booklore' host: 'booklore.booklore_default' (Got an error reading communication packets)
2026-09-16 23:25:10 253827 [Warning] Aborted connection 253827 to db: 'booklore' user: 'booklore' host: 'booklore.booklore_default' (Got an error reading communication packets)
2026-09-16 23:25:10 253828 [Warning] Aborted connection 253828 to db: 'booklore' user: 'booklore' host: 'booklore.booklore_default' (Got an error reading communication packets)
2026-09-16 23:25:10 253831 [Warning] Aborted connection 253831 to db: 'booklore' user: 'booklore' host: 'booklore.booklore_default' (Got an error reading communication packets)
2026-09-16 23:25:10 253830 [Warning] Aborted connection 253830 to db: 'booklore' user: 'booklore' host: 'booklore.booklore_default' (Got an error reading communication packets)
2026-09-16 23:26:36 253850 [Warning] Aborted connection 253850 to db: 'booklore' user: 'booklore' host: 'booklore.booklore_default' (Got an error reading communication packets)
2026-09-16 23:26:36 253845 [Warning] Aborted connection 253845 to db: 'booklore' user: 'booklore' host: 'booklore.booklore_default' (Got an error reading communication packets)
2026-09-16 23:26:36 253849 [Warning] Aborted connection 253849 to db: 'booklore' user: 'booklore' host: 'booklore.booklore_default' (Got an error reading communication packets)
2026-09-16 23:26:36 253847 [Warning] Aborted connection 253847 to db: 'booklore' user: 'booklore' host: 'booklore.booklore_default' (Got an error reading communication packets)
2026-09-16 23:26:36 253846 [Warning] Aborted connection 253846 to db: 'booklore' user: 'booklore' host: 'booklore.booklore_default' (Got an error reading communication packets)
2026-09-16 23:26:36 253848 [Warning] Aborted connection 253848 to db: 'booklore' user: 'booklore' host: 'booklore.booklore_default' (Got an error reading communication packets)
2026-09-16 23:27:34 253870 [Warning] Aborted connection 253870 to db: 'booklore' user: 'booklore' host: 'booklore.booklore_default' (Got an error reading communication packets)
2026-09-16 23:27:34 253872 [Warning] Aborted connection 253872 to db: 'booklore' user: 'booklore' host: 'booklore.booklore_default' (Got an error reading communication packets)
2026-09-16 23:27:34 253869 [Warning] Aborted connection 253869 to db: 'booklore' user: 'booklore' host: 'booklore.booklore_default' (Got an error reading communication packets)
2026-09-16 23:27:34 253867 [Warning] Aborted connection 253867 to db: 'booklore' user: 'booklore' host: 'booklore.booklore_default' (Got an error reading communication packets)
2026-09-16 23:27:34 253868 [Warning] Aborted connection 253868 to db: 'booklore' user: 'booklore' host: 'booklore.booklore_default' (Got an error reading communication packets)
2026-09-16 23:27:34 253871 [Warning] Aborted connection 253871 to db: 'booklore' user: 'booklore' host: 'booklore.booklore_default' (Got an error reading communication packets)
2026-09-16 23:28:11 253886 [Warning] Aborted connection 253886 to db: 'booklore' user: 'booklore' host: 'booklore.booklore_default' (Got an error reading communication packets)
2026-09-16 23:28:11 253884 [Warning] Aborted connection 253884 to db: 'booklore' user: 'booklore' host: 'booklore.booklore_default' (Got an error reading communication packets)
2026-09-16 23:28:11 253885 [Warning] Aborted connection 253885 to db: 'booklore' user: 'booklore' host: 'booklore.booklore_default' (Got an error reading communication packets)
2026-09-16 23:28:11 253883 [Warning] Aborted connection 253883 to db: 'booklore' user: 'booklore' host: 'booklore.booklore_default' (Got an error reading communication packets)
2026-09-16 23:28:11 253882 [Warning] Aborted connection 253882 to db: 'booklore' user: 'booklore' host: 'booklore.booklore_default' (Got an error reading communication packets)
2026-09-16 23:28:11 253881 [Warning] Aborted connection 253881 to db: 'booklore' user: 'booklore' host: 'booklore.booklore_default' (Got an error reading communication packets)
2026-09-16 23:29:23 253899 [Warning] Aborted connection 253899 to db: 'booklore' user: 'booklore' host: 'booklore.booklore_default' (Got an error reading communication packets)
2026-09-16 23:29:23 253898 [Warning] Aborted connection 253898 to db: 'booklore' user: 'booklore' host: 'booklore.booklore_default' (Got an error reading communication packets)
2026-09-16 23:29:23 253897 [Warning] Aborted connection 253897 to db: 'booklore' user: 'booklore' host: 'booklore.booklore_default' (Got an error reading communication packets)
2026-09-16 23:29:23 253895 [Warning] Aborted connection 253895 to db: 'booklore' user: 'booklore' host: 'booklore.booklore_default' (Got an error reading communication packets)
2026-09-16 23:29:23 253894 [Warning] Aborted connection 253894 to db: 'booklore' user: 'booklore' host: 'booklore.booklore_default' (Got an error reading communication packets)
2026-09-16 23:29:23 253896 [Warning] Aborted connection 253896 to db: 'booklore' user: 'booklore' host: 'booklore.booklore_default' (Got an error reading communication packets)
2026-09-16 23:30:41 253923 [Warning] Aborted connection 253923 to db: 'booklore' user: 'booklore' host: 'booklore.booklore_default' (Got an error reading communication packets)
2026-09-16 23:30:41 253922 [Warning] Aborted connection 253922 to db: 'booklore' user: 'booklore' host: 'booklore.booklore_default' (Got an error reading communication packets)
2026-09-16 23:30:41 253921 [Warning] Aborted connection 253921 to db: 'booklore' user: 'booklore' host: 'booklore.booklore_default' (Got an error reading communication packets)
2026-09-16 23:30:41 253920 [Warning] Aborted connection 253920 to db: 'booklore' user: 'booklore' host: 'booklore.booklore_default' (Got an error reading communication packets)
2026-09-16 23:30:41 253918 [Warning] Aborted connection 253918 to db: 'booklore' user: 'booklore' host: 'booklore.booklore_default' (Got an error reading communication packets)
2026-09-16 23:30:41 253919 [Warning] Aborted connection 253919 to db: 'booklore' user: 'booklore' host: 'booklore.booklore_default' (Got an error reading communication packets)
2026-09-16 23:31:50 253944 [Warning] Aborted connection 253944 to db: 'booklore' user: 'booklore' host: 'booklore.booklore_default' (Got an error reading communication packets)
2026-09-16 23:31:50 253943 [Warning] Aborted connection 253943 to db: 'booklore' user: 'booklore' host: 'booklore.booklore_default' (Got an error reading communication packets)
2026-09-16 23:31:50 253941 [Warning] Aborted connection 253941 to db: 'booklore' user: 'booklore' host: 'booklore.booklore_default' (Got an error reading communication packets)
2026-09-16 23:31:50 253940 [Warning] Aborted connection 253940 to db: 'booklore' user: 'booklore' host: 'booklore.booklore_default' (Got an error reading communication packets)
2026-09-16 23:31:50 253939 [Warning] Aborted connection 253939 to db: 'booklore' user: 'booklore' host: 'booklore.booklore_default' (Got an error reading communication packets)
2026-09-16 23:31:50 253942 [Warning] Aborted connection 253942 to db: 'booklore' user: 'booklore' host: 'booklore.booklore_default' (Got an error reading communication packets)
2026-09-16 23:33:14 253963 [Warning] Aborted connection 253963 to db: 'booklore' user: 'booklore' host: 'booklore.booklore_default' (Got an error reading communication packets)
2026-09-16 23:33:14 253959 [Warning] Aborted connection 253959 to db: 'booklore' user: 'booklore' host: 'booklore.booklore_default' (Got an error reading communication packets)
2026-09-16 23:33:14 253960 [Warning] Aborted connection 253960 to db: 'booklore' user: 'booklore' host: 'booklore.booklore_default' (Got an error reading communication packets)
2026-09-16 23:33:14 253961 [Warning] Aborted connection 253961 to db: 'booklore' user: 'booklore' host: 'booklore.booklore_default' (Got an error reading communication packets)
2026-09-16 23:33:14 253964 [Warning] Aborted connection 253964 to db: 'booklore' user: 'booklore' host: 'booklore.booklore_default' (Got an error reading communication packets)
2026-09-16 23:33:14 253958 [Warning] Aborted connection 253958 to db: 'booklore' user: 'booklore' host: 'booklore.booklore_default' (Got an error reading communication packets)
2026-09-16 23:34:26 253985 [Warning] Aborted connection 253985 to db: 'booklore' user: 'booklore' host: 'booklore.booklore_default' (Got an error reading communication packets)
2026-09-16 23:34:26 253982 [Warning] Aborted connection 253982 to db: 'booklore' user: 'booklore' host: 'booklore.booklore_default' (Got an error reading communication packets)
2026-09-16 23:34:26 253984 [Warning] Aborted connection 253984 to db: 'booklore' user: 'booklore' host: 'booklore.booklore_default' (Got an error reading communication packets)
2026-09-16 23:34:26 253981 [Warning] Aborted connection 253981 to db: 'booklore' user: 'booklore' host: 'booklore.booklore_default' (Got an error reading communication packets)
2026-09-16 23:34:26 253980 [Warning] Aborted connection 253980 to db: 'booklore' user: 'booklore' host: 'booklore.booklore_default' (Got an error reading communication packets)
2026-09-16 23:34:26 253983 [Warning] Aborted connection 253983 to db: 'booklore' user: 'booklore' host: 'booklore.booklore_default' (Got an error reading communication packets)
2026-09-16 23:35:44 254005 [Warning] Aborted connection 254005 to db: 'booklore' user: 'booklore' host: 'booklore.booklore_default' (Got an error reading communication packets)
2026-09-16 23:35:44 254004 [Warning] Aborted connection 254004 to db: 'booklore' user: 'booklore' host: 'booklore.booklore_default' (Got an error reading communication packets)
2026-09-16 23:35:44 254003 [Warning] Aborted connection 254003 to db: 'booklore' user: 'booklore' host: 'booklore.booklore_default' (Got an error reading communication packets)
2026-09-16 23:35:44 254001 [Warning] Aborted connection 254001 to db: 'booklore' user: 'booklore' host: 'booklore.booklore_default' (Got an error reading communication packets)
2026-09-16 23:35:44 254000 [Warning] Aborted connection 254000 to db: 'booklore' user: 'booklore' host: 'booklore.booklore_default' (Got an error reading communication packets)
2026-09-16 23:35:44 254002 [Warning] Aborted connection 254002 to db: 'booklore' user: 'booklore' host: 'booklore.booklore_default' (Got an error reading communication packets)
2026-09-16 23:36:55 254023 [Warning] Aborted connection 254023 to db: 'booklore' user: 'booklore' host: 'booklore.booklore_default' (Got an error reading communication packets)
2026-09-16 23:36:55 254018 [Warning] Aborted connection 254018 to db: 'booklore' user: 'booklore' host: 'booklore.booklore_default' (Got an error reading communication packets)
2026-09-16 23:36:55 254022 [Warning] Aborted connection 254022 to db: 'booklore' user: 'booklore' host: 'booklore.booklore_default' (Got an error reading communication packets)
2026-09-16 23:36:55 254021 [Warning] Aborted connection 254021 to db: 'booklore' user: 'booklore' host: 'booklore.booklore_default' (Got an error reading communication packets)
2026-09-16 23:36:55 254020 [Warning] Aborted connection 254020 to db: 'booklore' user: 'booklore' host: 'booklore.booklore_default' (Got an error reading communication packets)
2026-09-16 23:36:55 254019 [Warning] Aborted connection 254019 to db: 'booklore' user: 'booklore' host: 'booklore.booklore_default' (Got an error reading communication packets)
2026-09-16 23:37:35 254042 [Warning] Aborted connection 254042 to db: 'booklore' user: 'booklore' host: 'booklore.booklore_default' (Got an error reading communication packets)
2026-09-16 23:37:35 254039 [Warning] Aborted connection 254039 to db: 'booklore' user: 'booklore' host: 'booklore.booklore_default' (Got an error reading communication packets)
2026-09-16 23:37:35 254038 [Warning] Aborted connection 254038 to db: 'booklore' user: 'booklore' host: 'booklore.booklore_default' (Got an error reading communication packets)
2026-09-16 23:37:35 254037 [Warning] Aborted connection 254037 to db: 'booklore' user: 'booklore' host: 'booklore.booklore_default' (Got an error reading communication packets)
2026-09-16 23:37:35 254041 [Warning] Aborted connection 254041 to db: 'booklore' user: 'booklore' host: 'booklore.booklore_default' (Got an error reading communication packets)
2026-09-16 23:37:35 254040 [Warning] Aborted connection 254040 to db: 'booklore' user: 'booklore' host: 'booklore.booklore_default' (Got an error reading communication packets)
2026-09-16 23:38:01 254054 [Warning] Aborted connection 254054 to db: 'booklore' user: 'booklore' host: 'booklore.booklore_default' (Got an error reading communication packets)
2026-09-16 23:38:01 254049 [Warning] Aborted connection 254049 to db: 'booklore' user: 'booklore' host: 'booklore.booklore_default' (Got an error reading communication packets)
2026-09-16 23:38:01 254050 [Warning] Aborted connection 254050 to db: 'booklore' user: 'booklore' host: 'booklore.booklore_default' (Got an error reading communication packets)
2026-09-16 23:38:01 254052 [Warning] Aborted connection 254052 to db: 'booklore' user: 'booklore' host: 'booklore.booklore_default' (Got an error reading communication packets)
2026-09-16 23:38:01 254051 [Warning] Aborted connection 254051 to db: 'booklore' user: 'booklore' host: 'booklore.booklore_default' (Got an error reading communication packets)
2026-09-16 23:38:01 254053 [Warning] Aborted connection 254053 to db: 'booklore' user: 'booklore' host: 'booklore.booklore_default' (Got an error reading communication packets)
2026-09-16 23:38:38 254065 [Warning] Aborted connection 254065 to db: 'booklore' user: 'booklore' host: 'booklore.booklore_default' (Got an error reading communication packets)
2026-09-16 23:38:38 254063 [Warning] Aborted connection 254063 to db: 'booklore' user: 'booklore' host: 'booklore.booklore_default' (Got an error reading communication packets)
2026-09-16 23:38:38 254061 [Warning] Aborted connection 254061 to db: 'booklore' user: 'booklore' host: 'booklore.booklore_default' (Got an error reading communication packets)
2026-09-16 23:38:38 254064 [Warning] Aborted connection 254064 to db: 'booklore' user: 'booklore' host: 'booklore.booklore_default' (Got an error reading communication packets)
2026-09-16 23:38:38 254060 [Warning] Aborted connection 254060 to db: 'booklore' user: 'booklore' host: 'booklore.booklore_default' (Got an error reading communication packets)
2026-09-16 23:38:38 254062 [Warning] Aborted connection 254062 to db: 'booklore' user: 'booklore' host: 'booklore.booklore_default' (Got an error reading communication packets)
2026-09-16 23:40:03 254083 [Warning] Aborted connection 254083 to db: 'booklore' user: 'booklore' host: 'booklore.booklore_default' (Got an error reading communication packets)
2026-09-16 23:40:03 254085 [Warning] Aborted connection 254085 to db: 'booklore' user: 'booklore' host: 'booklore.booklore_default' (Got an error reading communication packets)
2026-09-16 23:40:03 254084 [Warning] Aborted connection 254084 to db: 'booklore' user: 'booklore' host: 'booklore.booklore_default' (Got an error reading communication packets)
2026-09-16 23:40:03 254082 [Warning] Aborted connection 254082 to db: 'booklore' user: 'booklore' host: 'booklore.booklore_default' (Got an error reading communication packets)
2026-09-16 23:40:03 254081 [Warning] Aborted connection 254081 to db: 'booklore' user: 'booklore' host: 'booklore.booklore_default' (Got an error reading communication packets)
2026-09-16 23:40:03 254080 [Warning] Aborted connection 254080 to db: 'booklore' user: 'booklore' host: 'booklore.booklore_default' (Got an error reading communication packets)
2026-09-16 23:40:48 254103 [Warning] Aborted connection 254103 to db: 'booklore' user: 'booklore' host: 'booklore.booklore_default' (Got an error reading communication packets)
2026-09-16 23:40:48 254102 [Warning] Aborted connection 254102 to db: 'booklore' user: 'booklore' host: 'booklore.booklore_default' (Got an error reading communication packets)
2026-09-16 23:40:48 254100 [Warning] Aborted connection 254100 to db: 'booklore' user: 'booklore' host: 'booklore.booklore_default' (Got an error reading communication packets)
2026-09-16 23:40:48 254098 [Warning] Aborted connection 254098 to db: 'booklore' user: 'booklore' host: 'booklore.booklore_default' (Got an error reading communication packets)
2026-09-16 23:40:48 254101 [Warning] Aborted connection 254101 to db: 'booklore' user: 'booklore' host: 'booklore.booklore_default' (Got an error reading communication packets)
2026-09-16 23:40:48 254099 [Warning] Aborted connection 254099 to db: 'booklore' user: 'booklore' host: 'booklore.booklore_default' (Got an error reading communication packets)
2026-09-16 23:41:43 254115 [Warning] Aborted connection 254115 to db: 'booklore' user: 'booklore' host: 'booklore.booklore_default' (Got an error reading communication packets)
2026-09-16 23:41:43 254113 [Warning] Aborted connection 254113 to db: 'booklore' user: 'booklore' host: 'booklore.booklore_default' (Got an error reading communication packets)
2026-09-16 23:41:43 254112 [Warning] Aborted connection 254112 to db: 'booklore' user: 'booklore' host: 'booklore.booklore_default' (Got an error reading communication packets)
2026-09-16 23:41:43 254111 [Warning] Aborted connection 254111 to db: 'booklore' user: 'booklore' host: 'booklore.booklore_default' (Got an error reading communication packets)
2026-09-16 23:41:43 254110 [Warning] Aborted connection 254110 to db: 'booklore' user: 'booklore' host: 'booklore.booklore_default' (Got an error reading communication packets)
2026-09-16 23:41:43 254114 [Warning] Aborted connection 254114 to db: 'booklore' user: 'booklore' host: 'booklore.booklore_default' (Got an error reading communication packets)
2026-09-16 23:43:07 254136 [Warning] Aborted connection 254136 to db: 'booklore' user: 'booklore' host: 'booklore.booklore_default' (Got an error reading communication packets)
2026-09-16 23:43:07 254134 [Warning] Aborted connection 254134 to db: 'booklore' user: 'booklore' host: 'booklore.booklore_default' (Got an error reading communication packets)
2026-09-16 23:43:07 254137 [Warning] Aborted connection 254137 to db: 'booklore' user: 'booklore' host: 'booklore.booklore_default' (Got an error reading communication packets)
2026-09-16 23:43:07 254133 [Warning] Aborted connection 254133 to db: 'booklore' user: 'booklore' host: 'booklore.booklore_default' (Got an error reading communication packets)
2026-09-16 23:43:07 254135 [Warning] Aborted connection 254135 to db: 'booklore' user: 'booklore' host: 'booklore.booklore_default' (Got an error reading communication packets)
2026-09-16 23:43:07 254132 [Warning] Aborted connection 254132 to db: 'booklore' user: 'booklore' host: 'booklore.booklore_default' (Got an error reading communication packets)
2026-09-16 23:43:59 254156 [Warning] Aborted connection 254156 to db: 'booklore' user: 'booklore' host: 'booklore.booklore_default' (Got an error reading communication packets)
2026-09-16 23:43:59 254152 [Warning] Aborted connection 254152 to db: 'booklore' user: 'booklore' host: 'booklore.booklore_default' (Got an error reading communication packets)
2026-09-16 23:43:59 254154 [Warning] Aborted connection 254154 to db: 'booklore' user: 'booklore' host: 'booklore.booklore_default' (Got an error reading communication packets)
2026-09-16 23:43:59 254157 [Warning] Aborted connection 254157 to db: 'booklore' user: 'booklore' host: 'booklore.booklore_default' (Got an error reading communication packets)
2026-09-16 23:43:59 254153 [Warning] Aborted connection 254153 to db: 'booklore' user: 'booklore' host: 'booklore.booklore_default' (Got an error reading communication packets)
2026-09-16 23:43:59 254155 [Warning] Aborted connection 254155 to db: 'booklore' user: 'booklore' host: 'booklore.booklore_default' (Got an error reading communication packets)
2026-09-16 23:44:53 254173 [Warning] Aborted connection 254173 to db: 'booklore' user: 'booklore' host: 'booklore.booklore_default' (Got an error reading communication packets)
2026-09-16 23:44:53 254170 [Warning] Aborted connection 254170 to db: 'booklore' user: 'booklore' host: 'booklore.booklore_default' (Got an error reading communication packets)
2026-09-16 23:44:53 254172 [Warning] Aborted connection 254172 to db: 'booklore' user: 'booklore' host: 'booklore.booklore_default' (Got an error reading communication packets)
2026-09-16 23:44:53 254171 [Warning] Aborted connection 254171 to db: 'booklore' user: 'booklore' host: 'booklore.booklore_default' (Got an error reading communication packets)
2026-09-16 23:44:53 254175 [Warning] Aborted connection 254175 to db: 'booklore' user: 'booklore' host: 'booklore.booklore_default' (Got an error reading communication packets)
2026-09-16 23:44:53 254174 [Warning] Aborted connection 254174 to db: 'booklore' user: 'booklore' host: 'booklore.booklore_default' (Got an error reading communication packets)
2026-09-16 23:46:54 254196 [Warning] Aborted connection 254196 to db: 'booklore' user: 'booklore' host: 'booklore.booklore_default' (Got an error reading communication packets)
2026-09-16 23:46:54 254198 [Warning] Aborted connection 254198 to db: 'booklore' user: 'booklore' host: 'booklore.booklore_default' (Got an error reading communication packets)
2026-09-16 23:46:54 254197 [Warning] Aborted connection 254197 to db: 'booklore' user: 'booklore' host: 'booklore.booklore_default' (Got an error reading communication packets)
2026-09-16 23:46:54 254195 [Warning] Aborted connection 254195 to db: 'booklore' user: 'booklore' host: 'booklore.booklore_default' (Got an error reading communication packets)
2026-09-16 23:46:54 254199 [Warning] Aborted connection 254199 to db: 'booklore' user: 'booklore' host: 'booklore.booklore_default' (Got an error reading communication packets)
2026-09-16 23:46:54 254194 [Warning] Aborted connection 254194 to db: 'booklore' user: 'booklore' host: 'booklore.booklore_default' (Got an error reading communication packets)
2026-09-16 23:48:19 254220 [Warning] Aborted connection 254220 to db: 'booklore' user: 'booklore' host: 'booklore.booklore_default' (Got an error reading communication packets)
2026-09-16 23:48:19 254216 [Warning] Aborted connection 254216 to db: 'booklore' user: 'booklore' host: 'booklore.booklore_default' (Got an error reading communication packets)
2026-09-16 23:48:19 254221 [Warning] Aborted connection 254221 to db: 'booklore' user: 'booklore' host: 'booklore.booklore_default' (Got an error reading communication packets)
2026-09-16 23:48:19 254218 [Warning] Aborted connection 254218 to db: 'booklore' user: 'booklore' host: 'booklore.booklore_default' (Got an error reading communication packets)
2026-09-16 23:48:19 254219 [Warning] Aborted connection 254219 to db: 'booklore' user: 'booklore' host: 'booklore.booklore_default' (Got an error reading communication packets)
2026-09-16 23:48:19 254215 [Warning] Aborted connection 254215 to db: 'booklore' user: 'booklore' host: 'booklore.booklore_default' (Got an error reading communication packets)
2026-09-16 23:49:15 254243 [Warning] Aborted connection 254243 to db: 'booklore' user: 'booklore' host: 'booklore.booklore_default' (Got an error reading communication packets)
2026-09-16 23:49:15 254239 [Warning] Aborted connection 254239 to db: 'booklore' user: 'booklore' host: 'booklore.booklore_default' (Got an error reading communication packets)
2026-09-16 23:49:15 254238 [Warning] Aborted connection 254238 to db: 'booklore' user: 'booklore' host: 'booklore.booklore_default' (Got an error reading communication packets)
2026-09-16 23:49:15 254241 [Warning] Aborted connection 254241 to db: 'booklore' user: 'booklore' host: 'booklore.booklore_default' (Got an error reading communication packets)
2026-09-16 23:49:15 254240 [Warning] Aborted connection 254240 to db: 'booklore' user: 'booklore' host: 'booklore.booklore_default' (Got an error reading communication packets)
2026-09-16 23:49:15 254242 [Warning] Aborted connection 254242 to db: 'booklore' user: 'booklore' host: 'booklore.booklore_default' (Got an error reading communication packets)
2026-09-16 23:50:26 254257 [Warning] Aborted connection 254257 to db: 'booklore' user: 'booklore' host: 'booklore.booklore_default' (Got an error reading communication packets)
2026-09-16 23:50:26 254258 [Warning] Aborted connection 254258 to db: 'booklore' user: 'booklore' host: 'booklore.booklore_default' (Got an error reading communication packets)
2026-09-16 23:50:26 254254 [Warning] Aborted connection 254254 to db: 'booklore' user: 'booklore' host: 'booklore.booklore_default' (Got an error reading communication packets)
2026-09-16 23:50:26 254259 [Warning] Aborted connection 254259 to db: 'booklore' user: 'booklore' host: 'booklore.booklore_default' (Got an error reading communication packets)
2026-09-16 23:50:26 254256 [Warning] Aborted connection 254256 to db: 'booklore' user: 'booklore' host: 'booklore.booklore_default' (Got an error reading communication packets)
2026-09-16 23:50:26 254255 [Warning] Aborted connection 254255 to db: 'booklore' user: 'booklore' host: 'booklore.booklore_default' (Got an error reading communication packets)
2026-09-16 23:51:27 254277 [Warning] Aborted connection 254277 to db: 'booklore' user: 'booklore' host: 'booklore.booklore_default' (Got an error reading communication packets)
2026-09-16 23:51:27 254274 [Warning] Aborted connection 254274 to db: 'booklore' user: 'booklore' host: 'booklore.booklore_default' (Got an error reading communication packets)
2026-09-16 23:51:27 254278 [Warning] Aborted connection 254278 to db: 'booklore' user: 'booklore' host: 'booklore.booklore_default' (Got an error reading communication packets)
2026-09-16 23:51:27 254276 [Warning] Aborted connection 254276 to db: 'booklore' user: 'booklore' host: 'booklore.booklore_default' (Got an error reading communication packets)
2026-09-16 23:51:27 254275 [Warning] Aborted connection 254275 to db: 'booklore' user: 'booklore' host: 'booklore.booklore_default' (Got an error reading communication packets)
2026-09-16 23:51:27 254273 [Warning] Aborted connection 254273 to db: 'booklore' user: 'booklore' host: 'booklore.booklore_default' (Got an error reading communication packets)
2026-09-16 23:52:34 254297 [Warning] Aborted connection 254297 to db: 'booklore' user: 'booklore' host: 'booklore.booklore_default' (Got an error reading communication packets)
2026-09-16 23:52:34 254292 [Warning] Aborted connection 254292 to db: 'booklore' user: 'booklore' host: 'booklore.booklore_default' (Got an error reading communication packets)
2026-09-16 23:52:34 254295 [Warning] Aborted connection 254295 to db: 'booklore' user: 'booklore' host: 'booklore.booklore_default' (Got an error reading communication packets)
2026-09-16 23:52:34 254294 [Warning] Aborted connection 254294 to db: 'booklore' user: 'booklore' host: 'booklore.booklore_default' (Got an error reading communication packets)
2026-09-16 23:52:34 254293 [Warning] Aborted connection 254293 to db: 'booklore' user: 'booklore' host: 'booklore.booklore_default' (Got an error reading communication packets)
2026-09-16 23:52:34 254296 [Warning] Aborted connection 254296 to db: 'booklore' user: 'booklore' host: 'booklore.booklore_default' (Got an error reading communication packets)
2026-09-16 23:53:25 254312 [Warning] Aborted connection 254312 to db: 'booklore' user: 'booklore' host: 'booklore.booklore_default' (Got an error reading communication packets)
2026-09-16 23:53:25 254310 [Warning] Aborted connection 254310 to db: 'booklore' user: 'booklore' host: 'booklore.booklore_default' (Got an error reading communication packets)
2026-09-16 23:53:25 254311 [Warning] Aborted connection 254311 to db: 'booklore' user: 'booklore' host: 'booklore.booklore_default' (Got an error reading communication packets)
2026-09-16 23:53:25 254313 [Warning] Aborted connection 254313 to db: 'booklore' user: 'booklore' host: 'booklore.booklore_default' (Got an error reading communication packets)
2026-09-16 23:54:22 254328 [Warning] Aborted connection 254328 to db: 'booklore' user: 'booklore' host: 'booklore.booklore_default' (Got an error reading communication packets)
2026-09-16 23:54:22 254326 [Warning] Aborted connection 254326 to db: 'booklore' user: 'booklore' host: 'booklore.booklore_default' (Got an error reading communication packets)
2026-09-16 23:54:22 254327 [Warning] Aborted connection 254327 to db: 'booklore' user: 'booklore' host: 'booklore.booklore_default' (Got an error reading communication packets)
2026-09-16 23:54:22 254324 [Warning] Aborted connection 254324 to db: 'booklore' user: 'booklore' host: 'booklore.booklore_default' (Got an error reading communication packets)
2026-09-16 23:54:22 254325 [Warning] Aborted connection 254325 to db: 'booklore' user: 'booklore' host: 'booklore.booklore_default' (Got an error reading communication packets)
2026-09-16 23:54:22 254329 [Warning] Aborted connection 254329 to db: 'booklore' user: 'booklore' host: 'booklore.booklore_default' (Got an error reading communication packets)
2026-09-16 23:56:31 254358 [Warning] Aborted connection 254358 to db: 'booklore' user: 'booklore' host: 'booklore.booklore_default' (Got an error reading communication packets)
2026-09-16 23:56:31 254356 [Warning] Aborted connection 254356 to db: 'booklore' user: 'booklore' host: 'booklore.booklore_default' (Got an error reading communication packets)
2026-09-16 23:56:31 254354 [Warning] Aborted connection 254354 to db: 'booklore' user: 'booklore' host: 'booklore.booklore_default' (Got an error reading communication packets)
2026-09-16 23:56:31 254355 [Warning] Aborted connection 254355 to db: 'booklore' user: 'booklore' host: 'booklore.booklore_default' (Got an error reading communication packets)
2026-09-16 23:56:31 254353 [Warning] Aborted connection 254353 to db: 'booklore' user: 'booklore' host: 'booklore.booklore_default' (Got an error reading communication packets)
2026-09-16 23:56:31 254357 [Warning] Aborted connection 254357 to db: 'booklore' user: 'booklore' host: 'booklore.booklore_default' (Got an error reading communication packets)
2026-09-16 23:58:01 254380 [Warning] Aborted connection 254380 to db: 'booklore' user: 'booklore' host: 'booklore.booklore_default' (Got an error reading communication packets)
2026-09-16 23:58:01 254375 [Warning] Aborted connection 254375 to db: 'booklore' user: 'booklore' host: 'booklore.booklore_default' (Got an error reading communication packets)
2026-09-16 23:58:01 254378 [Warning] Aborted connection 254378 to db: 'booklore' user: 'booklore' host: 'booklore.booklore_default' (Got an error reading communication packets)
2026-09-16 23:58:01 254379 [Warning] Aborted connection 254379 to db: 'booklore' user: 'booklore' host: 'booklore.booklore_default' (Got an error reading communication packets)
2026-09-16 23:58:01 254377 [Warning] Aborted connection 254377 to db: 'booklore' user: 'booklore' host: 'booklore.booklore_default' (Got an error reading communication packets)
2026-09-16 23:58:01 254376 [Warning] Aborted connection 254376 to db: 'booklore' user: 'booklore' host: 'booklore.booklore_default' (Got an error reading communication packets)
2026-09-16 23:59:11 254399 [Warning] Aborted connection 254399 to db: 'booklore' user: 'booklore' host: 'booklore.booklore_default' (Got an error reading communication packets)
2026-09-16 23:59:11 254396 [Warning] Aborted connection 254396 to db: 'booklore' user: 'booklore' host: 'booklore.booklore_default' (Got an error reading communication packets)
2026-09-16 23:59:11 254394 [Warning] Aborted connection 254394 to db: 'booklore' user: 'booklore' host: 'booklore.booklore_default' (Got an error reading communication packets)
2026-09-16 23:59:11 254395 [Warning] Aborted connection 254395 to db: 'booklore' user: 'booklore' host: 'booklore.booklore_default' (Got an error reading communication packets)
2026-09-16 23:59:11 254397 [Warning] Aborted connection 254397 to db: 'booklore' user: 'booklore' host: 'booklore.booklore_default' (Got an error reading communication packets)
2026-09-16 23:59:11 254398 [Warning] Aborted connection 254398 to db: 'booklore' user: 'booklore' host: 'booklore.booklore_default' (Got an error reading communication packets)
2026-09-17  0:00:05 254416 [Warning] Aborted connection 254416 to db: 'booklore' user: 'booklore' host: 'booklore.booklore_default' (Got an error reading communication packets)
2026-09-17  0:00:05 254413 [Warning] Aborted connection 254413 to db: 'booklore' user: 'booklore' host: 'booklore.booklore_default' (Got an error reading communication packets)
2026-09-17  0:00:05 254411 [Warning] Aborted connection 254411 to db: 'booklore' user: 'booklore' host: 'booklore.booklore_default' (Got an error reading communication packets)
2026-09-17  0:00:05 254412 [Warning] Aborted connection 254412 to db: 'booklore' user: 'booklore' host: 'booklore.booklore_default' (Got an error reading communication packets)
2026-09-17  0:00:05 254414 [Warning] Aborted connection 254414 to db: 'booklore' user: 'booklore' host: 'booklore.booklore_default' (Got an error reading communication packets)
2026-09-17  0:00:05 254415 [Warning] Aborted connection 254415 to db: 'booklore' user: 'booklore' host: 'booklore.booklore_default' (Got an error reading communication packets)
2026-09-17  0:04:56 0 [Note] /usr/bin/mariadbd (initiated by: unknown): Normal shutdown
2026-09-17  0:04:56 0 [Note] InnoDB: FTS optimize thread exiting.
2026-09-17  0:04:56 0 [Note] InnoDB: Starting shutdown...
2026-09-17  0:04:56 0 [Note] InnoDB: Dumping buffer pool(s) to /config/databases/ib_buffer_pool
2026-09-17  0:04:56 0 [Note] InnoDB: Buffer pool(s) dump completed at 260917  0:04:56
2026-09-17  0:04:57 0 [Note] InnoDB: Removed temporary tablespace data file: "./ibtmp1"
2026-09-17  0:04:57 0 [Note] InnoDB: Shutdown completed; log sequence number 37031726; transaction id 19177
2026-09-17  0:04:57 0 [Note] /usr/bin/mariadbd: Shutdown complete
260917 00:04:57 mysqld_safe mysqld from pid file /run/mysqld/mysqld.pid ended
260917 00:05:07 mysqld_safe Starting mariadbd daemon with databases from /config/databases
2026-09-17  0:05:08 0 [Note] Starting MariaDB 11.4.5-MariaDB-log source revision 0771110266ff5c04216af4bf1243c65f8c67ccf4 server_uid 3zzd/jEepCdlS+juUyHQ+4EnIqM= as process 421
2026-09-17  0:05:08 0 [Note] InnoDB: Compressed tables use zlib 1.3.1
2026-09-17  0:05:08 0 [Note] InnoDB: Number of transaction pools: 1
2026-09-17  0:05:08 0 [Note] InnoDB: Using ARMv8 crc32 + pmull instructions
2026-09-17  0:05:08 0 [Note] InnoDB: Using Linux native AIO
2026-09-17  0:05:08 0 [Note] InnoDB: Initializing buffer pool, total size = 256.000MiB, chunk size = 4.000MiB
2026-09-17  0:05:08 0 [Note] InnoDB: Completed initialization of buffer pool
2026-09-17  0:05:08 0 [Note] InnoDB: File system buffers for log disabled (block size=512 bytes)
2026-09-17  0:05:08 0 [Note] InnoDB: End of log at LSN=37031726
2026-09-17  0:05:08 0 [Note] InnoDB: Opened 3 undo tablespaces
2026-09-17  0:05:08 0 [Note] InnoDB: 128 rollback segments in 3 undo tablespaces are active.
2026-09-17  0:05:08 0 [Note] InnoDB: Setting file './ibtmp1' size to 12.000MiB. Physically writing the file full; Please wait ...
2026-09-17  0:05:08 0 [Note] InnoDB: File './ibtmp1' size is now 12.000MiB.
2026-09-17  0:05:08 0 [Note] InnoDB: log sequence number 37031726; transaction id 19178
2026-09-17  0:05:08 0 [Note] InnoDB: Loading buffer pool(s) from /config/databases/ib_buffer_pool
2026-09-17  0:05:08 0 [Note] Plugin 'FEEDBACK' is disabled.
2026-09-17  0:05:08 0 [Note] Plugin 'wsrep-provider' is disabled.
2026-09-17  0:05:09 0 [Note] Binary log 'mariadb-bin.000001' is not purged because less than 'slave_connections_needed_for_purge' slaves have processed it
2026-09-17  0:05:09 0 [Note] InnoDB: Buffer pool(s) load completed at 260917  0:05:09
2026-09-17  0:05:16 0 [Note] Server socket created on IP: '0.0.0.0'.
2026-09-17  0:05:16 0 [Note] Server socket created on IP: '::'.
2026-09-17  0:05:16 0 [Note] mariadbd: Event Scheduler: Loaded 0 events
2026-09-17  0:05:16 0 [Note] /usr/bin/mariadbd: ready for connections.
Version: '11.4.5-MariaDB-log'  socket: '/run/mysqld/mysqld.sock'  port: 3306  Alpine Linux
2026-09-17  0:05:17 4 [Warning] Aborted connection 4 to db: 'unconnected' user: 'unauthenticated' host: 'localhost' (This connection closed normally without authentication)
2026-09-17  0:05:17 6 [Warning] Access denied for user 'root'@'localhost' (using password: YES)
2026-09-17  0:07:26 0 [Note] /usr/bin/mariadbd (initiated by: unknown): Normal shutdown
2026-09-17  0:07:26 0 [Note] InnoDB: FTS optimize thread exiting.
2026-09-17  0:07:26 0 [Note] InnoDB: Starting shutdown...
2026-09-17  0:07:26 0 [Note] InnoDB: Dumping buffer pool(s) to /config/databases/ib_buffer_pool
2026-09-17  0:07:26 0 [Note] InnoDB: Buffer pool(s) dump completed at 260917  0:07:26
2026-09-17  0:07:26 0 [Note] InnoDB: Removed temporary tablespace data file: "./ibtmp1"
2026-09-17  0:07:26 0 [Note] InnoDB: Shutdown completed; log sequence number 37031726; transaction id 19185
2026-09-17  0:07:26 0 [Note] /usr/bin/mariadbd: Shutdown complete
260917 00:07:26 mysqld_safe mysqld from pid file /run/mysqld/mysqld.pid ended
260917 00:08:07 mysqld_safe Starting mariadbd daemon with databases from /config/databases
2026-09-17  0:08:08 0 [Note] Starting MariaDB 11.4.5-MariaDB-log source revision 0771110266ff5c04216af4bf1243c65f8c67ccf4 server_uid r/Vq+3z95TxTz5MnEHL/yKXSnS0= as process 427
2026-09-17  0:08:08 0 [Note] InnoDB: Compressed tables use zlib 1.3.1
2026-09-17  0:08:08 0 [Note] InnoDB: Number of transaction pools: 1
2026-09-17  0:08:08 0 [Note] InnoDB: Using ARMv8 crc32 + pmull instructions
2026-09-17  0:08:08 0 [Note] InnoDB: Using Linux native AIO
2026-09-17  0:08:08 0 [Note] InnoDB: Initializing buffer pool, total size = 256.000MiB, chunk size = 4.000MiB
2026-09-17  0:08:08 0 [Note] InnoDB: Completed initialization of buffer pool
2026-09-17  0:08:08 0 [Note] InnoDB: File system buffers for log disabled (block size=512 bytes)
2026-09-17  0:08:08 0 [Note] InnoDB: End of log at LSN=37031726
2026-09-17  0:08:09 0 [Note] InnoDB: Opened 3 undo tablespaces
2026-09-17  0:08:09 0 [Note] InnoDB: 128 rollback segments in 3 undo tablespaces are active.
2026-09-17  0:08:09 0 [Note] InnoDB: Setting file './ibtmp1' size to 12.000MiB. Physically writing the file full; Please wait ...
2026-09-17  0:08:09 0 [Note] InnoDB: File './ibtmp1' size is now 12.000MiB.
2026-09-17  0:08:09 0 [Note] InnoDB: log sequence number 37031726; transaction id 19178
2026-09-17  0:08:09 0 [Note] InnoDB: Loading buffer pool(s) from /config/databases/ib_buffer_pool
2026-09-17  0:08:09 0 [Note] Plugin 'FEEDBACK' is disabled.
2026-09-17  0:08:09 0 [Note] Plugin 'wsrep-provider' is disabled.
2026-09-17  0:08:09 0 [Note] Binary log 'mariadb-bin.000001' is not purged because less than 'slave_connections_needed_for_purge' slaves have processed it
2026-09-17  0:08:09 0 [Note] InnoDB: Buffer pool(s) load completed at 260917  0:08:09
2026-09-17  0:08:10 0 [Note] Server socket created on IP: '0.0.0.0'.
2026-09-17  0:08:10 0 [Note] Server socket created on IP: '::'.
2026-09-17  0:08:10 0 [Note] mariadbd: Event Scheduler: Loaded 0 events
2026-09-17  0:08:10 0 [Note] /usr/bin/mariadbd: ready for connections.
Version: '11.4.5-MariaDB-log'  socket: '/run/mysqld/mysqld.sock'  port: 3306  Alpine Linux
2026-09-17  0:08:10 5 [Warning] Aborted connection 5 to db: 'unconnected' user: 'unauthenticated' host: 'localhost' (This connection closed normally without authentication)
2026-09-17  0:08:11 7 [Warning] Access denied for user 'root'@'localhost' (using password: YES)
2026-09-29 15:31:12 0 [Note] /usr/bin/mariadbd (initiated by: unknown): Normal shutdown
2026-09-29 15:31:12 0 [Note] InnoDB: FTS optimize thread exiting.
2026-09-29 15:31:12 0 [Note] InnoDB: Starting shutdown...
2026-09-29 15:31:12 0 [Note] InnoDB: Dumping buffer pool(s) to /config/databases/ib_buffer_pool
2026-09-29 15:31:12 0 [Note] InnoDB: Buffer pool(s) dump completed at 260929 15:31:12
2026-09-29 15:31:13 0 [Note] InnoDB: Removed temporary tablespace data file: "./ibtmp1"
2026-09-29 15:31:13 0 [Note] InnoDB: Shutdown completed; log sequence number 41610745; transaction id 21938
2026-09-29 15:31:13 0 [Note] /usr/bin/mariadbd: Shutdown complete
260929 15:31:13 mysqld_safe mysqld from pid file /run/mysqld/mysqld.pid ended
260929 15:31:21 mysqld_safe Starting mariadbd daemon with databases from /config/databases
2026-09-29 15:31:21 0 [Note] Starting MariaDB 11.4.5-MariaDB-log source revision 0771110266ff5c04216af4bf1243c65f8c67ccf4 server_uid QZ7T8W6Hbt/EB5nxg9ftr5/CJuM= as process 424
2026-09-29 15:31:21 0 [Note] InnoDB: Compressed tables use zlib 1.3.1
2026-09-29 15:31:21 0 [Note] InnoDB: Number of transaction pools: 1
2026-09-29 15:31:21 0 [Note] InnoDB: Using ARMv8 crc32 + pmull instructions
2026-09-29 15:31:22 0 [Note] InnoDB: Using Linux native AIO
2026-09-29 15:31:22 0 [Note] InnoDB: Initializing buffer pool, total size = 256.000MiB, chunk size = 4.000MiB
2026-09-29 15:31:22 0 [Note] InnoDB: Completed initialization of buffer pool
2026-09-29 15:31:22 0 [Note] InnoDB: File system buffers for log disabled (block size=512 bytes)
2026-09-29 15:31:22 0 [Note] InnoDB: End of log at LSN=41610745
2026-09-29 15:31:22 0 [Note] InnoDB: Opened 3 undo tablespaces
2026-09-29 15:31:22 0 [Note] InnoDB: 128 rollback segments in 3 undo tablespaces are active.
2026-09-29 15:31:22 0 [Note] InnoDB: Setting file './ibtmp1' size to 12.000MiB. Physically writing the file full; Please wait ...
2026-09-29 15:31:22 0 [Note] InnoDB: File './ibtmp1' size is now 12.000MiB.
2026-09-29 15:31:22 0 [Note] InnoDB: log sequence number 41610745; transaction id 21939
2026-09-29 15:31:22 0 [Note] InnoDB: Loading buffer pool(s) from /config/databases/ib_buffer_pool
2026-09-29 15:31:22 0 [Note] Plugin 'FEEDBACK' is disabled.
2026-09-29 15:31:22 0 [Note] Plugin 'wsrep-provider' is disabled.
2026-09-29 15:31:22 0 [Note] Binary log 'mariadb-bin.000001' is not purged because less than 'slave_connections_needed_for_purge' slaves have processed it
2026-09-29 15:31:22 0 [Note] InnoDB: Buffer pool(s) load completed at 260929 15:31:22
2026-09-29 15:31:23 0 [Note] Server socket created on IP: '0.0.0.0'.
2026-09-29 15:31:23 0 [Note] Server socket created on IP: '::'.
2026-09-29 15:31:23 0 [Note] mariadbd: Event Scheduler: Loaded 0 events
2026-09-29 15:31:23 0 [Note] /usr/bin/mariadbd: ready for connections.
Version: '11.4.5-MariaDB-log'  socket: '/run/mysqld/mysqld.sock'  port: 3306  Alpine Linux
2026-09-29 15:31:24 4 [Warning] Aborted connection 4 to db: 'unconnected' user: 'unauthenticated' host: 'localhost' (This connection closed normally without authentication)
2026-09-29 15:31:24 6 [Warning] Access denied for user 'root'@'localhost' (using password: YES)
2026-09-29 18:11:30 0 [Note] /usr/bin/mariadbd (initiated by: unknown): Normal shutdown
2026-09-29 18:11:30 0 [Note] InnoDB: FTS optimize thread exiting.
2026-09-29 18:11:31 0 [Note] InnoDB: Starting shutdown...
2026-09-29 18:11:31 0 [Note] InnoDB: Dumping buffer pool(s) to /config/databases/ib_buffer_pool
2026-09-29 18:11:31 0 [Note] InnoDB: Buffer pool(s) dump completed at 260929 18:11:31
2026-09-29 18:11:31 0 [Note] InnoDB: Removed temporary tablespace data file: "./ibtmp1"
2026-09-29 18:11:31 0 [Note] InnoDB: Shutdown completed; log sequence number 41637960; transaction id 22046
2026-09-29 18:11:31 0 [Note] /usr/bin/mariadbd: Shutdown complete
260929 18:11:31 mysqld_safe mysqld from pid file /run/mysqld/mysqld.pid ended
260929 23:13:08 mysqld_safe Starting mariadbd daemon with databases from /config/databases
2026-09-29 23:13:08 0 [Note] Starting MariaDB 11.4.5-MariaDB-log source revision 0771110266ff5c04216af4bf1243c65f8c67ccf4 server_uid lZ2ZZHGiEd42qnZsnU4xEnm81NQ= as process 424
2026-09-29 23:13:08 0 [Note] InnoDB: Compressed tables use zlib 1.3.1
2026-09-29 23:13:08 0 [Note] InnoDB: Number of transaction pools: 1
2026-09-29 23:13:08 0 [Note] InnoDB: Using ARMv8 crc32 + pmull instructions
2026-09-29 23:13:08 0 [Note] InnoDB: Using Linux native AIO
2026-09-29 23:13:08 0 [Note] InnoDB: Initializing buffer pool, total size = 256.000MiB, chunk size = 4.000MiB
2026-09-29 23:13:08 0 [Note] InnoDB: Completed initialization of buffer pool
2026-09-29 23:13:08 0 [Note] InnoDB: File system buffers for log disabled (block size=512 bytes)
2026-09-29 23:13:08 0 [Note] InnoDB: End of log at LSN=41637960
2026-09-29 23:13:09 0 [Note] InnoDB: Opened 3 undo tablespaces
2026-09-29 23:13:09 0 [Note] InnoDB: 128 rollback segments in 3 undo tablespaces are active.
2026-09-29 23:13:09 0 [Note] InnoDB: Setting file './ibtmp1' size to 12.000MiB. Physically writing the file full; Please wait ...
2026-09-29 23:13:09 0 [Note] InnoDB: File './ibtmp1' size is now 12.000MiB.
2026-09-29 23:13:09 0 [Note] InnoDB: log sequence number 41637960; transaction id 22045
2026-09-29 23:13:09 0 [Note] InnoDB: Loading buffer pool(s) from /config/databases/ib_buffer_pool
2026-09-29 23:13:09 0 [Note] Plugin 'FEEDBACK' is disabled.
2026-09-29 23:13:09 0 [Note] Plugin 'wsrep-provider' is disabled.
2026-09-29 23:13:09 0 [Note] Binary log 'mariadb-bin.000001' is not purged because less than 'slave_connections_needed_for_purge' slaves have processed it
2026-09-29 23:13:09 0 [Note] InnoDB: Buffer pool(s) load completed at 260929 23:13:09
2026-09-29 23:13:12 0 [Note] Server socket created on IP: '0.0.0.0'.
2026-09-29 23:13:12 0 [Note] Server socket created on IP: '::'.
2026-09-29 23:13:12 0 [Note] mariadbd: Event Scheduler: Loaded 0 events
2026-09-29 23:13:12 0 [Note] /usr/bin/mariadbd: ready for connections.
Version: '11.4.5-MariaDB-log'  socket: '/run/mysqld/mysqld.sock'  port: 3306  Alpine Linux
2026-09-29 23:13:13 5 [Warning] Aborted connection 5 to db: 'unconnected' user: 'unauthenticated' host: 'localhost' (This connection closed normally without authentication)
2026-09-29 23:13:13 7 [Warning] Access denied for user 'root'@'localhost' (using password: YES)
2026-09-30  0:09:15 0 [Note] /usr/bin/mariadbd (initiated by: unknown): Normal shutdown
2026-09-30  0:09:15 0 [Note] InnoDB: FTS optimize thread exiting.
2026-09-30  0:09:15 0 [Note] InnoDB: Starting shutdown...
2026-09-30  0:09:15 0 [Note] InnoDB: Dumping buffer pool(s) to /config/databases/ib_buffer_pool
2026-09-30  0:09:15 0 [Note] InnoDB: Buffer pool(s) dump completed at 260930  0:09:15
2026-09-30  0:09:16 0 [Note] InnoDB: Removed temporary tablespace data file: "./ibtmp1"
2026-09-30  0:09:16 0 [Note] InnoDB: Shutdown completed; log sequence number 41737536; transaction id 22174
2026-09-30  0:09:16 0 [Note] /usr/bin/mariadbd: Shutdown complete
260930 00:09:16 mysqld_safe mysqld from pid file /run/mysqld/mysqld.pid ended
260930 00:09:33 mysqld_safe Starting mariadbd daemon with databases from /config/databases
2026-09-30  0:09:33 0 [Note] Starting MariaDB 11.4.5-MariaDB-log source revision 0771110266ff5c04216af4bf1243c65f8c67ccf4 server_uid HaFkROk5ayd/faD0nLa2R4O+dwU= as process 424
2026-09-30  0:09:33 0 [Note] InnoDB: Compressed tables use zlib 1.3.1
2026-09-30  0:09:33 0 [Note] InnoDB: Number of transaction pools: 1
2026-09-30  0:09:33 0 [Note] InnoDB: Using ARMv8 crc32 + pmull instructions
2026-09-30  0:09:33 0 [Note] InnoDB: Using Linux native AIO
2026-09-30  0:09:33 0 [Note] InnoDB: Initializing buffer pool, total size = 256.000MiB, chunk size = 4.000MiB
2026-09-30  0:09:33 0 [Note] InnoDB: Completed initialization of buffer pool
2026-09-30  0:09:33 0 [Note] InnoDB: File system buffers for log disabled (block size=512 bytes)
2026-09-30  0:09:33 0 [Note] InnoDB: End of log at LSN=41737536
2026-09-30  0:09:33 0 [Note] InnoDB: Opened 3 undo tablespaces
2026-09-30  0:09:33 0 [Note] InnoDB: 128 rollback segments in 3 undo tablespaces are active.
2026-09-30  0:09:33 0 [Note] InnoDB: Setting file './ibtmp1' size to 12.000MiB. Physically writing the file full; Please wait ...
2026-09-30  0:09:33 0 [Note] InnoDB: File './ibtmp1' size is now 12.000MiB.
2026-09-30  0:09:33 0 [Note] InnoDB: log sequence number 41737536; transaction id 22175
2026-09-30  0:09:33 0 [Note] InnoDB: Loading buffer pool(s) from /config/databases/ib_buffer_pool
2026-09-30  0:09:33 0 [Note] Plugin 'FEEDBACK' is disabled.
2026-09-30  0:09:33 0 [Note] Plugin 'wsrep-provider' is disabled.
2026-09-30  0:09:33 0 [Note] Binary log 'mariadb-bin.000001' is not purged because less than 'slave_connections_needed_for_purge' slaves have processed it
2026-09-30  0:09:33 0 [Note] InnoDB: Buffer pool(s) load completed at 260930  0:09:33
2026-09-30  0:09:36 0 [Note] Server socket created on IP: '0.0.0.0'.
2026-09-30  0:09:36 0 [Note] Server socket created on IP: '::'.
2026-09-30  0:09:36 0 [Note] mariadbd: Event Scheduler: Loaded 0 events
2026-09-30  0:09:36 0 [Note] /usr/bin/mariadbd: ready for connections.
Version: '11.4.5-MariaDB-log'  socket: '/run/mysqld/mysqld.sock'  port: 3306  Alpine Linux
2026-09-30  0:09:37 4 [Warning] Aborted connection 4 to db: 'unconnected' user: 'unauthenticated' host: 'localhost' (This connection closed normally without authentication)
2026-09-30  0:09:37 6 [Warning] Access denied for user 'root'@'localhost' (using password: YES)
2026-09-30 10:52:44 0 [Note] /usr/bin/mariadbd (initiated by: unknown): Normal shutdown
2026-09-30 10:52:44 0 [Note] InnoDB: FTS optimize thread exiting.
2026-09-30 10:52:44 0 [Note] InnoDB: Starting shutdown...
2026-09-30 10:52:44 0 [Note] InnoDB: Dumping buffer pool(s) to /config/databases/ib_buffer_pool
2026-09-30 10:52:44 0 [Note] InnoDB: Buffer pool(s) dump completed at 260930 10:52:44
2026-09-30 10:52:45 0 [Note] InnoDB: Removed temporary tablespace data file: "./ibtmp1"
2026-09-30 10:52:45 0 [Note] InnoDB: Shutdown completed; log sequence number 47263451; transaction id 23939
2026-09-30 10:52:46 0 [Note] /usr/bin/mariadbd: Shutdown complete
260930 10:52:46 mysqld_safe mysqld from pid file /run/mysqld/mysqld.pid ended
260930 10:52:50 mysqld_safe Starting mariadbd daemon with databases from /config/databases
2026-09-30 10:52:50 0 [Note] Starting MariaDB 11.4.5-MariaDB-log source revision 0771110266ff5c04216af4bf1243c65f8c67ccf4 server_uid gse9j96d/UQd8h0/3McYSyWeXEM= as process 424
2026-09-30 10:52:50 0 [Note] InnoDB: Compressed tables use zlib 1.3.1
2026-09-30 10:52:50 0 [Note] InnoDB: Number of transaction pools: 1
2026-09-30 10:52:50 0 [Note] InnoDB: Using ARMv8 crc32 + pmull instructions
2026-09-30 10:52:50 0 [Note] InnoDB: Using Linux native AIO
2026-09-30 10:52:50 0 [Note] InnoDB: Initializing buffer pool, total size = 256.000MiB, chunk size = 4.000MiB
2026-09-30 10:52:50 0 [Note] InnoDB: Completed initialization of buffer pool
2026-09-30 10:52:50 0 [Note] InnoDB: File system buffers for log disabled (block size=512 bytes)
2026-09-30 10:52:51 0 [Note] InnoDB: End of log at LSN=47263451
2026-09-30 10:52:51 0 [Note] InnoDB: Opened 3 undo tablespaces
2026-09-30 10:52:51 0 [Note] InnoDB: 128 rollback segments in 3 undo tablespaces are active.
2026-09-30 10:52:51 0 [Note] InnoDB: Setting file './ibtmp1' size to 12.000MiB. Physically writing the file full; Please wait ...
2026-09-30 10:52:51 0 [Note] InnoDB: File './ibtmp1' size is now 12.000MiB.
2026-09-30 10:52:51 0 [Note] InnoDB: log sequence number 47263451; transaction id 23940
2026-09-30 10:52:51 0 [Note] InnoDB: Loading buffer pool(s) from /config/databases/ib_buffer_pool
2026-09-30 10:52:51 0 [Note] Plugin 'FEEDBACK' is disabled.
2026-09-30 10:52:51 0 [Note] Plugin 'wsrep-provider' is disabled.
2026-09-30 10:52:51 0 [Note] Binary log 'mariadb-bin.000001' is not purged because less than 'slave_connections_needed_for_purge' slaves have processed it
2026-09-30 10:52:51 0 [Note] InnoDB: Buffer pool(s) load completed at 260930 10:52:51
2026-09-30 10:52:52 0 [Note] Server socket created on IP: '0.0.0.0'.
2026-09-30 10:52:52 0 [Note] Server socket created on IP: '::'.
2026-09-30 10:52:52 0 [Note] mariadbd: Event Scheduler: Loaded 0 events
2026-09-30 10:52:52 0 [Note] /usr/bin/mariadbd: ready for connections.
Version: '11.4.5-MariaDB-log'  socket: '/run/mysqld/mysqld.sock'  port: 3306  Alpine Linux
2026-09-30 10:52:52 4 [Warning] Aborted connection 4 to db: 'unconnected' user: 'unauthenticated' host: 'localhost' (This connection closed normally without authentication)
2026-09-30 10:52:52 6 [Warning] Access denied for user 'root'@'localhost' (using password: YES)
2026-09-30 11:11:36 0 [Note] /usr/bin/mariadbd (initiated by: unknown): Normal shutdown
2026-09-30 11:11:36 0 [Note] InnoDB: FTS optimize thread exiting.
2026-09-30 11:11:36 0 [Note] InnoDB: Starting shutdown...
2026-09-30 11:11:36 0 [Note] InnoDB: Dumping buffer pool(s) to /config/databases/ib_buffer_pool
2026-09-30 11:11:36 0 [Note] InnoDB: Buffer pool(s) dump completed at 260930 11:11:36
2026-09-30 11:11:37 0 [Note] InnoDB: Removed temporary tablespace data file: "./ibtmp1"
2026-09-30 11:11:37 0 [Note] InnoDB: Shutdown completed; log sequence number 47282417; transaction id 23989
2026-09-30 11:11:37 0 [Note] /usr/bin/mariadbd: Shutdown complete
260930 11:11:37 mysqld_safe mysqld from pid file /run/mysqld/mysqld.pid ended
260930 11:11:42 mysqld_safe Starting mariadbd daemon with databases from /config/databases
2026-09-30 11:11:42 0 [Note] Starting MariaDB 11.4.5-MariaDB-log source revision 0771110266ff5c04216af4bf1243c65f8c67ccf4 server_uid 5wU3ak2JHUj2qc+6INWh64BuPPg= as process 424
2026-09-30 11:11:42 0 [Note] InnoDB: Compressed tables use zlib 1.3.1
2026-09-30 11:11:42 0 [Note] InnoDB: Number of transaction pools: 1
2026-09-30 11:11:42 0 [Note] InnoDB: Using ARMv8 crc32 + pmull instructions
2026-09-30 11:11:42 0 [Note] InnoDB: Using Linux native AIO
2026-09-30 11:11:42 0 [Note] InnoDB: Initializing buffer pool, total size = 256.000MiB, chunk size = 4.000MiB
2026-09-30 11:11:42 0 [Note] InnoDB: Completed initialization of buffer pool
2026-09-30 11:11:42 0 [Note] InnoDB: File system buffers for log disabled (block size=512 bytes)
2026-09-30 11:11:42 0 [Note] InnoDB: End of log at LSN=47282417
2026-09-30 11:11:42 0 [Note] InnoDB: Opened 3 undo tablespaces
2026-09-30 11:11:42 0 [Note] InnoDB: 128 rollback segments in 3 undo tablespaces are active.
2026-09-30 11:11:42 0 [Note] InnoDB: Setting file './ibtmp1' size to 12.000MiB. Physically writing the file full; Please wait ...
2026-09-30 11:11:42 0 [Note] InnoDB: File './ibtmp1' size is now 12.000MiB.
2026-09-30 11:11:42 0 [Note] InnoDB: log sequence number 47282417; transaction id 23990
2026-09-30 11:11:42 0 [Note] InnoDB: Loading buffer pool(s) from /config/databases/ib_buffer_pool
2026-09-30 11:11:42 0 [Note] Plugin 'FEEDBACK' is disabled.
2026-09-30 11:11:42 0 [Note] Plugin 'wsrep-provider' is disabled.
2026-09-30 11:11:42 0 [Note] Binary log 'mariadb-bin.000001' is not purged because less than 'slave_connections_needed_for_purge' slaves have processed it
2026-09-30 11:11:42 0 [Note] InnoDB: Buffer pool(s) load completed at 260930 11:11:42
2026-09-30 11:11:44 0 [Note] Server socket created on IP: '0.0.0.0'.
2026-09-30 11:11:44 0 [Note] Server socket created on IP: '::'.
2026-09-30 11:11:44 0 [Note] mariadbd: Event Scheduler: Loaded 0 events
2026-09-30 11:11:44 0 [Note] /usr/bin/mariadbd: ready for connections.
Version: '11.4.5-MariaDB-log'  socket: '/run/mysqld/mysqld.sock'  port: 3306  Alpine Linux
2026-09-30 11:11:44 4 [Warning] Aborted connection 4 to db: 'unconnected' user: 'unauthenticated' host: 'localhost' (This connection closed normally without authentication)
2026-09-30 11:11:45 6 [Warning] Access denied for user 'root'@'localhost' (using password: YES)
2026-10-01 18:34:06 0 [Note] /usr/bin/mariadbd (initiated by: unknown): Normal shutdown
2026-10-01 18:34:06 0 [Note] InnoDB: FTS optimize thread exiting.
2026-10-01 18:34:06 0 [Note] InnoDB: Starting shutdown...
2026-10-01 18:34:06 0 [Note] InnoDB: Dumping buffer pool(s) to /config/databases/ib_buffer_pool
2026-10-01 18:34:06 0 [Note] InnoDB: Buffer pool(s) dump completed at 261001 18:34:06
2026-10-01 18:34:07 0 [Note] InnoDB: Removed temporary tablespace data file: "./ibtmp1"
2026-10-01 18:34:07 0 [Note] InnoDB: Shutdown completed; log sequence number 51598419; transaction id 25735
2026-10-01 18:34:07 0 [Note] /usr/bin/mariadbd: Shutdown complete
261001 18:34:07 mysqld_safe mysqld from pid file /run/mysqld/mysqld.pid ended
261001 18:34:11 mysqld_safe Starting mariadbd daemon with databases from /config/databases
2026-10-01 18:34:11 0 [Note] Starting MariaDB 11.4.5-MariaDB-log source revision 0771110266ff5c04216af4bf1243c65f8c67ccf4 server_uid /lke7e+lEEf7H4ON2JcIaVXMScQ= as process 424
2026-10-01 18:34:11 0 [Note] InnoDB: Compressed tables use zlib 1.3.1
2026-10-01 18:34:11 0 [Note] InnoDB: Number of transaction pools: 1
2026-10-01 18:34:11 0 [Note] InnoDB: Using ARMv8 crc32 + pmull instructions
2026-10-01 18:34:12 0 [Note] InnoDB: Using Linux native AIO
2026-10-01 18:34:12 0 [Note] InnoDB: Initializing buffer pool, total size = 256.000MiB, chunk size = 4.000MiB
2026-10-01 18:34:12 0 [Note] InnoDB: Completed initialization of buffer pool
2026-10-01 18:34:12 0 [Note] InnoDB: File system buffers for log disabled (block size=512 bytes)
2026-10-01 18:34:12 0 [Note] InnoDB: End of log at LSN=51598419
2026-10-01 18:34:12 0 [Note] InnoDB: Opened 3 undo tablespaces
2026-10-01 18:34:12 0 [Note] InnoDB: 128 rollback segments in 3 undo tablespaces are active.
2026-10-01 18:34:12 0 [Note] InnoDB: Setting file './ibtmp1' size to 12.000MiB. Physically writing the file full; Please wait ...
2026-10-01 18:34:12 0 [Note] InnoDB: File './ibtmp1' size is now 12.000MiB.
2026-10-01 18:34:12 0 [Note] InnoDB: log sequence number 51598419; transaction id 25736
2026-10-01 18:34:12 0 [Note] InnoDB: Loading buffer pool(s) from /config/databases/ib_buffer_pool
2026-10-01 18:34:12 0 [Note] Plugin 'FEEDBACK' is disabled.
2026-10-01 18:34:12 0 [Note] Plugin 'wsrep-provider' is disabled.
2026-10-01 18:34:12 0 [Note] Binary log 'mariadb-bin.000001' is not purged because less than 'slave_connections_needed_for_purge' slaves have processed it
2026-10-01 18:34:12 0 [Note] InnoDB: Buffer pool(s) load completed at 261001 18:34:12
2026-10-01 18:34:13 0 [Note] Server socket created on IP: '0.0.0.0'.
2026-10-01 18:34:13 0 [Note] Server socket created on IP: '::'.
2026-10-01 18:34:13 0 [Note] mariadbd: Event Scheduler: Loaded 0 events
2026-10-01 18:34:13 0 [Note] /usr/bin/mariadbd: ready for connections.
Version: '11.4.5-MariaDB-log'  socket: '/run/mysqld/mysqld.sock'  port: 3306  Alpine Linux
2026-10-01 18:34:14 4 [Warning] Aborted connection 4 to db: 'unconnected' user: 'unauthenticated' host: 'localhost' (This connection closed normally without authentication)
2026-10-01 18:34:14 6 [Warning] Access denied for user 'root'@'localhost' (using password: YES)
